INFO:     Will watch for changes in these directories: ['c:\\Users\\lanio\\Coding\\VMWare Project']
INFO:     Uvicorn running on http://0.0.0.0:8000 (Press CTRL+C to quit)
INFO:     Started reloader process [4264] using StatReload
INFO:routers.notifications:notifications: loaded 0 persisted alert states
INFO:apscheduler.scheduler:Adding job tentatively -- it will be properly scheduled when the scheduler starts
INFO:apscheduler.scheduler:Adding job tentatively -- it will be properly scheduled when the scheduler starts
INFO:apscheduler.scheduler:Adding job tentatively -- it will be properly scheduled when the scheduler starts
INFO:apscheduler.scheduler:Adding job tentatively -- it will be properly scheduled when the scheduler starts
INFO:apscheduler.scheduler:Adding job tentatively -- it will be properly scheduled when the scheduler starts
INFO:apscheduler.scheduler:Adding job tentatively -- it will be properly scheduled when the scheduler starts
INFO:apscheduler.scheduler:Adding job tentatively -- it will be properly scheduled when the scheduler starts
INFO:apscheduler.scheduler:Adding job tentatively -- it will be properly scheduled when the scheduler starts
INFO:apscheduler.scheduler:Adding job tentatively -- it will be properly scheduled when the scheduler starts
INFO:apscheduler.scheduler:Adding job tentatively -- it will be properly scheduled when the scheduler starts
INFO:apscheduler.scheduler:Adding job tentatively -- it will be properly scheduled when the scheduler starts
INFO:apscheduler.scheduler:Adding job tentatively -- it will be properly scheduled when the scheduler starts
INFO:apscheduler.scheduler:Adding job tentatively -- it will be properly scheduled when the scheduler starts
INFO:apscheduler.scheduler:Adding job tentatively -- it will be properly scheduled when the scheduler starts
INFO:apscheduler.scheduler:Adding job tentatively -- it will be properly scheduled when the scheduler starts
INFO:apscheduler.scheduler:Adding job tentatively -- it will be properly scheduled when the scheduler starts
INFO:apscheduler.scheduler:Adding job tentatively -- it will be properly scheduled when the scheduler starts
INFO:apscheduler.scheduler:Adding job tentatively -- it will be properly scheduled when the scheduler starts
INFO:apscheduler.scheduler:Adding job tentatively -- it will be properly scheduled when the scheduler starts
INFO:apscheduler.scheduler:Adding job tentatively -- it will be properly scheduled when the scheduler starts
INFO:apscheduler.scheduler:Adding job tentatively -- it will be properly scheduled when the scheduler starts
INFO:apscheduler.scheduler:Adding job tentatively -- it will be properly scheduled when the scheduler starts
INFO:apscheduler.scheduler:Adding job tentatively -- it will be properly scheduled when the scheduler starts
INFO:apscheduler.scheduler:Adding job tentatively -- it will be properly scheduled when the scheduler starts
INFO:apscheduler.scheduler:Adding job tentatively -- it will be properly scheduled when the scheduler starts
INFO:apscheduler.scheduler:Added job "job_basic_vms" to job store "default"
INFO:apscheduler.scheduler:Added job "job_basic_hosts" to job store "default"
INFO:apscheduler.scheduler:Added job "job_detailed_vms" to job store "default"
INFO:apscheduler.scheduler:Added job "job_disk_snapshots" to job store "default"
INFO:apscheduler.scheduler:Added job "job_untagged_vms" to job store "default"
INFO:apscheduler.scheduler:Added job "job_detailed_hosts" to job store "default"
INFO:apscheduler.scheduler:Added job "job_opmanager_alerts" to job store "default"
INFO:apscheduler.scheduler:Added job "job_opmanager_devices" to job store "default"
INFO:apscheduler.scheduler:Added job "job_jira_prefetch" to job store "default"
INFO:apscheduler.scheduler:Added job "job_ad_summary" to job store "default"
INFO:apscheduler.scheduler:Added job "job_ad_reports" to job store "default"
INFO:apscheduler.scheduler:Added job "job_ad_gpo_analysis" to job store "default"
INFO:apscheduler.scheduler:Added job "job_cert_summary" to job store "default"
INFO:apscheduler.scheduler:Added job "job_cert_expiring" to job store "default"
INFO:apscheduler.scheduler:Added job "job_cert_dc_certs" to job store "default"
INFO:apscheduler.scheduler:Added job "job_citrix_summary" to job store "default"
INFO:apscheduler.scheduler:Added job "job_citrix_power_unknown_check" to job store "default"
INFO:apscheduler.scheduler:Added job "job_lansweeper_summary" to job store "default"
INFO:apscheduler.scheduler:Added job "job_lansweeper_patch" to job store "default"
INFO:apscheduler.scheduler:Added job "job_lansweeper_assets" to job store "default"
INFO:apscheduler.scheduler:Added job "job_meraki_refresh" to job store "default"
INFO:apscheduler.scheduler:Added job "job_ai_analysis" to job store "default"
INFO:apscheduler.scheduler:Added job "job_jira_intelligence" to job store "default"
INFO:apscheduler.scheduler:Added job "job_findings" to job store "default"
INFO:apscheduler.scheduler:Added job "job_entra_refresh" to job store "default"
INFO:apscheduler.scheduler:Scheduler started
INFO:routers.scheduler:Scheduler started. All background jobs active.
INFO:apscheduler.executors.default:Running job "job_jira_prefetch (trigger: interval[0:30:00], next run at: 2026-05-11 16:47:22 CDT)" (scheduled at 2026-05-11 16:47:22.493558-05:00)
INFO:apscheduler.executors.default:Running job "job_citrix_summary (trigger: interval[1:00:00], next run at: 2026-05-11 16:47:22 CDT)" (scheduled at 2026-05-11 16:47:22.493978-05:00)
INFO:routers.scheduler:Scheduler: Refreshing Citrix summary...
INFO:apscheduler.executors.default:Running job "job_lansweeper_summary (trigger: interval[6:00:00], next run at: 2026-05-11 16:47:22 CDT)" (scheduled at 2026-05-11 16:47:22.494074-05:00)
INFO:routers.scheduler:Scheduler: Refreshing Lansweeper asset summary...
INFO:apscheduler.executors.default:Running job "job_lansweeper_patch (trigger: interval[6:00:00], next run at: 2026-05-11 16:47:22 CDT)" (scheduled at 2026-05-11 16:47:22.494120-05:00)
INFO:routers.scheduler:Scheduler: Refreshing Lansweeper patch status...
INFO:apscheduler.executors.default:Running job "job_lansweeper_assets (trigger: interval[6:00:00], next run at: 2026-05-11 16:47:22 CDT)" (scheduled at 2026-05-11 16:47:22.494167-05:00)
INFO:routers.scheduler:Scheduler: Refreshing Lansweeper asset list...
INFO:apscheduler.executors.default:Running job "job_meraki_refresh (trigger: interval[0:15:00], next run at: 2026-05-11 16:47:22 CDT)" (scheduled at 2026-05-11 16:47:22.494213-05:00)
INFO:routers.scheduler:Scheduler: Refreshing Meraki data...
INFO:routers.meraki:Meraki refresh: starting...
INFO:apscheduler.executors.default:Running job "job_findings (trigger: interval[0:15:00], next run at: 2026-05-11 17:02:22 CDT)" (scheduled at 2026-05-11 16:47:22.494404-05:00)
INFO:     Started server process [12800]
INFO:     Waiting for application startup.
INFO:     Application startup complete.
INFO:routers.findings:findings: refreshed — 29 total
INFO:routers.scheduler:Scheduler: findings refreshed — 29 findings
INFO:apscheduler.executors.default:Job "job_findings (trigger: interval[0:15:00], next run at: 2026-05-11 17:02:22 CDT)" executed successfully
INFO:routers.jira:Jira bulk prefetch: fetched 100 tickets so far
INFO:routers.meraki:Meraki: fetched 11 networks across 2 orgs.
INFO:routers.jira:Jira bulk prefetch: fetched 200 tickets so far
INFO:routers.jira:Jira bulk prefetch: fetched 300 tickets so far
INFO:routers.jira:Jira bulk prefetch: fetched 400 tickets so far
INFO:routers.jira:Jira bulk prefetch: fetched 500 tickets so far
INFO:routers.meraki:Meraki: fetched 215 devices.
INFO:routers.jira:Jira bulk prefetch: fetched 600 tickets so far
INFO:routers.jira:Jira bulk prefetch: fetched 700 tickets so far
INFO:routers.meraki:Meraki: fetched uplinks for 19 appliances.
INFO:routers.jira:Jira bulk prefetch: fetched 800 tickets so far
INFO:routers.jira:Jira bulk prefetch: fetched 900 tickets so far
INFO:     127.0.0.1:59580 - "GET /infraportal/entra HTTP/1.1" 302 Found
INFO:     127.0.0.1:59580 - "GET /infraportal/auth/login?next=http://localhost:8000/infraportal/entra HTTP/1.1" 302 Found
INFO:routers.jira:Jira bulk prefetch: fetched 1000 tickets so far
INFO:routers.jira:Jira bulk prefetch: fetched 1100 tickets so far
INFO:routers.jira:Jira bulk prefetch: fetched 1200 tickets so far
INFO:routers.jira:Jira bulk prefetch: fetched 1300 tickets so far
INFO:routers.jira:Jira bulk prefetch: fetched 1387 tickets so far
INFO:routers.jira:Jira bulk prefetch: 1387 tickets indexed, 2244 words
INFO:routers.scheduler:Scheduler: Jira prefetch complete. 1387 ticket(s) fetched. 13/467 device(s) have open tickets.
INFO:apscheduler.executors.default:Job "job_jira_prefetch (trigger: interval[0:30:00], next run at: 2026-05-11 17:17:22 CDT)" executed successfully
INFO:routers.meraki:Meraki: fetched 1004 clients.
INFO:routers.meraki:Meraki refresh complete. 11 networks, 215 devices, 19 uplink appliances, 1004 recent clients.
INFO:apscheduler.executors.default:Job "job_meraki_refresh (trigger: interval[0:15:00], next run at: 2026-05-11 17:02:22 CDT)" executed successfully
INFO:routers.scheduler:Scheduler: Citrix updated. Machines: 687, Sessions: 698
INFO:apscheduler.executors.default:Job "job_citrix_summary (trigger: interval[1:00:00], next run at: 2026-05-11 17:47:22 CDT)" executed successfully
INFO:routers.scheduler:Scheduler: Lansweeper patch status updated.
INFO:apscheduler.executors.default:Job "job_lansweeper_patch (trigger: interval[6:00:00], next run at: 2026-05-11 22:47:22 CDT)" executed successfully
INFO:routers.scheduler:Scheduler: Lansweeper asset summary updated.
INFO:apscheduler.executors.default:Job "job_lansweeper_summary (trigger: interval[6:00:00], next run at: 2026-05-11 22:47:22 CDT)" executed successfully
INFO:routers.scheduler:Scheduler: Lansweeper asset list updated. 11616 assets.
INFO:apscheduler.executors.default:Job "job_lansweeper_assets (trigger: interval[6:00:00], next run at: 2026-05-11 22:47:22 CDT)" executed successfully
INFO:apscheduler.executors.default:Running job "job_opmanager_alerts (trigger: interval[0:05:00], next run at: 2026-05-11 16:57:22 CDT)" (scheduled at 2026-05-11 16:52:22.493470-05:00)
INFO:routers.scheduler:Scheduler: Refreshing OpManager alerts...
INFO:routers.scheduler:Scheduler: OpManager alerts updated. Count: 8745
INFO:routers.jira:Jira bulk prefetch: fetched 100 tickets so far
INFO:routers.jira:Jira bulk prefetch: fetched 200 tickets so far
INFO:routers.jira:Jira bulk prefetch: fetched 300 tickets so far
INFO:routers.jira:Jira bulk prefetch: fetched 400 tickets so far
INFO:routers.jira:Jira bulk prefetch: fetched 500 tickets so far
INFO:routers.jira:Jira bulk prefetch: fetched 600 tickets so far
INFO:routers.jira:Jira bulk prefetch: fetched 700 tickets so far
INFO:routers.jira:Jira bulk prefetch: fetched 800 tickets so far
INFO:routers.jira:Jira bulk prefetch: fetched 900 tickets so far
INFO:routers.jira:Jira bulk prefetch: fetched 1000 tickets so far
INFO:routers.jira:Jira bulk prefetch: fetched 1100 tickets so far
INFO:routers.jira:Jira bulk prefetch: fetched 1200 tickets so far
INFO:routers.jira:Jira bulk prefetch: fetched 1300 tickets so far
INFO:routers.jira:Jira bulk prefetch: fetched 1390 tickets so far
INFO:routers.jira:Jira bulk prefetch: 1390 tickets indexed, 2244 words
INFO:routers.scheduler:Scheduler: Jira prefetch complete. 1390 ticket(s) fetched. 13/467 device(s) have open tickets.
INFO:apscheduler.executors.default:Job "job_opmanager_alerts (trigger: interval[0:05:00], next run at: 2026-05-11 16:57:22 CDT)" executed successfully
INFO:     127.0.0.1:57617 - "GET /infraportal/ HTTP/1.1" 302 Found
INFO:     127.0.0.1:57617 - "GET /infraportal/auth/login?next=http://localhost:8000/infraportal/ HTTP/1.1" 302 Found
INFO:routers.auth:User info fields: name=Lanio, Markus given=Markus upn=markus.lanio@zinnia.com
INFO:routers.auth:User logged in: markus.lanio@zinnia.com — groups: 254
INFO:     127.0.0.1:57617 - "GET /infraportal/auth/callback?code=1.AXgAWaHZwKsYMUylpfTQuAXefc-ezYYXSk9Ftp2HvESE4vH9AGt4AA.BQABBAIAAAADAOz_BQD0_0V2b1N0c0FydGlmYWN0cwIAAAAAAOPvk4W5iDjjbAt1KnmpSgDNwWYYHPbN0RLyaG8u278b3Un9A1VD3F1ZeMF8Nxm4f7Zizm_vU5Ip0S_K4NN0tzBIyNG0xyVdKazm9XrOLoBij_9k2OW3acph0mQMsghoERPWFiMM9oFvBSLoPyKTq1DsccyZ2NqbEq8m_Y_-0XTGxngWM8PYGHN3eolzeAWT3g0v6XScp-X6Tiu_rDyiH708Av_42Y60ePuRfu5pWqy09SToD5VBDL-rXVswr3hBq8KR-hsFDNv8WKPdFOWp083Cw-TxxhsEj7slE94UetvnDMqqVsXw4CEYp1GatQEShMyWmmJ0DKvVzR2sFLJkBa14zyz3k5U_ZPysyhZeOpSQqMw5WkNjoZoNxFEgGBj757VA04spj3W_SE7uyNcOJV0NIw-kZTHre13SsBkfpWxZq3rkqJPljc0f-4fdIeF2hMib9a3Zdh7TT6mHV4AL3QfyOK84k6-hERq79ibK7iMXA2uxHsBcNrNqPh29Xh94ALO9EBXqapYwmOz4j4Txr0tLth-TDRy_Ru2vdZ99z2kGDVQTApisWPesK_rsu7O0ATqgPLk5WABFBol4wTkYxoE8bhPHxm4e7UD9qlH1AU98g8bjVtPkO_B5UntSXBbRFe1ts4nNYc-SYvA0vxrSTH9ejalKUocrlrGpWTM5K6sd968yLoaqwR0MLHFCjCkFHO9r7d-dYBawL-L-Ey9ywcAVz1NDZnLUP851Km-DIRILSYby3ozCDGnbVIwOTRB9XlKAZHolPv2mo0ofhN1_qqmcpwe04vhD_xAYSWJJ5ATdsWAoWhfjTYGsE4HDTuAmT_g05lJWKpgjgheYUtTwUNX8dJuU5i0gzmBVMrg8W_zJvPdoCbT-SGL7taP943W-k1L5BOEeqwwtAq3ACjod3hu_zWqfVdDMWq33L0x-9fXiS7XFjJpxitFql7IWhaDQ5dh4zMZ223ozThaqagGpZsCb6azr3-Sgk9i54gzPXOL07ixJoCWz0pfC-YYIacp6vFzRk0TM4JGYxrXtkW4ug5AJAXEgSN5qK_P-5XL39z1YBeJKYV6sVRHi4xqMARL2smYtQyeMG_RTMpQz0JSqtJU4Tc7MQfhWAxq6TdZeLWCIsZQJ9dJBa2hYkdS8XPifY9SRaXHlGR9czzWOnnlLxC1FZq3wUpcUXt59gmUVISaeFXvLLTll1Cmo7fZlH9LPfydUK4yFth_nnh7zOrSaSCWLkPnURS2ARMPJwq3rqbGJwS6OtGy7hn_L47596kXfrkwmrpBdMJ1nYHrNbPUk4btxUvJhRijiNp4bnGXtnW2SoSIMwbe1LkBcyJfYyMtjg6pdDG-XONCBo9MHaCF7ZdpRTJqRcKR8Jn0WUUmYZJqZC39S3mOe1uYhZVKq9DtCwkFgnJ06o0L6Gl1jJA3tDBYOuywVGzqtjK75wU5_iedumlBuRZ1tddozFLPf1agkS4Jqd7MjbSpfI1aWwPkJry7uH0dtZPlQRA3Az-Rjq8NUHsNNsHbXhuBOQJun-cdBKJnunz9iXJ4ePxwMTgUN-OE&state=83af60f8-f11c-4927-b24d-96df2e6674a9&session_state=00baa559-df60-87bd-6c6e-fca801d3e32a HTTP/1.1" 302 Found
INFO:     127.0.0.1:57617 - "GET /infraportal/ HTTP/1.1" 200 OK
INFO:     127.0.0.1:57617 - "GET /infraportal/ HTTP/1.1" 200 OK
INFO:     127.0.0.1:57617 - "GET /infraportal/entra HTTP/1.1" 200 OK
INFO:     127.0.0.1:64197 - "POST /infraportal/api/entra/refresh HTTP/1.1" 200 OK
INFO:httpx:HTTP Request: POST https://login.microsoftonline.com/c0d9a159-18ab-4c31-a5a5-f4d0b805de7d/oauth2/v2.0/token "HTTP/1.1 200 OK"
INFO:httpx:HTTP Request: GET https://graph.microsoft.com/v1.0/subscribedSkus "HTTP/1.1 200 OK"
INFO:httpx:HTTP Request: GET https://graph.microsoft.com/v1.0/users?%24select=id%2CdisplayName%2CuserPrincipalName%2CaccountEnabled%2CuserType%2CsignInActivity%2CassignedLicenses%2CcreatedDateTime%2Cmail&%24top=999&%24count=true "HTTP/1.1 200 OK"
INFO:     127.0.0.1:51984 - "GET /infraportal/entra HTTP/1.1" 200 OK
INFO:httpx:HTTP Request: GET https://graph.microsoft.com/v1.0/users?$select=id%2cdisplayName%2cuserPrincipalName%2caccountEnabled%2cuserType%2csignInActivity%2cassignedLicenses%2ccreatedDateTime%2cmail&$top=999&$count=true&$skiptoken=m~AQAoOzE0NTM1NThjNWQyMzQzZmViOTdkN2M2NzM1N2EwMGJlOzswOzA7Ow "HTTP/1.1 200 OK"
INFO:httpx:HTTP Request: GET https://graph.microsoft.com/v1.0/users?$select=id%2cdisplayName%2cuserPrincipalName%2caccountEnabled%2cuserType%2csignInActivity%2cassignedLicenses%2ccreatedDateTime%2cmail&$top=999&$count=true&$skiptoken=m~AQAoOzI4NDA5ZGEzN2I3YTQ3MTdhZDEzMDY2YWU3M2I0MDM4OzswOzA7Ow "HTTP/1.1 200 OK"
INFO:httpx:HTTP Request: GET https://graph.microsoft.com/v1.0/users?$select=id%2cdisplayName%2cuserPrincipalName%2caccountEnabled%2cuserType%2csignInActivity%2cassignedLicenses%2ccreatedDateTime%2cmail&$top=999&$count=true&$skiptoken=m~AQAoOzNiZTBlNzEyNjRlNjQyZTY5MWRkMzUyODQ1YTFiYTRhOzswOzA7Ow "HTTP/1.1 200 OK"
INFO:httpx:HTTP Request: GET https://graph.microsoft.com/v1.0/users?$select=id%2cdisplayName%2cuserPrincipalName%2caccountEnabled%2cuserType%2csignInActivity%2cassignedLicenses%2ccreatedDateTime%2cmail&$top=999&$count=true&$skiptoken=m~AQAoOzUxM2RhMTBkMWMxMDRmYjBiNTQzMmFkYjIyYjczOGFjOzswOzA7Ow "HTTP/1.1 200 OK"
INFO:httpx:HTTP Request: GET https://graph.microsoft.com/v1.0/users?$select=id%2cdisplayName%2cuserPrincipalName%2caccountEnabled%2cuserType%2csignInActivity%2cassignedLicenses%2ccreatedDateTime%2cmail&$top=999&$count=true&$skiptoken=m~AQAoOzY1N2E3MzRhZTM5NDQ0OTBiNzczNWExZjM5NGEzMjk4OzswOzA7Ow "HTTP/1.1 200 OK"
INFO:httpx:HTTP Request: GET https://graph.microsoft.com/v1.0/users?$select=id%2cdisplayName%2cuserPrincipalName%2caccountEnabled%2cuserType%2csignInActivity%2cassignedLicenses%2ccreatedDateTime%2cmail&$top=999&$count=true&$skiptoken=m~AQAoOzdhMjc4NzVkOTM2MjQyOThiMGM1ZTc5NTc0MTYxOTY5OzswOzA7Ow "HTTP/1.1 200 OK"
INFO:httpx:HTTP Request: GET https://graph.microsoft.com/v1.0/users?$select=id%2cdisplayName%2cuserPrincipalName%2caccountEnabled%2cuserType%2csignInActivity%2cassignedLicenses%2ccreatedDateTime%2cmail&$top=999&$count=true&$skiptoken=m~AQAoOzhlMjBiYzBkOGRiODRlMGY5MTJkMTAwMTIxMTFjNzFkOzswOzA7Ow "HTTP/1.1 200 OK"
INFO:httpx:HTTP Request: GET https://graph.microsoft.com/v1.0/users?$select=id%2cdisplayName%2cuserPrincipalName%2caccountEnabled%2cuserType%2csignInActivity%2cassignedLicenses%2ccreatedDateTime%2cmail&$top=999&$count=true&$skiptoken=m~AQAoO2ExNWE1Nzc0ZGRlNTRiZGRhMjhlMzQzMjVkZDhlY2RhOzswOzA7Ow "HTTP/1.1 200 OK"
INFO:httpx:HTTP Request: GET https://graph.microsoft.com/v1.0/users?$select=id%2cdisplayName%2cuserPrincipalName%2caccountEnabled%2cuserType%2csignInActivity%2cassignedLicenses%2ccreatedDateTime%2cmail&$top=999&$count=true&$skiptoken=m~AQAoO2I2NmViZGU2MmVmYzRmY2VhYWJiZWQ1ZWZkZDQ0MDQ3OzswOzA7Ow "HTTP/1.1 200 OK"
INFO:     127.0.0.1:62302 - "POST /infraportal/api/entra/refresh HTTP/1.1" 200 OK
INFO:httpx:HTTP Request: GET https://graph.microsoft.com/v1.0/users?$select=id%2cdisplayName%2cuserPrincipalName%2caccountEnabled%2cuserType%2csignInActivity%2cassignedLicenses%2ccreatedDateTime%2cmail&$top=999&$count=true&$skiptoken=m~AQAoO2NhOWU5NWRiYmE4OTQ1Mjg4ODY2ZTBkNjcwYzZhNGQ5OzswOzA7Ow "HTTP/1.1 200 OK"
INFO:httpx:HTTP Request: GET https://graph.microsoft.com/v1.0/subscribedSkus "HTTP/1.1 200 OK"
INFO:httpx:HTTP Request: GET https://graph.microsoft.com/v1.0/users?$select=id%2cdisplayName%2cuserPrincipalName%2caccountEnabled%2cuserType%2csignInActivity%2cassignedLicenses%2ccreatedDateTime%2cmail&$top=999&$count=true&$skiptoken=m~AQAoO2RlZjM1YmMzYmQ3ZjRkZTRhNjY3YWY5NTFhNjI0ZWFmOzswOzA7Ow "HTTP/1.1 200 OK"
INFO:httpx:HTTP Request: GET https://graph.microsoft.com/v1.0/users?%24select=id%2CdisplayName%2CuserPrincipalName%2CaccountEnabled%2CuserType%2CsignInActivity%2CassignedLicenses%2CcreatedDateTime%2Cmail&%24top=999&%24count=true "HTTP/1.1 200 OK"
INFO:httpx:HTTP Request: GET https://graph.microsoft.com/v1.0/users?$select=id%2cdisplayName%2cuserPrincipalName%2caccountEnabled%2cuserType%2csignInActivity%2cassignedLicenses%2ccreatedDateTime%2cmail&$top=999&$count=true&$skiptoken=m~AQAoO2YzMGFlMTNjNTJkYTRjMGZiYWNjYjg4MDJiZDQ2MGJhOzswOzA7Ow "HTTP/1.1 200 OK"
INFO:httpx:HTTP Request: GET https://graph.microsoft.com/v1.0/groups?%24select=id%2CdisplayName%2CgroupTypes%2CsecurityEnabled%2CmailEnabled%2CmembershipRule%2CcreatedDateTime&%24top=999 "HTTP/1.1 200 OK"
INFO:httpx:HTTP Request: GET https://graph.microsoft.com/v1.0/groups?$select=id%2cdisplayName%2cgroupTypes%2csecurityEnabled%2cmailEnabled%2cmembershipRule%2ccreatedDateTime&$top=999&$skiptoken=RFNwdAIAAQAAACpHcm91cF8wZTMwNDVhMy0xOTIxLTQ0MTctOWMxNC1kZjRiMTFiYzVjNGQqR3JvdXBfMGUzMDQ1YTMtMTkyMS00NDE3LTljMTQtZGY0YjExYmM1YzRkAAAAAAAAAAAAAAA "HTTP/1.1 200 OK"
INFO:     127.0.0.1:55523 - "GET /infraportal/entra HTTP/1.1" 200 OK
INFO:httpx:HTTP Request: GET https://graph.microsoft.com/v1.0/groups?$select=id%2cdisplayName%2cgroupTypes%2csecurityEnabled%2cmailEnabled%2cmembershipRule%2ccreatedDateTime&$top=999&$skiptoken=RFNwdAIAACpHcm91cF8wZTMwNWQyOS1hMmUzLTQ3NTktODQ1NS0yOGE3ZmQxN2E0ZjIqR3JvdXBfMGUzMDVkMjktYTJlMy00NzU5LTg0NTUtMjhhN2ZkMTdhNGYyACpHcm91cF8xYzYzMzc5NS03MWNlLTRjOWQtYmI0OC0xMTJhYzI5ZmZkZDQqR3JvdXBfMWM2MzM3OTUtNzFjZS00YzlkLWJiNDgtMTEyYWMyOWZmZGQ0AAAAAAAAAAAAAAA "HTTP/1.1 200 OK"
INFO:httpx:HTTP Request: GET https://graph.microsoft.com/v1.0/groups?$select=id%2cdisplayName%2cgroupTypes%2csecurityEnabled%2cmailEnabled%2cmembershipRule%2ccreatedDateTime&$top=999&$skiptoken=RFNwdAIAACpHcm91cF8xYzY4NjEzNC1iY2Y4LTRhNDItOTJkNC1iZGI0ZGE5YTIxZGIqR3JvdXBfMWM2ODYxMzQtYmNmOC00YTQyLTkyZDQtYmRiNGRhOWEyMWRiACpHcm91cF8yOWMwYTJiMi0yZTE0LTQ2OWEtYjE5Mi00MGJjYzVmYmNjYTUqR3JvdXBfMjljMGEyYjItMmUxNC00NjlhLWIxOTItNDBiY2M1ZmJjY2E1AAAAAAAAAAAAAAA "HTTP/1.1 200 OK"
INFO:httpx:HTTP Request: GET https://graph.microsoft.com/v1.0/groups?$select=id%2cdisplayName%2cgroupTypes%2csecurityEnabled%2cmailEnabled%2cmembershipRule%2ccreatedDateTime&$top=999&$skiptoken=RFNwdAIAACpHcm91cF8yOWM4ZThhMS0zNjQ1LTQyNTUtYmExOC00ZjMzYmFkNzNlOTEqR3JvdXBfMjljOGU4YTEtMzY0NS00MjU1LWJhMTgtNGYzM2JhZDczZTkxACpHcm91cF8zNzI1YTQyZi1lODJiLTRkMDEtYjQ2NC1iYzdmN2I4MTIyNzYqR3JvdXBfMzcyNWE0MmYtZTgyYi00ZDAxLWI0NjQtYmM3ZjdiODEyMjc2AAAAAAAAAAAAAAA "HTTP/1.1 200 OK"
INFO:httpx:HTTP Request: GET https://graph.microsoft.com/v1.0/groups?$select=id%2cdisplayName%2cgroupTypes%2csecurityEnabled%2cmailEnabled%2cmembershipRule%2ccreatedDateTime&$top=999&$skiptoken=RFNwdAIAACpHcm91cF8zNzJlZDRhYi1kYWZiLTQyODItOTA2MC04ZWIzMWQxYThkOTEqR3JvdXBfMzcyZWQ0YWItZGFmYi00MjgyLTkwNjAtOGViMzFkMWE4ZDkxACpHcm91cF80NDk1N2IwYi0wMGQ0LTQ1ZDQtYWI2Yi0yODk5ZTk2Y2Q2MjcqR3JvdXBfNDQ5NTdiMGItMDBkNC00NWQ0LWFiNmItMjg5OWU5NmNkNjI3AAAAAAAAAAAAAAA "HTTP/1.1 200 OK"
INFO:httpx:HTTP Request: GET https://graph.microsoft.com/v1.0/groups?$select=id%2cdisplayName%2cgroupTypes%2csecurityEnabled%2cmailEnabled%2cmembershipRule%2ccreatedDateTime&$top=999&$skiptoken=RFNwdAIAACpHcm91cF80NDk4M2ZlNC1jMGNhLTRlZTAtOWExMC0yZWI2ZGUxNGExY2YqR3JvdXBfNDQ5ODNmZTQtYzBjYS00ZWUwLTlhMTAtMmViNmRlMTRhMWNmACpHcm91cF81MWI5ZmQ0YS1kZTkxLTQ5YmUtYTU1Mi05YTI2ZDdkMGJhNzIqR3JvdXBfNTFiOWZkNGEtZGU5MS00OWJlLWE1NTItOWEyNmQ3ZDBiYTcyAAAAAAAAAAAAAAA "HTTP/1.1 200 OK"
INFO:httpx:HTTP Request: GET https://graph.microsoft.com/v1.0/groups?$select=id%2cdisplayName%2cgroupTypes%2csecurityEnabled%2cmailEnabled%2cmembershipRule%2ccreatedDateTime&$top=999&$skiptoken=RFNwdAIAACpHcm91cF81MWJhZTY3Yi04YzZkLTRlMDItOTJjZi0wZDQ5YjI0Zjg3YjEqR3JvdXBfNTFiYWU2N2ItOGM2ZC00ZTAyLTkyY2YtMGQ0OWIyNGY4N2IxACpHcm91cF81ZTZlNTM1Yi1jMzNjLTQ0ZmMtYTdjNC03ZWUwYzMwNDg5YTIqR3JvdXBfNWU2ZTUzNWItYzMzYy00NGZjLWE3YzQtN2VlMGMzMDQ4OWEyAAAAAAAAAAAAAAA "HTTP/1.1 200 OK"
INFO:httpx:HTTP Request: GET https://graph.microsoft.com/v1.0/groups?$select=id%2cdisplayName%2cgroupTypes%2csecurityEnabled%2cmailEnabled%2cmembershipRule%2ccreatedDateTime&$top=999&$skiptoken=RFNwdAIAACpHcm91cF81ZTcwOGFmYi03NDQ1LTQzMGItOWQ5ZS1lNjdkYjVmNjUxNjQqR3JvdXBfNWU3MDhhZmItNzQ0NS00MzBiLTlkOWUtZTY3ZGI1ZjY1MTY0ACpHcm91cF82Yzk2YWVmMy0xMjA3LTRhYWQtODIwMC0wNzhmOTU0Zjc1MTcqR3JvdXBfNmM5NmFlZjMtMTIwNy00YWFkLTgyMDAtMDc4Zjk1NGY3NTE3AAAAAAAAAAAAAAA "HTTP/1.1 200 OK"
INFO:httpx:HTTP Request: GET https://graph.microsoft.com/v1.0/groups?$select=id%2cdisplayName%2cgroupTypes%2csecurityEnabled%2cmailEnabled%2cmembershipRule%2ccreatedDateTime&$top=999&$skiptoken=RFNwdAIAACpHcm91cF82Yzk5ZmQyNi00MzJiLTRhMjctOTVhNC05MmEzNGQ1YTA3MWYqR3JvdXBfNmM5OWZkMjYtNDMyYi00YTI3LTk1YTQtOTJhMzRkNWEwNzFmACpHcm91cF83OWY1YjQ3MS1lMWJmLTQ3Y2YtYTFiMy05ODBiOTRjNWQ4ZjYqR3JvdXBfNzlmNWI0NzEtZTFiZi00N2NmLWExYjMtOTgwYjk0YzVkOGY2AAAAAAAAAAAAAAA "HTTP/1.1 200 OK"
INFO:httpx:HTTP Request: GET https://graph.microsoft.com/v1.0/groups?$select=id%2cdisplayName%2cgroupTypes%2csecurityEnabled%2cmailEnabled%2cmembershipRule%2ccreatedDateTime&$top=999&$skiptoken=RFNwdAIAACpHcm91cF83OWY4OGRlZS1lN2Y5LTRkZDQtOWFjYS04Y2YyZTMwYTlmYmQqR3JvdXBfNzlmODhkZWUtZTdmOS00ZGQ0LTlhY2EtOGNmMmUzMGE5ZmJkACpHcm91cF84NzJjNjFhYi1kYmVjLTQzMTMtOTU1Ni0zODU4NmU5MWM3ZTMqR3JvdXBfODcyYzYxYWItZGJlYy00MzEzLTk1NTYtMzg1ODZlOTFjN2UzAAAAAAAAAAAAAAA "HTTP/1.1 200 OK"
INFO:httpx:HTTP Request: GET https://graph.microsoft.com/v1.0/groups?$select=id%2cdisplayName%2cgroupTypes%2csecurityEnabled%2cmailEnabled%2cmembershipRule%2ccreatedDateTime&$top=999&$skiptoken=RFNwdAIAACpHcm91cF84NzMyZDMwNC01YzQ0LTRiODQtYjQxZC0xMmU3Mjg3YzgzNGUqR3JvdXBfODczMmQzMDQtNWM0NC00Yjg0LWI0MWQtMTJlNzI4N2M4MzRlACpHcm91cF85NTFkZjk4OC03NWFjLTRiYTQtYjc1My1lMTcyZDJhOWY3ODkqR3JvdXBfOTUxZGY5ODgtNzVhYy00YmE0LWI3NTMtZTE3MmQyYTlmNzg5AAAAAAAAAAAAAAA "HTTP/1.1 200 OK"
INFO:httpx:HTTP Request: GET https://graph.microsoft.com/v1.0/groups?$select=id%2cdisplayName%2cgroupTypes%2csecurityEnabled%2cmailEnabled%2cmembershipRule%2ccreatedDateTime&$top=999&$skiptoken=RFNwdAIAACpHcm91cF85NTFmOWIyZC00NTFkLTQwODItYWYxZS1mZWY3YTBmYTUwZGUqR3JvdXBfOTUxZjliMmQtNDUxZC00MDgyLWFmMWUtZmVmN2EwZmE1MGRlACpHcm91cF9hMjQ4YjBhZi1kMzg2LTRlMTYtOGMxNS00MTBkZmRiM2Y4NmUqR3JvdXBfYTI0OGIwYWYtZDM4Ni00ZTE2LThjMTUtNDEwZGZkYjNmODZlAAAAAAAAAAAAAAA "HTTP/1.1 200 OK"
INFO:httpx:HTTP Request: GET https://graph.microsoft.com/v1.0/groups?$select=id%2cdisplayName%2cgroupTypes%2csecurityEnabled%2cmailEnabled%2cmembershipRule%2ccreatedDateTime&$top=999&$skiptoken=RFNwdAIAACpHcm91cF9hMjRlYWFmYi03YWUwLTRjNjYtODc3Yi1jMjhjNzNjNzRiNmQqR3JvdXBfYTI0ZWFhZmItN2FlMC00YzY2LTg3N2ItYzI4YzczYzc0YjZkACpHcm91cF9hZjZkMjVmMC03ODJiLTQ2ZDAtOTBjYy05ZmU3ZmZjNTQ5NWMqR3JvdXBfYWY2ZDI1ZjAtNzgyYi00NmQwLTkwY2MtOWZlN2ZmYzU0OTVjAAAAAAAAAAAAAAA "HTTP/1.1 200 OK"
INFO:httpx:HTTP Request: GET https://graph.microsoft.com/v1.0/groups?$select=id%2cdisplayName%2cgroupTypes%2csecurityEnabled%2cmailEnabled%2cmembershipRule%2ccreatedDateTime&$top=999&$skiptoken=RFNwdAIAACpHcm91cF9hZjZlMTQxYi1lNjAzLTQwNjQtYmI5ZS0xNThiZWJmNjM1MDgqR3JvdXBfYWY2ZTE0MWItZTYwMy00MDY0LWJiOWUtMTU4YmViZjYzNTA4ACpHcm91cF9iY2RhNmYwYy1iMjA1LTQ4MTQtYTNmYS1kNzc5NmQ3MGFmNTkqR3JvdXBfYmNkYTZmMGMtYjIwNS00ODE0LWEzZmEtZDc3OTZkNzBhZjU5AAAAAAAAAAAAAAA "HTTP/1.1 200 OK"
INFO:httpx:HTTP Request: GET https://graph.microsoft.com/v1.0/groups?$select=id%2cdisplayName%2cgroupTypes%2csecurityEnabled%2cmailEnabled%2cmembershipRule%2ccreatedDateTime&$top=999&$skiptoken=RFNwdAIAACpHcm91cF9iY2RjNTVmZC03N2U5LTQ4ZGEtYmZjMi04YmMzNWY1MDZjYjMqR3JvdXBfYmNkYzU1ZmQtNzdlOS00OGRhLWJmYzItOGJjMzVmNTA2Y2IzACpHcm91cF9jYTcxNWNlNC05ODJhLTRkYzMtOGVhMS02MjVlNTc4NThmNTAqR3JvdXBfY2E3MTVjZTQtOTgyYS00ZGMzLThlYTEtNjI1ZTU3ODU4ZjUwAAAAAAAAAAAAAAA "HTTP/1.1 200 OK"
INFO:httpx:HTTP Request: GET https://graph.microsoft.com/v1.0/groups?$select=id%2cdisplayName%2cgroupTypes%2csecurityEnabled%2cmailEnabled%2cmembershipRule%2ccreatedDateTime&$top=999&$skiptoken=RFNwdAIAACpHcm91cF9jYTc2MDAzYy0yNjBhLTQ5YmUtOTY3ZS03ZWMxYmY4MmM0MDIqR3JvdXBfY2E3NjAwM2MtMjYwYS00OWJlLTk2N2UtN2VjMWJmODJjNDAyACpHcm91cF9kN2Q0MTgzNC00Y2E0LTQwOWEtYjU4ZC1jZWM2YzZhZTA3MGQqR3JvdXBfZDdkNDE4MzQtNGNhNC00MDlhLWI1OGQtY2VjNmM2YWUwNzBkAAAAAAAAAAAAAAA "HTTP/1.1 200 OK"
INFO:httpx:HTTP Request: GET https://graph.microsoft.com/v1.0/groups?$select=id%2cdisplayName%2cgroupTypes%2csecurityEnabled%2cmailEnabled%2cmembershipRule%2ccreatedDateTime&$top=999&$skiptoken=RFNwdAIAACpHcm91cF9kN2RkMDAzYS04OTU5LTRjOTUtOGZlNS04ZWRkYWNmM2NhMzQqR3JvdXBfZDdkZDAwM2EtODk1OS00Yzk1LThmZTUtOGVkZGFjZjNjYTM0ACpHcm91cF9lNGNhNDlkNi1hODBiLTQxNjYtYTA3Ny1mZDU4NDZhMTIwYTIqR3JvdXBfZTRjYTQ5ZDYtYTgwYi00MTY2LWEwNzctZmQ1ODQ2YTEyMGEyAAAAAAAAAAAAAAA "HTTP/1.1 200 OK"
INFO:httpx:HTTP Request: GET https://graph.microsoft.com/v1.0/groups?$select=id%2cdisplayName%2cgroupTypes%2csecurityEnabled%2cmailEnabled%2cmembershipRule%2ccreatedDateTime&$top=999&$skiptoken=RFNwdAIAACpHcm91cF9lNGQyODA5OS03ODI2LTQwMjctOGIwYS0yMTI0MGIzM2Y4ZjEqR3JvdXBfZTRkMjgwOTktNzgyNi00MDI3LThiMGEtMjEyNDBiMzNmOGYxACpHcm91cF9mMjU3NmY4My1kZjI3LTQ1NzAtYTY1OS1kM2M3Yzk2ZmRlNTkqR3JvdXBfZjI1NzZmODMtZGYyNy00NTcwLWE2NTktZDNjN2M5NmZkZTU5AAAAAAAAAAAAAAA "HTTP/1.1 200 OK"
INFO:httpx:HTTP Request: GET https://graph.microsoft.com/v1.0/groups?$select=id%2cdisplayName%2cgroupTypes%2csecurityEnabled%2cmailEnabled%2cmembershipRule%2ccreatedDateTime&$top=999&$skiptoken=RFNwdAIAACpHcm91cF9mMjYwMGVkYy01N2VkLTQ5YjQtODJlMi1iZjZmYmIzODJkYWIqR3JvdXBfZjI2MDBlZGMtNTdlZC00OWI0LTgyZTItYmY2ZmJiMzgyZGFiACpHcm91cF9mZjlhZjJkMS1iMzA5LTRmYzEtOGVlYS02NGQ4M2ZmMGQxMjcqR3JvdXBfZmY5YWYyZDEtYjMwOS00ZmMxLThlZWEtNjRkODNmZjBkMTI3AAAAAAAAAAAAAAA "HTTP/1.1 200 OK"
INFO:httpx:HTTP Request: GET https://graph.microsoft.com/v1.0/applications?%24select=id%2CdisplayName%2CappId%2CcreatedDateTime%2CpasswordCredentials%2CkeyCredentials%2CsignInAudience&%24top=999 "HTTP/1.1 200 OK"
INFO:httpx:HTTP Request: GET https://graph.microsoft.com/v1.0/reports/getMailboxUsageDetail(period='D30') "HTTP/1.1 302 Found"
INFO:httpx:HTTP Request: GET https://reportsncu.office.com/data/v1.0/download?token=eyJhbGciOiJSUzI1NiIsImtpZCI6IkY5QjU0NEU5N0Y1OERGOUM2RUNBQTVERTYyOEQ5RDgwNEE1M0YzRUEiLCJ0eXAiOiJKV1QifQ.eyJ0aWQiOiJjMGQ5YTE1OS0xOGFiLTRjMzEtYTVhNS1mNGQwYjgwNWRlN2QiLCJlbnQiOiJnZXRNYWlsYm94VXNhZ2VEZXRhaWwiLCJhcHAiOiI4NmNkOWVjZi00YTE3LTQ1NGYtYjY5ZC04N2JjNDQ4NGUyZjEiLCJjaWQiOiI4RTNBQ0U0MDBDNjg0OTYwOEVFOTA3RjQ1NkNEMzNDQyIsImd2ZXIiOiJWMSIsImFnZyI6Ik0zMCIsImRhdGUiOiIiLCJ0dmVyIjoiVjEuMCIsInJlcSI6InJlcG9ydHNuY3Uub2ZmaWNlLmNvbSIsInBvciI6IjQ0MyIsIm5iZiI6MTc3ODUzNjU5MywiZXhwIjoxNzc4NTM2NzEzLCJpYXQiOjE3Nzg1MzY1OTMsImlzcyI6IjUwN2JjOWRhLWM0ZTItNDBjYi05NmE3LWFjOTBkZjkyNjg1YyIsImF1ZCI6InJlcG9ydHNuY3Uub2ZmaWNlLmNvbSJ9.T8BKh77y5gu2nu9xKKuTDNSVj3GKzXkjEIeltnvhNLMQd3INdKNe_cpFMcZZUI7ssZeO2PMizivxI7LJckfsagxoXaea2tRYMD9IMfovQvRi79vC4sbGWnmwG_KFrHwGSEFss_zjoBQyfKl2xIflK9cRIE1EWxY8XojNqrMD7FEQnJBfl6IIqxmRbmaRiJA-Yodz5-vgri25fIXuEkPOoEcq2jrKTbZgygmi6-JwLDIEYalRB8P9E6BfcYh-um6H-Eyc4uXcimbOuBuA8NyG8lDfhIKfzHoqDPZ6uvg2nLCJf_WAxmq-P_FGSq0_t-U-f4jpqZtYk3PZZtG2UgQNuw "HTTP/1.1 200 OK"
INFO:httpx:HTTP Request: GET https://graph.microsoft.com/v1.0/identityProtection/riskyUsers?%24filter=riskState+ne+%27dismissed%27+and+riskState+ne+%27remediated%27&%24top=50 "HTTP/1.1 200 OK"
INFO:httpx:HTTP Request: GET https://graph.microsoft.com/v1.0/identityProtection/riskyUsers?$filter=riskState+ne+%27dismissed%27+and+riskState+ne+%27remediated%27&$top=50&$skiptoken=3287d619c1597db70c346d202c76e443b15c02f6516fc5bfda5784ba156a02a6_50 "HTTP/1.1 200 OK"
INFO:httpx:HTTP Request: GET https://graph.microsoft.com/v1.0/identityProtection/riskyUsers?$filter=riskState+ne+%27dismissed%27+and+riskState+ne+%27remediated%27&$top=50&$skiptoken=831ae0fd3be9a2f2651375d4ea7d8e6ffbbb624ed423926d0abf0b65fe772128_100 "HTTP/1.1 200 OK"
INFO:httpx:HTTP Request: GET https://graph.microsoft.com/v1.0/identityProtection/riskyUsers?$filter=riskState+ne+%27dismissed%27+and+riskState+ne+%27remediated%27&$top=50&$skiptoken=fd886699e076f9c3112ccbcc754f4b6b042dfd23f39255e3d31a9c822f927ddf_150 "HTTP/1.1 200 OK"
INFO:httpx:HTTP Request: GET https://graph.microsoft.com/v1.0/identityProtection/riskyUsers?$filter=riskState+ne+%27dismissed%27+and+riskState+ne+%27remediated%27&$top=50&$skiptoken=c3ed6a5d76bfa4c4325822988af47800c8f7c475038abaf2b7eb510b57e30d8a_200 "HTTP/1.1 200 OK"
INFO:httpx:HTTP Request: GET https://graph.microsoft.com/v1.0/identityProtection/riskyUsers?$filter=riskState+ne+%27dismissed%27+and+riskState+ne+%27remediated%27&$top=50&$skiptoken=ae7ba594c4dce72cbc628be28bc01cde04532041547f061f71db7037195a28fd_250 "HTTP/1.1 200 OK"
INFO:httpx:HTTP Request: GET https://graph.microsoft.com/v1.0/identityProtection/riskyUsers?$filter=riskState+ne+%27dismissed%27+and+riskState+ne+%27remediated%27&$top=50&$skiptoken=ceb80fceed721448bb58ab6fa889d94f1e9a9482a372a7539d2b152e21e7d366_300 "HTTP/1.1 200 OK"
INFO:httpx:HTTP Request: GET https://graph.microsoft.com/v1.0/identityProtection/riskyUsers?$filter=riskState+ne+%27dismissed%27+and+riskState+ne+%27remediated%27&$top=50&$skiptoken=45716480b8864a27b9fa459957513bd47942abb343e15d0aa83a518805e08496_350 "HTTP/1.1 200 OK"
INFO:httpx:HTTP Request: GET https://graph.microsoft.com/v1.0/identityProtection/riskyUsers?$filter=riskState+ne+%27dismissed%27+and+riskState+ne+%27remediated%27&$top=50&$skiptoken=0d5d45bf756d05ccd6d144202344a53c5bf1e9839b8cf47e97c67d2fbf8c6287_400 "HTTP/1.1 200 OK"
INFO:httpx:HTTP Request: GET https://graph.microsoft.com/v1.0/identityProtection/riskyUsers?$filter=riskState+ne+%27dismissed%27+and+riskState+ne+%27remediated%27&$top=50&$skiptoken=a3d6ada2ad8a8d670d75e5520c3d3887064bc0391d484fbc962920535de8269d_450 "HTTP/1.1 200 OK"
INFO:httpx:HTTP Request: GET https://graph.microsoft.com/v1.0/identityProtection/riskyUsers?$filter=riskState+ne+%27dismissed%27+and+riskState+ne+%27remediated%27&$top=50&$skiptoken=f23abe2431fa771fd3a0c207c861ec578f384174d38ec1487578300db014c2cd_500 "HTTP/1.1 200 OK"
INFO:httpx:HTTP Request: GET https://graph.microsoft.com/v1.0/identityProtection/riskyUsers?$filter=riskState+ne+%27dismissed%27+and+riskState+ne+%27remediated%27&$top=50&$skiptoken=d04a3430e0b0ef32dd6fdcab0874146bfddea7c36ffcc38186564f6e1d509928_550 "HTTP/1.1 200 OK"
INFO:httpx:HTTP Request: GET https://graph.microsoft.com/v1.0/identity/conditionalAccess/policies "HTTP/1.1 200 OK"
INFO:routers.entra:Entra refresh complete: {'licenses': 38, 'users': 12604, 'groups': 19014, 'apps': 355, 'mailbox': 5041, 'risky': 584, 'ca_policies': 25}
INFO:httpx:HTTP Request: GET https://graph.microsoft.com/v1.0/users?$select=id%2cdisplayName%2cuserPrincipalName%2caccountEnabled%2cuserType%2csignInActivity%2cassignedLicenses%2ccreatedDateTime%2cmail&$top=999&$count=true&$skiptoken=m~AQAoOzE0NTM1NThjNWQyMzQzZmViOTdkN2M2NzM1N2EwMGJlOzswOzA7Ow "HTTP/1.1 200 OK"
INFO:httpx:HTTP Request: GET https://graph.microsoft.com/v1.0/users?$select=id%2cdisplayName%2cuserPrincipalName%2caccountEnabled%2cuserType%2csignInActivity%2cassignedLicenses%2ccreatedDateTime%2cmail&$top=999&$count=true&$skiptoken=m~AQAoOzI4NDA5ZGEzN2I3YTQ3MTdhZDEzMDY2YWU3M2I0MDM4OzswOzA7Ow "HTTP/1.1 200 OK"
INFO:httpx:HTTP Request: GET https://graph.microsoft.com/v1.0/users?$select=id%2cdisplayName%2cuserPrincipalName%2caccountEnabled%2cuserType%2csignInActivity%2cassignedLicenses%2ccreatedDateTime%2cmail&$top=999&$count=true&$skiptoken=m~AQAoOzNiZTBlNzEyNjRlNjQyZTY5MWRkMzUyODQ1YTFiYTRhOzswOzA7Ow "HTTP/1.1 200 OK"
INFO:httpx:HTTP Request: GET https://graph.microsoft.com/v1.0/users?$select=id%2cdisplayName%2cuserPrincipalName%2caccountEnabled%2cuserType%2csignInActivity%2cassignedLicenses%2ccreatedDateTime%2cmail&$top=999&$count=true&$skiptoken=m~AQAoOzUxM2RhMTBkMWMxMDRmYjBiNTQzMmFkYjIyYjczOGFjOzswOzA7Ow "HTTP/1.1 200 OK"
INFO:httpx:HTTP Request: GET https://graph.microsoft.com/v1.0/users?$select=id%2cdisplayName%2cuserPrincipalName%2caccountEnabled%2cuserType%2csignInActivity%2cassignedLicenses%2ccreatedDateTime%2cmail&$top=999&$count=true&$skiptoken=m~AQAoOzY1N2E3MzRhZTM5NDQ0OTBiNzczNWExZjM5NGEzMjk4OzswOzA7Ow "HTTP/1.1 200 OK"
INFO:httpx:HTTP Request: GET https://graph.microsoft.com/v1.0/users?$select=id%2cdisplayName%2cuserPrincipalName%2caccountEnabled%2cuserType%2csignInActivity%2cassignedLicenses%2ccreatedDateTime%2cmail&$top=999&$count=true&$skiptoken=m~AQAoOzdhMjc4NzVkOTM2MjQyOThiMGM1ZTc5NTc0MTYxOTY5OzswOzA7Ow "HTTP/1.1 200 OK"
INFO:httpx:HTTP Request: GET https://graph.microsoft.com/v1.0/users?$select=id%2cdisplayName%2cuserPrincipalName%2caccountEnabled%2cuserType%2csignInActivity%2cassignedLicenses%2ccreatedDateTime%2cmail&$top=999&$count=true&$skiptoken=m~AQAoOzhlMjBiYzBkOGRiODRlMGY5MTJkMTAwMTIxMTFjNzFkOzswOzA7Ow "HTTP/1.1 200 OK"
INFO:httpx:HTTP Request: GET https://graph.microsoft.com/v1.0/users?$select=id%2cdisplayName%2cuserPrincipalName%2caccountEnabled%2cuserType%2csignInActivity%2cassignedLicenses%2ccreatedDateTime%2cmail&$top=999&$count=true&$skiptoken=m~AQAoO2ExNWE1Nzc0ZGRlNTRiZGRhMjhlMzQzMjVkZDhlY2RhOzswOzA7Ow "HTTP/1.1 200 OK"
INFO:httpx:HTTP Request: GET https://graph.microsoft.com/v1.0/users?$select=id%2cdisplayName%2cuserPrincipalName%2caccountEnabled%2cuserType%2csignInActivity%2cassignedLicenses%2ccreatedDateTime%2cmail&$top=999&$count=true&$skiptoken=m~AQAoO2I2NmViZGU2MmVmYzRmY2VhYWJiZWQ1ZWZkZDQ0MDQ3OzswOzA7Ow "HTTP/1.1 200 OK"
INFO:     127.0.0.1:62078 - "POST /infraportal/api/entra/refresh HTTP/1.1" 200 OK
INFO:httpx:HTTP Request: GET https://graph.microsoft.com/v1.0/subscribedSkus "HTTP/1.1 200 OK"
INFO:httpx:HTTP Request: GET https://graph.microsoft.com/v1.0/users?$select=id%2cdisplayName%2cuserPrincipalName%2caccountEnabled%2cuserType%2csignInActivity%2cassignedLicenses%2ccreatedDateTime%2cmail&$top=999&$count=true&$skiptoken=m~AQAoO2NhOWU5NWRiYmE4OTQ1Mjg4ODY2ZTBkNjcwYzZhNGQ5OzswOzA7Ow "HTTP/1.1 200 OK"
INFO:httpx:HTTP Request: GET https://graph.microsoft.com/v1.0/users?%24select=id%2CdisplayName%2CuserPrincipalName%2CaccountEnabled%2CuserType%2CsignInActivity%2CassignedLicenses%2CcreatedDateTime%2Cmail&%24top=999&%24count=true "HTTP/1.1 200 OK"
INFO:httpx:HTTP Request: GET https://graph.microsoft.com/v1.0/users?$select=id%2cdisplayName%2cuserPrincipalName%2caccountEnabled%2cuserType%2csignInActivity%2cassignedLicenses%2ccreatedDateTime%2cmail&$top=999&$count=true&$skiptoken=m~AQAoO2RlZjM1YmMzYmQ3ZjRkZTRhNjY3YWY5NTFhNjI0ZWFmOzswOzA7Ow "HTTP/1.1 200 OK"
INFO:httpx:HTTP Request: GET https://graph.microsoft.com/v1.0/users?$select=id%2cdisplayName%2cuserPrincipalName%2caccountEnabled%2cuserType%2csignInActivity%2cassignedLicenses%2ccreatedDateTime%2cmail&$top=999&$count=true&$skiptoken=m~AQAoO2YzMGFlMTNjNTJkYTRjMGZiYWNjYjg4MDJiZDQ2MGJhOzswOzA7Ow "HTTP/1.1 200 OK"
INFO:httpx:HTTP Request: GET https://graph.microsoft.com/v1.0/users?$select=id%2cdisplayName%2cuserPrincipalName%2caccountEnabled%2cuserType%2csignInActivity%2cassignedLicenses%2ccreatedDateTime%2cmail&$top=999&$count=true&$skiptoken=m~AQAoOzE0NTM1NThjNWQyMzQzZmViOTdkN2M2NzM1N2EwMGJlOzswOzA7Ow "HTTP/1.1 200 OK"
INFO:httpx:HTTP Request: GET https://graph.microsoft.com/v1.0/groups?%24select=id%2CdisplayName%2CgroupTypes%2CsecurityEnabled%2CmailEnabled%2CmembershipRule%2CcreatedDateTime&%24top=999 "HTTP/1.1 200 OK"
INFO:     127.0.0.1:61992 - "GET /infraportal/entra HTTP/1.1" 200 OK
INFO:httpx:HTTP Request: GET https://graph.microsoft.com/v1.0/groups?$select=id%2cdisplayName%2cgroupTypes%2csecurityEnabled%2cmailEnabled%2cmembershipRule%2ccreatedDateTime&$top=999&$skiptoken=RFNwdAIAAQAAACpHcm91cF8wZTMwNDVhMy0xOTIxLTQ0MTctOWMxNC1kZjRiMTFiYzVjNGQqR3JvdXBfMGUzMDQ1YTMtMTkyMS00NDE3LTljMTQtZGY0YjExYmM1YzRkAAAAAAAAAAAAAAA "HTTP/1.1 200 OK"
INFO:httpx:HTTP Request: GET https://graph.microsoft.com/v1.0/users?$select=id%2cdisplayName%2cuserPrincipalName%2caccountEnabled%2cuserType%2csignInActivity%2cassignedLicenses%2ccreatedDateTime%2cmail&$top=999&$count=true&$skiptoken=m~AQAoOzI4NDA5ZGEzN2I3YTQ3MTdhZDEzMDY2YWU3M2I0MDM4OzswOzA7Ow "HTTP/1.1 200 OK"
INFO:httpx:HTTP Request: GET https://graph.microsoft.com/v1.0/groups?$select=id%2cdisplayName%2cgroupTypes%2csecurityEnabled%2cmailEnabled%2cmembershipRule%2ccreatedDateTime&$top=999&$skiptoken=RFNwdAIAACpHcm91cF8wZTMwNWQyOS1hMmUzLTQ3NTktODQ1NS0yOGE3ZmQxN2E0ZjIqR3JvdXBfMGUzMDVkMjktYTJlMy00NzU5LTg0NTUtMjhhN2ZkMTdhNGYyACpHcm91cF8xYzYzMzc5NS03MWNlLTRjOWQtYmI0OC0xMTJhYzI5ZmZkZDQqR3JvdXBfMWM2MzM3OTUtNzFjZS00YzlkLWJiNDgtMTEyYWMyOWZmZGQ0AAAAAAAAAAAAAAA "HTTP/1.1 200 OK"
INFO:httpx:HTTP Request: GET https://graph.microsoft.com/v1.0/groups?$select=id%2cdisplayName%2cgroupTypes%2csecurityEnabled%2cmailEnabled%2cmembershipRule%2ccreatedDateTime&$top=999&$skiptoken=RFNwdAIAACpHcm91cF8xYzY4NjEzNC1iY2Y4LTRhNDItOTJkNC1iZGI0ZGE5YTIxZGIqR3JvdXBfMWM2ODYxMzQtYmNmOC00YTQyLTkyZDQtYmRiNGRhOWEyMWRiACpHcm91cF8yOWMwYTJiMi0yZTE0LTQ2OWEtYjE5Mi00MGJjYzVmYmNjYTUqR3JvdXBfMjljMGEyYjItMmUxNC00NjlhLWIxOTItNDBiY2M1ZmJjY2E1AAAAAAAAAAAAAAA "HTTP/1.1 200 OK"
INFO:httpx:HTTP Request: GET https://graph.microsoft.com/v1.0/users?$select=id%2cdisplayName%2cuserPrincipalName%2caccountEnabled%2cuserType%2csignInActivity%2cassignedLicenses%2ccreatedDateTime%2cmail&$top=999&$count=true&$skiptoken=m~AQAoOzNiZTBlNzEyNjRlNjQyZTY5MWRkMzUyODQ1YTFiYTRhOzswOzA7Ow "HTTP/1.1 200 OK"
INFO:httpx:HTTP Request: GET https://graph.microsoft.com/v1.0/groups?$select=id%2cdisplayName%2cgroupTypes%2csecurityEnabled%2cmailEnabled%2cmembershipRule%2ccreatedDateTime&$top=999&$skiptoken=RFNwdAIAACpHcm91cF8yOWM4ZThhMS0zNjQ1LTQyNTUtYmExOC00ZjMzYmFkNzNlOTEqR3JvdXBfMjljOGU4YTEtMzY0NS00MjU1LWJhMTgtNGYzM2JhZDczZTkxACpHcm91cF8zNzI1YTQyZi1lODJiLTRkMDEtYjQ2NC1iYzdmN2I4MTIyNzYqR3JvdXBfMzcyNWE0MmYtZTgyYi00ZDAxLWI0NjQtYmM3ZjdiODEyMjc2AAAAAAAAAAAAAAA "HTTP/1.1 200 OK"
INFO:httpx:HTTP Request: GET https://graph.microsoft.com/v1.0/groups?$select=id%2cdisplayName%2cgroupTypes%2csecurityEnabled%2cmailEnabled%2cmembershipRule%2ccreatedDateTime&$top=999&$skiptoken=RFNwdAIAACpHcm91cF8zNzJlZDRhYi1kYWZiLTQyODItOTA2MC04ZWIzMWQxYThkOTEqR3JvdXBfMzcyZWQ0YWItZGFmYi00MjgyLTkwNjAtOGViMzFkMWE4ZDkxACpHcm91cF80NDk1N2IwYi0wMGQ0LTQ1ZDQtYWI2Yi0yODk5ZTk2Y2Q2MjcqR3JvdXBfNDQ5NTdiMGItMDBkNC00NWQ0LWFiNmItMjg5OWU5NmNkNjI3AAAAAAAAAAAAAAA "HTTP/1.1 200 OK"
INFO:httpx:HTTP Request: GET https://graph.microsoft.com/v1.0/groups?$select=id%2cdisplayName%2cgroupTypes%2csecurityEnabled%2cmailEnabled%2cmembershipRule%2ccreatedDateTime&$top=999&$skiptoken=RFNwdAIAACpHcm91cF80NDk4M2ZlNC1jMGNhLTRlZTAtOWExMC0yZWI2ZGUxNGExY2YqR3JvdXBfNDQ5ODNmZTQtYzBjYS00ZWUwLTlhMTAtMmViNmRlMTRhMWNmACpHcm91cF81MWI5ZmQ0YS1kZTkxLTQ5YmUtYTU1Mi05YTI2ZDdkMGJhNzIqR3JvdXBfNTFiOWZkNGEtZGU5MS00OWJlLWE1NTItOWEyNmQ3ZDBiYTcyAAAAAAAAAAAAAAA "HTTP/1.1 200 OK"
INFO:apscheduler.executors.default:Running job "job_opmanager_alerts (trigger: interval[0:05:00], next run at: 2026-05-11 17:02:22 CDT)" (scheduled at 2026-05-11 16:57:22.493470-05:00)
INFO:routers.scheduler:Scheduler: Refreshing OpManager alerts...
INFO:httpx:HTTP Request: GET https://graph.microsoft.com/v1.0/groups?$select=id%2cdisplayName%2cgroupTypes%2csecurityEnabled%2cmailEnabled%2cmembershipRule%2ccreatedDateTime&$top=999&$skiptoken=RFNwdAIAACpHcm91cF81MWJhZTY3Yi04YzZkLTRlMDItOTJjZi0wZDQ5YjI0Zjg3YjEqR3JvdXBfNTFiYWU2N2ItOGM2ZC00ZTAyLTkyY2YtMGQ0OWIyNGY4N2IxACpHcm91cF81ZTZlNTM1Yi1jMzNjLTQ0ZmMtYTdjNC03ZWUwYzMwNDg5YTIqR3JvdXBfNWU2ZTUzNWItYzMzYy00NGZjLWE3YzQtN2VlMGMzMDQ4OWEyAAAAAAAAAAAAAAA "HTTP/1.1 200 OK"
INFO:httpx:HTTP Request: GET https://graph.microsoft.com/v1.0/users?$select=id%2cdisplayName%2cuserPrincipalName%2caccountEnabled%2cuserType%2csignInActivity%2cassignedLicenses%2ccreatedDateTime%2cmail&$top=999&$count=true&$skiptoken=m~AQAoOzUxM2RhMTBkMWMxMDRmYjBiNTQzMmFkYjIyYjczOGFjOzswOzA7Ow "HTTP/1.1 200 OK"
INFO:httpx:HTTP Request: GET https://graph.microsoft.com/v1.0/groups?$select=id%2cdisplayName%2cgroupTypes%2csecurityEnabled%2cmailEnabled%2cmembershipRule%2ccreatedDateTime&$top=999&$skiptoken=RFNwdAIAACpHcm91cF81ZTcwOGFmYi03NDQ1LTQzMGItOWQ5ZS1lNjdkYjVmNjUxNjQqR3JvdXBfNWU3MDhhZmItNzQ0NS00MzBiLTlkOWUtZTY3ZGI1ZjY1MTY0ACpHcm91cF82Yzk2YWVmMy0xMjA3LTRhYWQtODIwMC0wNzhmOTU0Zjc1MTcqR3JvdXBfNmM5NmFlZjMtMTIwNy00YWFkLTgyMDAtMDc4Zjk1NGY3NTE3AAAAAAAAAAAAAAA "HTTP/1.1 200 OK"
INFO:httpx:HTTP Request: GET https://graph.microsoft.com/v1.0/groups?$select=id%2cdisplayName%2cgroupTypes%2csecurityEnabled%2cmailEnabled%2cmembershipRule%2ccreatedDateTime&$top=999&$skiptoken=RFNwdAIAACpHcm91cF82Yzk5ZmQyNi00MzJiLTRhMjctOTVhNC05MmEzNGQ1YTA3MWYqR3JvdXBfNmM5OWZkMjYtNDMyYi00YTI3LTk1YTQtOTJhMzRkNWEwNzFmACpHcm91cF83OWY1YjQ3MS1lMWJmLTQ3Y2YtYTFiMy05ODBiOTRjNWQ4ZjYqR3JvdXBfNzlmNWI0NzEtZTFiZi00N2NmLWExYjMtOTgwYjk0YzVkOGY2AAAAAAAAAAAAAAA "HTTP/1.1 200 OK"
INFO:httpx:HTTP Request: GET https://graph.microsoft.com/v1.0/groups?$select=id%2cdisplayName%2cgroupTypes%2csecurityEnabled%2cmailEnabled%2cmembershipRule%2ccreatedDateTime&$top=999&$skiptoken=RFNwdAIAACpHcm91cF83OWY4OGRlZS1lN2Y5LTRkZDQtOWFjYS04Y2YyZTMwYTlmYmQqR3JvdXBfNzlmODhkZWUtZTdmOS00ZGQ0LTlhY2EtOGNmMmUzMGE5ZmJkACpHcm91cF84NzJjNjFhYi1kYmVjLTQzMTMtOTU1Ni0zODU4NmU5MWM3ZTMqR3JvdXBfODcyYzYxYWItZGJlYy00MzEzLTk1NTYtMzg1ODZlOTFjN2UzAAAAAAAAAAAAAAA "HTTP/1.1 200 OK"
INFO:httpx:HTTP Request: GET https://graph.microsoft.com/v1.0/users?$select=id%2cdisplayName%2cuserPrincipalName%2caccountEnabled%2cuserType%2csignInActivity%2cassignedLicenses%2ccreatedDateTime%2cmail&$top=999&$count=true&$skiptoken=m~AQAoOzY1N2E3MzRhZTM5NDQ0OTBiNzczNWExZjM5NGEzMjk4OzswOzA7Ow "HTTP/1.1 200 OK"
INFO:httpx:HTTP Request: GET https://graph.microsoft.com/v1.0/groups?$select=id%2cdisplayName%2cgroupTypes%2csecurityEnabled%2cmailEnabled%2cmembershipRule%2ccreatedDateTime&$top=999&$skiptoken=RFNwdAIAACpHcm91cF84NzMyZDMwNC01YzQ0LTRiODQtYjQxZC0xMmU3Mjg3YzgzNGUqR3JvdXBfODczMmQzMDQtNWM0NC00Yjg0LWI0MWQtMTJlNzI4N2M4MzRlACpHcm91cF85NTFkZjk4OC03NWFjLTRiYTQtYjc1My1lMTcyZDJhOWY3ODkqR3JvdXBfOTUxZGY5ODgtNzVhYy00YmE0LWI3NTMtZTE3MmQyYTlmNzg5AAAAAAAAAAAAAAA "HTTP/1.1 200 OK"
INFO:httpx:HTTP Request: GET https://graph.microsoft.com/v1.0/groups?$select=id%2cdisplayName%2cgroupTypes%2csecurityEnabled%2cmailEnabled%2cmembershipRule%2ccreatedDateTime&$top=999&$skiptoken=RFNwdAIAACpHcm91cF85NTFmOWIyZC00NTFkLTQwODItYWYxZS1mZWY3YTBmYTUwZGUqR3JvdXBfOTUxZjliMmQtNDUxZC00MDgyLWFmMWUtZmVmN2EwZmE1MGRlACpHcm91cF9hMjQ4YjBhZi1kMzg2LTRlMTYtOGMxNS00MTBkZmRiM2Y4NmUqR3JvdXBfYTI0OGIwYWYtZDM4Ni00ZTE2LThjMTUtNDEwZGZkYjNmODZlAAAAAAAAAAAAAAA "HTTP/1.1 200 OK"
INFO:httpx:HTTP Request: GET https://graph.microsoft.com/v1.0/groups?$select=id%2cdisplayName%2cgroupTypes%2csecurityEnabled%2cmailEnabled%2cmembershipRule%2ccreatedDateTime&$top=999&$skiptoken=RFNwdAIAACpHcm91cF9hMjRlYWFmYi03YWUwLTRjNjYtODc3Yi1jMjhjNzNjNzRiNmQqR3JvdXBfYTI0ZWFhZmItN2FlMC00YzY2LTg3N2ItYzI4YzczYzc0YjZkACpHcm91cF9hZjZkMjVmMC03ODJiLTQ2ZDAtOTBjYy05ZmU3ZmZjNTQ5NWMqR3JvdXBfYWY2ZDI1ZjAtNzgyYi00NmQwLTkwY2MtOWZlN2ZmYzU0OTVjAAAAAAAAAAAAAAA "HTTP/1.1 200 OK"
INFO:httpx:HTTP Request: GET https://graph.microsoft.com/v1.0/users?$select=id%2cdisplayName%2cuserPrincipalName%2caccountEnabled%2cuserType%2csignInActivity%2cassignedLicenses%2ccreatedDateTime%2cmail&$top=999&$count=true&$skiptoken=m~AQAoOzdhMjc4NzVkOTM2MjQyOThiMGM1ZTc5NTc0MTYxOTY5OzswOzA7Ow "HTTP/1.1 200 OK"
INFO:httpx:HTTP Request: GET https://graph.microsoft.com/v1.0/groups?$select=id%2cdisplayName%2cgroupTypes%2csecurityEnabled%2cmailEnabled%2cmembershipRule%2ccreatedDateTime&$top=999&$skiptoken=RFNwdAIAACpHcm91cF9hZjZlMTQxYi1lNjAzLTQwNjQtYmI5ZS0xNThiZWJmNjM1MDgqR3JvdXBfYWY2ZTE0MWItZTYwMy00MDY0LWJiOWUtMTU4YmViZjYzNTA4ACpHcm91cF9iY2RhNmYwYy1iMjA1LTQ4MTQtYTNmYS1kNzc5NmQ3MGFmNTkqR3JvdXBfYmNkYTZmMGMtYjIwNS00ODE0LWEzZmEtZDc3OTZkNzBhZjU5AAAAAAAAAAAAAAA "HTTP/1.1 200 OK"
INFO:httpx:HTTP Request: GET https://graph.microsoft.com/v1.0/groups?$select=id%2cdisplayName%2cgroupTypes%2csecurityEnabled%2cmailEnabled%2cmembershipRule%2ccreatedDateTime&$top=999&$skiptoken=RFNwdAIAACpHcm91cF9iY2RjNTVmZC03N2U5LTQ4ZGEtYmZjMi04YmMzNWY1MDZjYjMqR3JvdXBfYmNkYzU1ZmQtNzdlOS00OGRhLWJmYzItOGJjMzVmNTA2Y2IzACpHcm91cF9jYTcxNWNlNC05ODJhLTRkYzMtOGVhMS02MjVlNTc4NThmNTAqR3JvdXBfY2E3MTVjZTQtOTgyYS00ZGMzLThlYTEtNjI1ZTU3ODU4ZjUwAAAAAAAAAAAAAAA "HTTP/1.1 200 OK"
INFO:httpx:HTTP Request: GET https://graph.microsoft.com/v1.0/users?$select=id%2cdisplayName%2cuserPrincipalName%2caccountEnabled%2cuserType%2csignInActivity%2cassignedLicenses%2ccreatedDateTime%2cmail&$top=999&$count=true&$skiptoken=m~AQAoOzhlMjBiYzBkOGRiODRlMGY5MTJkMTAwMTIxMTFjNzFkOzswOzA7Ow "HTTP/1.1 200 OK"
INFO:httpx:HTTP Request: GET https://graph.microsoft.com/v1.0/groups?$select=id%2cdisplayName%2cgroupTypes%2csecurityEnabled%2cmailEnabled%2cmembershipRule%2ccreatedDateTime&$top=999&$skiptoken=RFNwdAIAACpHcm91cF9jYTc2MDAzYy0yNjBhLTQ5YmUtOTY3ZS03ZWMxYmY4MmM0MDIqR3JvdXBfY2E3NjAwM2MtMjYwYS00OWJlLTk2N2UtN2VjMWJmODJjNDAyACpHcm91cF9kN2Q0MTgzNC00Y2E0LTQwOWEtYjU4ZC1jZWM2YzZhZTA3MGQqR3JvdXBfZDdkNDE4MzQtNGNhNC00MDlhLWI1OGQtY2VjNmM2YWUwNzBkAAAAAAAAAAAAAAA "HTTP/1.1 200 OK"
INFO:httpx:HTTP Request: GET https://graph.microsoft.com/v1.0/groups?$select=id%2cdisplayName%2cgroupTypes%2csecurityEnabled%2cmailEnabled%2cmembershipRule%2ccreatedDateTime&$top=999&$skiptoken=RFNwdAIAACpHcm91cF9kN2RkMDAzYS04OTU5LTRjOTUtOGZlNS04ZWRkYWNmM2NhMzQqR3JvdXBfZDdkZDAwM2EtODk1OS00Yzk1LThmZTUtOGVkZGFjZjNjYTM0ACpHcm91cF9lNGNhNDlkNi1hODBiLTQxNjYtYTA3Ny1mZDU4NDZhMTIwYTIqR3JvdXBfZTRjYTQ5ZDYtYTgwYi00MTY2LWEwNzctZmQ1ODQ2YTEyMGEyAAAAAAAAAAAAAAA "HTTP/1.1 200 OK"
INFO:httpx:HTTP Request: GET https://graph.microsoft.com/v1.0/groups?$select=id%2cdisplayName%2cgroupTypes%2csecurityEnabled%2cmailEnabled%2cmembershipRule%2ccreatedDateTime&$top=999&$skiptoken=RFNwdAIAACpHcm91cF9lNGQyODA5OS03ODI2LTQwMjctOGIwYS0yMTI0MGIzM2Y4ZjEqR3JvdXBfZTRkMjgwOTktNzgyNi00MDI3LThiMGEtMjEyNDBiMzNmOGYxACpHcm91cF9mMjU3NmY4My1kZjI3LTQ1NzAtYTY1OS1kM2M3Yzk2ZmRlNTkqR3JvdXBfZjI1NzZmODMtZGYyNy00NTcwLWE2NTktZDNjN2M5NmZkZTU5AAAAAAAAAAAAAAA "HTTP/1.1 200 OK"
INFO:routers.scheduler:Scheduler: OpManager alerts updated. Count: 8745
INFO:httpx:HTTP Request: GET https://graph.microsoft.com/v1.0/groups?$select=id%2cdisplayName%2cgroupTypes%2csecurityEnabled%2cmailEnabled%2cmembershipRule%2ccreatedDateTime&$top=999&$skiptoken=RFNwdAIAACpHcm91cF9mMjYwMGVkYy01N2VkLTQ5YjQtODJlMi1iZjZmYmIzODJkYWIqR3JvdXBfZjI2MDBlZGMtNTdlZC00OWI0LTgyZTItYmY2ZmJiMzgyZGFiACpHcm91cF9mZjlhZjJkMS1iMzA5LTRmYzEtOGVlYS02NGQ4M2ZmMGQxMjcqR3JvdXBfZmY5YWYyZDEtYjMwOS00ZmMxLThlZWEtNjRkODNmZjBkMTI3AAAAAAAAAAAAAAA "HTTP/1.1 200 OK"
INFO:routers.jira:Jira bulk prefetch: fetched 100 tickets so far
INFO:httpx:HTTP Request: GET https://graph.microsoft.com/v1.0/users?$select=id%2cdisplayName%2cuserPrincipalName%2caccountEnabled%2cuserType%2csignInActivity%2cassignedLicenses%2ccreatedDateTime%2cmail&$top=999&$count=true&$skiptoken=m~AQAoO2ExNWE1Nzc0ZGRlNTRiZGRhMjhlMzQzMjVkZDhlY2RhOzswOzA7Ow "HTTP/1.1 200 OK"
INFO:httpx:HTTP Request: GET https://graph.microsoft.com/v1.0/applications?%24select=id%2CdisplayName%2CappId%2CcreatedDateTime%2CpasswordCredentials%2CkeyCredentials%2CsignInAudience&%24top=999 "HTTP/1.1 200 OK"
INFO:routers.jira:Jira bulk prefetch: fetched 200 tickets so far
INFO:httpx:HTTP Request: GET https://graph.microsoft.com/v1.0/reports/getMailboxUsageDetail(period='D30') "HTTP/1.1 302 Found"
INFO:routers.jira:Jira bulk prefetch: fetched 300 tickets so far
INFO:httpx:HTTP Request: GET https://reportsncu.office.com/data/v1.0/download?token=eyJhbGciOiJSUzI1NiIsImtpZCI6IkY5QjU0NEU5N0Y1OERGOUM2RUNBQTVERTYyOEQ5RDgwNEE1M0YzRUEiLCJ0eXAiOiJKV1QifQ.eyJ0aWQiOiJjMGQ5YTE1OS0xOGFiLTRjMzEtYTVhNS1mNGQwYjgwNWRlN2QiLCJlbnQiOiJnZXRNYWlsYm94VXNhZ2VEZXRhaWwiLCJhcHAiOiI4NmNkOWVjZi00YTE3LTQ1NGYtYjY5ZC04N2JjNDQ4NGUyZjEiLCJjaWQiOiI0NTk3ODNDMEZDNjc0MzY1QjJERkRGMDM2MTZDRDc5NiIsImd2ZXIiOiJWMSIsImFnZyI6Ik0zMCIsImRhdGUiOiIiLCJ0dmVyIjoiVjEuMCIsInJlcSI6InJlcG9ydHNuY3Uub2ZmaWNlLmNvbSIsInBvciI6IjQ0MyIsIm5iZiI6MTc3ODUzNjY1MSwiZXhwIjoxNzc4NTM2NzcxLCJpYXQiOjE3Nzg1MzY2NTEsImlzcyI6IjUwN2JjOWRhLWM0ZTItNDBjYi05NmE3LWFjOTBkZjkyNjg1YyIsImF1ZCI6InJlcG9ydHNuY3Uub2ZmaWNlLmNvbSJ9.mj4ZCt_sapk_H1v5KdhogkIICxFd6e3GgBtXydcf6N4VKpziDWS11c5Kxri0ZjxAlCcREC4-yoElmXfaWffXabXUZcGHmIE51e--1OpZ9X6EQaJzqwOhuqJklMk18K2KStjMzGmCSmo_CMjbIk90cYAyjHQu1eI_z_25VzuzdFwE8PtMW5Ze-qhwAHX5eWCYcJLrQAHsmPMKpIXgfDFFkeGiNNID2TKezMVHYP8UZ-SHBjme-TK07tiPLS3WksfTf3nB5bi2ZgmaebHeJ7aewCg2_UDTMjOL1aP-FxNAEoo42rWv4tKdusGl5VQu9O_Gmbgk2R8fNgYtSKKF8LOkxg "HTTP/1.1 200 OK"
INFO:routers.jira:Jira bulk prefetch: fetched 400 tickets so far
INFO:routers.jira:Jira bulk prefetch: fetched 500 tickets so far
INFO:httpx:HTTP Request: GET https://graph.microsoft.com/v1.0/users?$select=id%2cdisplayName%2cuserPrincipalName%2caccountEnabled%2cuserType%2csignInActivity%2cassignedLicenses%2ccreatedDateTime%2cmail&$top=999&$count=true&$skiptoken=m~AQAoO2I2NmViZGU2MmVmYzRmY2VhYWJiZWQ1ZWZkZDQ0MDQ3OzswOzA7Ow "HTTP/1.1 200 OK"
INFO:routers.jira:Jira bulk prefetch: fetched 600 tickets so far
INFO:httpx:HTTP Request: GET https://graph.microsoft.com/v1.0/identityProtection/riskyUsers?%24filter=riskState+ne+%27dismissed%27+and+riskState+ne+%27remediated%27&%24top=50 "HTTP/1.1 200 OK"
INFO:routers.jira:Jira bulk prefetch: fetched 700 tickets so far
INFO:httpx:HTTP Request: GET https://graph.microsoft.com/v1.0/identityProtection/riskyUsers?$filter=riskState+ne+%27dismissed%27+and+riskState+ne+%27remediated%27&$top=50&$skiptoken=3287d619c1597db70c346d202c76e443b15c02f6516fc5bfda5784ba156a02a6_50 "HTTP/1.1 200 OK"
INFO:httpx:HTTP Request: GET https://graph.microsoft.com/v1.0/identityProtection/riskyUsers?$filter=riskState+ne+%27dismissed%27+and+riskState+ne+%27remediated%27&$top=50&$skiptoken=831ae0fd3be9a2f2651375d4ea7d8e6ffbbb624ed423926d0abf0b65fe772128_100 "HTTP/1.1 200 OK"
INFO:routers.jira:Jira bulk prefetch: fetched 800 tickets so far
INFO:httpx:HTTP Request: GET https://graph.microsoft.com/v1.0/identityProtection/riskyUsers?$filter=riskState+ne+%27dismissed%27+and+riskState+ne+%27remediated%27&$top=50&$skiptoken=fd886699e076f9c3112ccbcc754f4b6b042dfd23f39255e3d31a9c822f927ddf_150 "HTTP/1.1 200 OK"
INFO:httpx:HTTP Request: GET https://graph.microsoft.com/v1.0/users?$select=id%2cdisplayName%2cuserPrincipalName%2caccountEnabled%2cuserType%2csignInActivity%2cassignedLicenses%2ccreatedDateTime%2cmail&$top=999&$count=true&$skiptoken=m~AQAoO2NhOWU5NWRiYmE4OTQ1Mjg4ODY2ZTBkNjcwYzZhNGQ5OzswOzA7Ow "HTTP/1.1 200 OK"
INFO:httpx:HTTP Request: GET https://graph.microsoft.com/v1.0/identityProtection/riskyUsers?$filter=riskState+ne+%27dismissed%27+and+riskState+ne+%27remediated%27&$top=50&$skiptoken=c3ed6a5d76bfa4c4325822988af47800c8f7c475038abaf2b7eb510b57e30d8a_200 "HTTP/1.1 200 OK"
INFO:routers.jira:Jira bulk prefetch: fetched 900 tickets so far
INFO:httpx:HTTP Request: GET https://graph.microsoft.com/v1.0/identityProtection/riskyUsers?$filter=riskState+ne+%27dismissed%27+and+riskState+ne+%27remediated%27&$top=50&$skiptoken=ae7ba594c4dce72cbc628be28bc01cde04532041547f061f71db7037195a28fd_250 "HTTP/1.1 200 OK"
INFO:routers.jira:Jira bulk prefetch: fetched 1000 tickets so far
INFO:httpx:HTTP Request: GET https://graph.microsoft.com/v1.0/identityProtection/riskyUsers?$filter=riskState+ne+%27dismissed%27+and+riskState+ne+%27remediated%27&$top=50&$skiptoken=ceb80fceed721448bb58ab6fa889d94f1e9a9482a372a7539d2b152e21e7d366_300 "HTTP/1.1 200 OK"
INFO:routers.jira:Jira bulk prefetch: fetched 1100 tickets so far
INFO:httpx:HTTP Request: GET https://graph.microsoft.com/v1.0/identityProtection/riskyUsers?$filter=riskState+ne+%27dismissed%27+and+riskState+ne+%27remediated%27&$top=50&$skiptoken=45716480b8864a27b9fa459957513bd47942abb343e15d0aa83a518805e08496_350 "HTTP/1.1 200 OK"
INFO:routers.jira:Jira bulk prefetch: fetched 1200 tickets so far
INFO:httpx:HTTP Request: GET https://graph.microsoft.com/v1.0/identityProtection/riskyUsers?$filter=riskState+ne+%27dismissed%27+and+riskState+ne+%27remediated%27&$top=50&$skiptoken=0d5d45bf756d05ccd6d144202344a53c5bf1e9839b8cf47e97c67d2fbf8c6287_400 "HTTP/1.1 200 OK"
INFO:httpx:HTTP Request: GET https://graph.microsoft.com/v1.0/identityProtection/riskyUsers?$filter=riskState+ne+%27dismissed%27+and+riskState+ne+%27remediated%27&$top=50&$skiptoken=a3d6ada2ad8a8d670d75e5520c3d3887064bc0391d484fbc962920535de8269d_450 "HTTP/1.1 200 OK"
INFO:httpx:HTTP Request: GET https://graph.microsoft.com/v1.0/users?$select=id%2cdisplayName%2cuserPrincipalName%2caccountEnabled%2cuserType%2csignInActivity%2cassignedLicenses%2ccreatedDateTime%2cmail&$top=999&$count=true&$skiptoken=m~AQAoO2RlZjM1YmMzYmQ3ZjRkZTRhNjY3YWY5NTFhNjI0ZWFmOzswOzA7Ow "HTTP/1.1 200 OK"
INFO:routers.jira:Jira bulk prefetch: fetched 1300 tickets so far
INFO:httpx:HTTP Request: GET https://graph.microsoft.com/v1.0/identityProtection/riskyUsers?$filter=riskState+ne+%27dismissed%27+and+riskState+ne+%27remediated%27&$top=50&$skiptoken=f23abe2431fa771fd3a0c207c861ec578f384174d38ec1487578300db014c2cd_500 "HTTP/1.1 200 OK"
INFO:routers.jira:Jira bulk prefetch: fetched 1390 tickets so far
INFO:routers.jira:Jira bulk prefetch: 1390 tickets indexed, 2244 words
INFO:routers.scheduler:Scheduler: Jira prefetch complete. 1390 ticket(s) fetched. 13/467 device(s) have open tickets.
INFO:apscheduler.executors.default:Job "job_opmanager_alerts (trigger: interval[0:05:00], next run at: 2026-05-11 17:02:22 CDT)" executed successfully
INFO:httpx:HTTP Request: GET https://graph.microsoft.com/v1.0/identityProtection/riskyUsers?$filter=riskState+ne+%27dismissed%27+and+riskState+ne+%27remediated%27&$top=50&$skiptoken=d04a3430e0b0ef32dd6fdcab0874146bfddea7c36ffcc38186564f6e1d509928_550 "HTTP/1.1 200 OK"
INFO:httpx:HTTP Request: GET https://graph.microsoft.com/v1.0/identity/conditionalAccess/policies "HTTP/1.1 200 OK"
INFO:routers.entra:Entra refresh complete: {'licenses': 38, 'users': 12604, 'groups': 19014, 'apps': 355, 'mailbox': 5041, 'risky': 584, 'ca_policies': 25}
INFO:httpx:HTTP Request: GET https://graph.microsoft.com/v1.0/users?$select=id%2cdisplayName%2cuserPrincipalName%2caccountEnabled%2cuserType%2csignInActivity%2cassignedLicenses%2ccreatedDateTime%2cmail&$top=999&$count=true&$skiptoken=m~AQAoO2YzMGFlMTNjNTJkYTRjMGZiYWNjYjg4MDJiZDQ2MGJhOzswOzA7Ow "HTTP/1.1 200 OK"
INFO:httpx:HTTP Request: GET https://graph.microsoft.com/v1.0/groups?%24select=id%2CdisplayName%2CgroupTypes%2CsecurityEnabled%2CmailEnabled%2CmembershipRule%2CcreatedDateTime&%24top=999 "HTTP/1.1 200 OK"
INFO:httpx:HTTP Request: GET https://graph.microsoft.com/v1.0/groups?$select=id%2cdisplayName%2cgroupTypes%2csecurityEnabled%2cmailEnabled%2cmembershipRule%2ccreatedDateTime&$top=999&$skiptoken=RFNwdAIAAQAAACpHcm91cF8wZTMwNDVhMy0xOTIxLTQ0MTctOWMxNC1kZjRiMTFiYzVjNGQqR3JvdXBfMGUzMDQ1YTMtMTkyMS00NDE3LTljMTQtZGY0YjExYmM1YzRkAAAAAAAAAAAAAAA "HTTP/1.1 200 OK"
INFO:httpx:HTTP Request: GET https://graph.microsoft.com/v1.0/groups?$select=id%2cdisplayName%2cgroupTypes%2csecurityEnabled%2cmailEnabled%2cmembershipRule%2ccreatedDateTime&$top=999&$skiptoken=RFNwdAIAACpHcm91cF8wZTMwNWQyOS1hMmUzLTQ3NTktODQ1NS0yOGE3ZmQxN2E0ZjIqR3JvdXBfMGUzMDVkMjktYTJlMy00NzU5LTg0NTUtMjhhN2ZkMTdhNGYyACpHcm91cF8xYzYzMzc5NS03MWNlLTRjOWQtYmI0OC0xMTJhYzI5ZmZkZDQqR3JvdXBfMWM2MzM3OTUtNzFjZS00YzlkLWJiNDgtMTEyYWMyOWZmZGQ0AAAAAAAAAAAAAAA "HTTP/1.1 200 OK"
INFO:httpx:HTTP Request: GET https://graph.microsoft.com/v1.0/groups?$select=id%2cdisplayName%2cgroupTypes%2csecurityEnabled%2cmailEnabled%2cmembershipRule%2ccreatedDateTime&$top=999&$skiptoken=RFNwdAIAACpHcm91cF8xYzY4NjEzNC1iY2Y4LTRhNDItOTJkNC1iZGI0ZGE5YTIxZGIqR3JvdXBfMWM2ODYxMzQtYmNmOC00YTQyLTkyZDQtYmRiNGRhOWEyMWRiACpHcm91cF8yOWMwYTJiMi0yZTE0LTQ2OWEtYjE5Mi00MGJjYzVmYmNjYTUqR3JvdXBfMjljMGEyYjItMmUxNC00NjlhLWIxOTItNDBiY2M1ZmJjY2E1AAAAAAAAAAAAAAA "HTTP/1.1 200 OK"
INFO:httpx:HTTP Request: GET https://graph.microsoft.com/v1.0/groups?$select=id%2cdisplayName%2cgroupTypes%2csecurityEnabled%2cmailEnabled%2cmembershipRule%2ccreatedDateTime&$top=999&$skiptoken=RFNwdAIAACpHcm91cF8yOWM4ZThhMS0zNjQ1LTQyNTUtYmExOC00ZjMzYmFkNzNlOTEqR3JvdXBfMjljOGU4YTEtMzY0NS00MjU1LWJhMTgtNGYzM2JhZDczZTkxACpHcm91cF8zNzI1YTQyZi1lODJiLTRkMDEtYjQ2NC1iYzdmN2I4MTIyNzYqR3JvdXBfMzcyNWE0MmYtZTgyYi00ZDAxLWI0NjQtYmM3ZjdiODEyMjc2AAAAAAAAAAAAAAA "HTTP/1.1 200 OK"
INFO:httpx:HTTP Request: GET https://graph.microsoft.com/v1.0/groups?$select=id%2cdisplayName%2cgroupTypes%2csecurityEnabled%2cmailEnabled%2cmembershipRule%2ccreatedDateTime&$top=999&$skiptoken=RFNwdAIAACpHcm91cF8zNzJlZDRhYi1kYWZiLTQyODItOTA2MC04ZWIzMWQxYThkOTEqR3JvdXBfMzcyZWQ0YWItZGFmYi00MjgyLTkwNjAtOGViMzFkMWE4ZDkxACpHcm91cF80NDk1N2IwYi0wMGQ0LTQ1ZDQtYWI2Yi0yODk5ZTk2Y2Q2MjcqR3JvdXBfNDQ5NTdiMGItMDBkNC00NWQ0LWFiNmItMjg5OWU5NmNkNjI3AAAAAAAAAAAAAAA "HTTP/1.1 200 OK"
INFO:httpx:HTTP Request: GET https://graph.microsoft.com/v1.0/groups?$select=id%2cdisplayName%2cgroupTypes%2csecurityEnabled%2cmailEnabled%2cmembershipRule%2ccreatedDateTime&$top=999&$skiptoken=RFNwdAIAACpHcm91cF80NDk4M2ZlNC1jMGNhLTRlZTAtOWExMC0yZWI2ZGUxNGExY2YqR3JvdXBfNDQ5ODNmZTQtYzBjYS00ZWUwLTlhMTAtMmViNmRlMTRhMWNmACpHcm91cF81MWI5ZmQ0YS1kZTkxLTQ5YmUtYTU1Mi05YTI2ZDdkMGJhNzIqR3JvdXBfNTFiOWZkNGEtZGU5MS00OWJlLWE1NTItOWEyNmQ3ZDBiYTcyAAAAAAAAAAAAAAA "HTTP/1.1 200 OK"
INFO:httpx:HTTP Request: GET https://graph.microsoft.com/v1.0/groups?$select=id%2cdisplayName%2cgroupTypes%2csecurityEnabled%2cmailEnabled%2cmembershipRule%2ccreatedDateTime&$top=999&$skiptoken=RFNwdAIAACpHcm91cF81MWJhZTY3Yi04YzZkLTRlMDItOTJjZi0wZDQ5YjI0Zjg3YjEqR3JvdXBfNTFiYWU2N2ItOGM2ZC00ZTAyLTkyY2YtMGQ0OWIyNGY4N2IxACpHcm91cF81ZTZlNTM1Yi1jMzNjLTQ0ZmMtYTdjNC03ZWUwYzMwNDg5YTIqR3JvdXBfNWU2ZTUzNWItYzMzYy00NGZjLWE3YzQtN2VlMGMzMDQ4OWEyAAAAAAAAAAAAAAA "HTTP/1.1 200 OK"
INFO:httpx:HTTP Request: GET https://graph.microsoft.com/v1.0/groups?$select=id%2cdisplayName%2cgroupTypes%2csecurityEnabled%2cmailEnabled%2cmembershipRule%2ccreatedDateTime&$top=999&$skiptoken=RFNwdAIAACpHcm91cF81ZTcwOGFmYi03NDQ1LTQzMGItOWQ5ZS1lNjdkYjVmNjUxNjQqR3JvdXBfNWU3MDhhZmItNzQ0NS00MzBiLTlkOWUtZTY3ZGI1ZjY1MTY0ACpHcm91cF82Yzk2YWVmMy0xMjA3LTRhYWQtODIwMC0wNzhmOTU0Zjc1MTcqR3JvdXBfNmM5NmFlZjMtMTIwNy00YWFkLTgyMDAtMDc4Zjk1NGY3NTE3AAAAAAAAAAAAAAA "HTTP/1.1 200 OK"
INFO:httpx:HTTP Request: GET https://graph.microsoft.com/v1.0/groups?$select=id%2cdisplayName%2cgroupTypes%2csecurityEnabled%2cmailEnabled%2cmembershipRule%2ccreatedDateTime&$top=999&$skiptoken=RFNwdAIAACpHcm91cF82Yzk5ZmQyNi00MzJiLTRhMjctOTVhNC05MmEzNGQ1YTA3MWYqR3JvdXBfNmM5OWZkMjYtNDMyYi00YTI3LTk1YTQtOTJhMzRkNWEwNzFmACpHcm91cF83OWY1YjQ3MS1lMWJmLTQ3Y2YtYTFiMy05ODBiOTRjNWQ4ZjYqR3JvdXBfNzlmNWI0NzEtZTFiZi00N2NmLWExYjMtOTgwYjk0YzVkOGY2AAAAAAAAAAAAAAA "HTTP/1.1 200 OK"
INFO:httpx:HTTP Request: GET https://graph.microsoft.com/v1.0/groups?$select=id%2cdisplayName%2cgroupTypes%2csecurityEnabled%2cmailEnabled%2cmembershipRule%2ccreatedDateTime&$top=999&$skiptoken=RFNwdAIAACpHcm91cF83OWY4OGRlZS1lN2Y5LTRkZDQtOWFjYS04Y2YyZTMwYTlmYmQqR3JvdXBfNzlmODhkZWUtZTdmOS00ZGQ0LTlhY2EtOGNmMmUzMGE5ZmJkACpHcm91cF84NzJjNjFhYi1kYmVjLTQzMTMtOTU1Ni0zODU4NmU5MWM3ZTMqR3JvdXBfODcyYzYxYWItZGJlYy00MzEzLTk1NTYtMzg1ODZlOTFjN2UzAAAAAAAAAAAAAAA "HTTP/1.1 200 OK"
INFO:httpx:HTTP Request: GET https://graph.microsoft.com/v1.0/groups?$select=id%2cdisplayName%2cgroupTypes%2csecurityEnabled%2cmailEnabled%2cmembershipRule%2ccreatedDateTime&$top=999&$skiptoken=RFNwdAIAACpHcm91cF84NzMyZDMwNC01YzQ0LTRiODQtYjQxZC0xMmU3Mjg3YzgzNGUqR3JvdXBfODczMmQzMDQtNWM0NC00Yjg0LWI0MWQtMTJlNzI4N2M4MzRlACpHcm91cF85NTFkZjk4OC03NWFjLTRiYTQtYjc1My1lMTcyZDJhOWY3ODkqR3JvdXBfOTUxZGY5ODgtNzVhYy00YmE0LWI3NTMtZTE3MmQyYTlmNzg5AAAAAAAAAAAAAAA "HTTP/1.1 200 OK"
INFO:httpx:HTTP Request: GET https://graph.microsoft.com/v1.0/groups?$select=id%2cdisplayName%2cgroupTypes%2csecurityEnabled%2cmailEnabled%2cmembershipRule%2ccreatedDateTime&$top=999&$skiptoken=RFNwdAIAACpHcm91cF85NTFmOWIyZC00NTFkLTQwODItYWYxZS1mZWY3YTBmYTUwZGUqR3JvdXBfOTUxZjliMmQtNDUxZC00MDgyLWFmMWUtZmVmN2EwZmE1MGRlACpHcm91cF9hMjQ4YjBhZi1kMzg2LTRlMTYtOGMxNS00MTBkZmRiM2Y4NmUqR3JvdXBfYTI0OGIwYWYtZDM4Ni00ZTE2LThjMTUtNDEwZGZkYjNmODZlAAAAAAAAAAAAAAA "HTTP/1.1 200 OK"
INFO:httpx:HTTP Request: GET https://graph.microsoft.com/v1.0/groups?$select=id%2cdisplayName%2cgroupTypes%2csecurityEnabled%2cmailEnabled%2cmembershipRule%2ccreatedDateTime&$top=999&$skiptoken=RFNwdAIAACpHcm91cF9hMjRlYWFmYi03YWUwLTRjNjYtODc3Yi1jMjhjNzNjNzRiNmQqR3JvdXBfYTI0ZWFhZmItN2FlMC00YzY2LTg3N2ItYzI4YzczYzc0YjZkACpHcm91cF9hZjZkMjVmMC03ODJiLTQ2ZDAtOTBjYy05ZmU3ZmZjNTQ5NWMqR3JvdXBfYWY2ZDI1ZjAtNzgyYi00NmQwLTkwY2MtOWZlN2ZmYzU0OTVjAAAAAAAAAAAAAAA "HTTP/1.1 200 OK"
INFO:httpx:HTTP Request: GET https://graph.microsoft.com/v1.0/groups?$select=id%2cdisplayName%2cgroupTypes%2csecurityEnabled%2cmailEnabled%2cmembershipRule%2ccreatedDateTime&$top=999&$skiptoken=RFNwdAIAACpHcm91cF9hZjZlMTQxYi1lNjAzLTQwNjQtYmI5ZS0xNThiZWJmNjM1MDgqR3JvdXBfYWY2ZTE0MWItZTYwMy00MDY0LWJiOWUtMTU4YmViZjYzNTA4ACpHcm91cF9iY2RhNmYwYy1iMjA1LTQ4MTQtYTNmYS1kNzc5NmQ3MGFmNTkqR3JvdXBfYmNkYTZmMGMtYjIwNS00ODE0LWEzZmEtZDc3OTZkNzBhZjU5AAAAAAAAAAAAAAA "HTTP/1.1 200 OK"
INFO:httpx:HTTP Request: GET https://graph.microsoft.com/v1.0/groups?$select=id%2cdisplayName%2cgroupTypes%2csecurityEnabled%2cmailEnabled%2cmembershipRule%2ccreatedDateTime&$top=999&$skiptoken=RFNwdAIAACpHcm91cF9iY2RjNTVmZC03N2U5LTQ4ZGEtYmZjMi04YmMzNWY1MDZjYjMqR3JvdXBfYmNkYzU1ZmQtNzdlOS00OGRhLWJmYzItOGJjMzVmNTA2Y2IzACpHcm91cF9jYTcxNWNlNC05ODJhLTRkYzMtOGVhMS02MjVlNTc4NThmNTAqR3JvdXBfY2E3MTVjZTQtOTgyYS00ZGMzLThlYTEtNjI1ZTU3ODU4ZjUwAAAAAAAAAAAAAAA "HTTP/1.1 200 OK"
INFO:httpx:HTTP Request: GET https://graph.microsoft.com/v1.0/groups?$select=id%2cdisplayName%2cgroupTypes%2csecurityEnabled%2cmailEnabled%2cmembershipRule%2ccreatedDateTime&$top=999&$skiptoken=RFNwdAIAACpHcm91cF9jYTc2MDAzYy0yNjBhLTQ5YmUtOTY3ZS03ZWMxYmY4MmM0MDIqR3JvdXBfY2E3NjAwM2MtMjYwYS00OWJlLTk2N2UtN2VjMWJmODJjNDAyACpHcm91cF9kN2Q0MTgzNC00Y2E0LTQwOWEtYjU4ZC1jZWM2YzZhZTA3MGQqR3JvdXBfZDdkNDE4MzQtNGNhNC00MDlhLWI1OGQtY2VjNmM2YWUwNzBkAAAAAAAAAAAAAAA "HTTP/1.1 200 OK"
INFO:httpx:HTTP Request: GET https://graph.microsoft.com/v1.0/groups?$select=id%2cdisplayName%2cgroupTypes%2csecurityEnabled%2cmailEnabled%2cmembershipRule%2ccreatedDateTime&$top=999&$skiptoken=RFNwdAIAACpHcm91cF9kN2RkMDAzYS04OTU5LTRjOTUtOGZlNS04ZWRkYWNmM2NhMzQqR3JvdXBfZDdkZDAwM2EtODk1OS00Yzk1LThmZTUtOGVkZGFjZjNjYTM0ACpHcm91cF9lNGNhNDlkNi1hODBiLTQxNjYtYTA3Ny1mZDU4NDZhMTIwYTIqR3JvdXBfZTRjYTQ5ZDYtYTgwYi00MTY2LWEwNzctZmQ1ODQ2YTEyMGEyAAAAAAAAAAAAAAA "HTTP/1.1 200 OK"
INFO:httpx:HTTP Request: GET https://graph.microsoft.com/v1.0/groups?$select=id%2cdisplayName%2cgroupTypes%2csecurityEnabled%2cmailEnabled%2cmembershipRule%2ccreatedDateTime&$top=999&$skiptoken=RFNwdAIAACpHcm91cF9lNGQyODA5OS03ODI2LTQwMjctOGIwYS0yMTI0MGIzM2Y4ZjEqR3JvdXBfZTRkMjgwOTktNzgyNi00MDI3LThiMGEtMjEyNDBiMzNmOGYxACpHcm91cF9mMjU3NmY4My1kZjI3LTQ1NzAtYTY1OS1kM2M3Yzk2ZmRlNTkqR3JvdXBfZjI1NzZmODMtZGYyNy00NTcwLWE2NTktZDNjN2M5NmZkZTU5AAAAAAAAAAAAAAA "HTTP/1.1 200 OK"
INFO:httpx:HTTP Request: GET https://graph.microsoft.com/v1.0/groups?$select=id%2cdisplayName%2cgroupTypes%2csecurityEnabled%2cmailEnabled%2cmembershipRule%2ccreatedDateTime&$top=999&$skiptoken=RFNwdAIAACpHcm91cF9mMjYwMGVkYy01N2VkLTQ5YjQtODJlMi1iZjZmYmIzODJkYWIqR3JvdXBfZjI2MDBlZGMtNTdlZC00OWI0LTgyZTItYmY2ZmJiMzgyZGFiACpHcm91cF9mZjlhZjJkMS1iMzA5LTRmYzEtOGVlYS02NGQ4M2ZmMGQxMjcqR3JvdXBfZmY5YWYyZDEtYjMwOS00ZmMxLThlZWEtNjRkODNmZjBkMTI3AAAAAAAAAAAAAAA "HTTP/1.1 200 OK"
INFO:httpx:HTTP Request: GET https://graph.microsoft.com/v1.0/applications?%24select=id%2CdisplayName%2CappId%2CcreatedDateTime%2CpasswordCredentials%2CkeyCredentials%2CsignInAudience&%24top=999 "HTTP/1.1 200 OK"
INFO:httpx:HTTP Request: GET https://graph.microsoft.com/v1.0/reports/getMailboxUsageDetail(period='D30') "HTTP/1.1 302 Found"
INFO:httpx:HTTP Request: GET https://reportsncu.office.com/data/v1.0/download?token=eyJhbGciOiJSUzI1NiIsImtpZCI6IkY5QjU0NEU5N0Y1OERGOUM2RUNBQTVERTYyOEQ5RDgwNEE1M0YzRUEiLCJ0eXAiOiJKV1QifQ.eyJ0aWQiOiJjMGQ5YTE1OS0xOGFiLTRjMzEtYTVhNS1mNGQwYjgwNWRlN2QiLCJlbnQiOiJnZXRNYWlsYm94VXNhZ2VEZXRhaWwiLCJhcHAiOiI4NmNkOWVjZi00YTE3LTQ1NGYtYjY5ZC04N2JjNDQ4NGUyZjEiLCJjaWQiOiJBODlCOUYyNEE0NkM0QUZDOEEwREE2QUQ4MkM4RjlBMSIsImd2ZXIiOiJWMSIsImFnZyI6Ik0zMCIsImRhdGUiOiIiLCJ0dmVyIjoiVjEuMCIsInJlcSI6InJlcG9ydHNuY3Uub2ZmaWNlLmNvbSIsInBvciI6IjQ0MyIsIm5iZiI6MTc3ODUzNjY3MSwiZXhwIjoxNzc4NTM2NzkxLCJpYXQiOjE3Nzg1MzY2NzEsImlzcyI6IjUwN2JjOWRhLWM0ZTItNDBjYi05NmE3LWFjOTBkZjkyNjg1YyIsImF1ZCI6InJlcG9ydHNuY3Uub2ZmaWNlLmNvbSJ9.Hy9x5L2qvNC7asIAmnu0arxj1cR2Qkg4eLhye0Zhr5-wTWhv8st4hoR0wKkUvS_t0BfcrVci2QBq4ZD0ezTKdaQleuUT77bY6XRajZtPQpqdCjkuysxIxRYWWYjwpQ7EiZJoU9J4TRN28rEcOPjIh68zmg3Zqdsz7l4PBiTirR9ZSrsvpx1qQ9EUm89EooiR7TAbB40hT8DXta6RILnVz7C0wIDswgje4gxD5j1VwWL9cbAurfg9g6y-GXO2oHJKTSvtXRo1tK7f2AZsvT1B23FmhPtdD0DKsLiqSijYcY93QfM6epsi5Gf1wmMPnQcQdLxDN0o88RC0nb23UHWJLg "HTTP/1.1 200 OK"
INFO:httpx:HTTP Request: GET https://graph.microsoft.com/v1.0/identityProtection/riskyUsers?%24filter=riskState+ne+%27dismissed%27+and+riskState+ne+%27remediated%27&%24top=50 "HTTP/1.1 200 OK"
INFO:httpx:HTTP Request: GET https://graph.microsoft.com/v1.0/identityProtection/riskyUsers?$filter=riskState+ne+%27dismissed%27+and+riskState+ne+%27remediated%27&$top=50&$skiptoken=3287d619c1597db70c346d202c76e443b15c02f6516fc5bfda5784ba156a02a6_50 "HTTP/1.1 200 OK"
INFO:httpx:HTTP Request: GET https://graph.microsoft.com/v1.0/identityProtection/riskyUsers?$filter=riskState+ne+%27dismissed%27+and+riskState+ne+%27remediated%27&$top=50&$skiptoken=831ae0fd3be9a2f2651375d4ea7d8e6ffbbb624ed423926d0abf0b65fe772128_100 "HTTP/1.1 200 OK"
INFO:httpx:HTTP Request: GET https://graph.microsoft.com/v1.0/identityProtection/riskyUsers?$filter=riskState+ne+%27dismissed%27+and+riskState+ne+%27remediated%27&$top=50&$skiptoken=fd886699e076f9c3112ccbcc754f4b6b042dfd23f39255e3d31a9c822f927ddf_150 "HTTP/1.1 200 OK"
INFO:httpx:HTTP Request: GET https://graph.microsoft.com/v1.0/identityProtection/riskyUsers?$filter=riskState+ne+%27dismissed%27+and+riskState+ne+%27remediated%27&$top=50&$skiptoken=c3ed6a5d76bfa4c4325822988af47800c8f7c475038abaf2b7eb510b57e30d8a_200 "HTTP/1.1 200 OK"
INFO:httpx:HTTP Request: GET https://graph.microsoft.com/v1.0/identityProtection/riskyUsers?$filter=riskState+ne+%27dismissed%27+and+riskState+ne+%27remediated%27&$top=50&$skiptoken=ae7ba594c4dce72cbc628be28bc01cde04532041547f061f71db7037195a28fd_250 "HTTP/1.1 200 OK"
WARNING:  StatReload detected changes in 'routers\entra.py'. Reloading...
 INFO:httpx:HTTP Request: GET https://graph.microsoft.com/v1.0/identityProtection/riskyUsers?$filter=riskState+ne+%27dismissed%27+and+riskState+ne+%27remediated%27&$top=50&$skiptoken=ceb80fceed721448bb58ab6fa889d94f1e9a9482a372a7539d2b152e21e7d366_300 "HTTP/1.1 200 OK"
INFO:httpx:HTTP Request: GET https://graph.microsoft.com/v1.0/identityProtection/riskyUsers?$filter=riskState+ne+%27dismissed%27+and+riskState+ne+%27remediated%27&$top=50&$skiptoken=45716480b8864a27b9fa459957513bd47942abb343e15d0aa83a518805e08496_350 "HTTP/1.1 200 OK"
INFO:httpx:HTTP Request: GET https://graph.microsoft.com/v1.0/identityProtection/riskyUsers?$filter=riskState+ne+%27dismissed%27+and+riskState+ne+%27remediated%27&$top=50&$skiptoken=0d5d45bf756d05ccd6d144202344a53c5bf1e9839b8cf47e97c67d2fbf8c6287_400 "HTTP/1.1 200 OK"
INFO:httpx:HTTP Request: GET https://graph.microsoft.com/v1.0/identityProtection/riskyUsers?$filter=riskState+ne+%27dismissed%27+and+riskState+ne+%27remediated%27&$top=50&$skiptoken=a3d6ada2ad8a8d670d75e5520c3d3887064bc0391d484fbc962920535de8269d_450 "HTTP/1.1 200 OK"
INFO:httpx:HTTP Request: GET https://graph.microsoft.com/v1.0/identityProtection/riskyUsers?$filter=riskState+ne+%27dismissed%27+and+riskState+ne+%27remediated%27&$top=50&$skiptoken=f23abe2431fa771fd3a0c207c861ec578f384174d38ec1487578300db014c2cd_500 "HTTP/1.1 200 OK"
INFO:httpx:HTTP Request: GET https://graph.microsoft.com/v1.0/identityProtection/riskyUsers?$filter=riskState+ne+%27dismissed%27+and+riskState+ne+%27remediated%27&$top=50&$skiptoken=d04a3430e0b0ef32dd6fdcab0874146bfddea7c36ffcc38186564f6e1d509928_550 "HTTP/1.1 200 OK"
INFO:httpx:HTTP Request: GET https://graph.microsoft.com/v1.0/identity/conditionalAccess/policies "HTTP/1.1 200 OK"
INFO:routers.entra:Entra refresh complete: {'licenses': 38, 'users': 12604, 'groups': 19014, 'apps': 355, 'mailbox': 5041, 'risky': 584, 'ca_policies': 25}
INFO:apscheduler.executors.default:Running job "job_opmanager_devices (trigger: interval[0:15:00], next run at: 2026-05-11 17:17:22 CDT)" (scheduled at 2026-05-11 17:02:22.493514-05:00)
INFO:routers.scheduler:Scheduler: Refreshing OpManager devices...
INFO:apscheduler.executors.default:Running job "job_opmanager_alerts (trigger: interval[0:05:00], next run at: 2026-05-11 17:07:22 CDT)" (scheduled at 2026-05-11 17:02:22.493470-05:00)
INFO:routers.scheduler:Scheduler: Refreshing OpManager alerts...
INFO:apscheduler.executors.default:Running job "job_findings (trigger: interval[0:15:00], next run at: 2026-05-11 17:17:22 CDT)" (scheduled at 2026-05-11 17:02:22.494404-05:00)
INFO:apscheduler.executors.default:Running job "job_citrix_power_unknown_check (trigger: interval[0:15:00], next run at: 2026-05-11 17:17:22 CDT)" (scheduled at 2026-05-11 17:02:22.494029-05:00)
INFO:apscheduler.executors.default:Running job "job_meraki_refresh (trigger: interval[0:15:00], next run at: 2026-05-11 17:17:22 CDT)" (scheduled at 2026-05-11 17:02:22.494213-05:00)
INFO:routers.scheduler:Scheduler: Refreshing Meraki data...
INFO:routers.meraki:Meraki refresh: starting...
INFO:routers.scheduler:Scheduler: Checking Citrix machine power states for unknowns...
INFO:routers.scheduler:Scheduler: Power check complete. New unknowns: 0, Recovered: 0, Notified teams: none
INFO:apscheduler.executors.default:Job "job_citrix_power_unknown_check (trigger: interval[0:15:00], next run at: 2026-05-11 17:17:22 CDT)" executed successfully
INFO:routers.findings:findings: refreshed — 32 total
INFO:routers.scheduler:Scheduler: findings refreshed — 32 findings
INFO:apscheduler.executors.default:Job "job_findings (trigger: interval[0:15:00], next run at: 2026-05-11 17:17:22 CDT)" executed successfully
INFO:routers.meraki:Meraki: fetched 11 networks across 2 orgs.
INFO:routers.meraki:Meraki: fetched 215 devices.
INFO:routers.meraki:Meraki: fetched uplinks for 19 appliances.
INFO:routers.scheduler:Scheduler: OpManager alerts updated. Count: 8745
INFO:routers.scheduler:Scheduler: OpManager devices updated.
INFO:apscheduler.executors.default:Job "job_opmanager_devices (trigger: interval[0:15:00], next run at: 2026-05-11 17:17:22 CDT)" executed successfully
INFO:routers.jira:Jira bulk prefetch: fetched 100 tickets so far
INFO:routers.jira:Jira bulk prefetch: fetched 200 tickets so far
INFO:routers.jira:Jira bulk prefetch: fetched 300 tickets so far
INFO:routers.jira:Jira bulk prefetch: fetched 400 tickets so far
INFO:routers.jira:Jira bulk prefetch: fetched 500 tickets so far
INFO:routers.jira:Jira bulk prefetch: fetched 600 tickets so far
INFO:routers.jira:Jira bulk prefetch: fetched 700 tickets so far
INFO:routers.jira:Jira bulk prefetch: fetched 800 tickets so far
INFO:routers.jira:Jira bulk prefetch: fetched 900 tickets so far
INFO:routers.jira:Jira bulk prefetch: fetched 1000 tickets so far
INFO:routers.meraki:Meraki: fetched 974 clients.
INFO:routers.meraki:Meraki refresh complete. 11 networks, 215 devices, 19 uplink appliances, 974 recent clients.
INFO:apscheduler.executors.default:Job "job_meraki_refresh (trigger: interval[0:15:00], next run at: 2026-05-11 17:17:22 CDT)" executed successfully
INFO:routers.jira:Jira bulk prefetch: fetched 1100 tickets so far
INFO:routers.jira:Jira bulk prefetch: fetched 1200 tickets so far
INFO:routers.jira:Jira bulk prefetch: fetched 1300 tickets so far
INFO:routers.jira:Jira bulk prefetch: fetched 1390 tickets so far
INFO:routers.jira:Jira bulk prefetch: 1390 tickets indexed, 2244 words
INFO:routers.scheduler:Scheduler: Jira prefetch complete. 1390 ticket(s) fetched. 13/466 device(s) have open tickets.
INFO:apscheduler.executors.default:Job "job_opmanager_alerts (trigger: interval[0:05:00], next run at: 2026-05-11 17:07:22 CDT)" executed successfully
INFO:     Shutting down
INFO:     Waiting for application shutdown.
INFO:     Application shutdown complete.
INFO:     Finished server process [12800]
INFO:routers.notifications:notifications: loaded 0 persisted alert states
INFO:apscheduler.scheduler:Adding job tentatively -- it will be properly scheduled when the scheduler starts
INFO:apscheduler.scheduler:Adding job tentatively -- it will be properly scheduled when the scheduler starts
INFO:apscheduler.scheduler:Adding job tentatively -- it will be properly scheduled when the scheduler starts
INFO:apscheduler.scheduler:Adding job tentatively -- it will be properly scheduled when the scheduler starts
INFO:apscheduler.scheduler:Adding job tentatively -- it will be properly scheduled when the scheduler starts
INFO:apscheduler.scheduler:Adding job tentatively -- it will be properly scheduled when the scheduler starts
INFO:apscheduler.scheduler:Adding job tentatively -- it will be properly scheduled when the scheduler starts
INFO:apscheduler.scheduler:Adding job tentatively -- it will be properly scheduled when the scheduler starts
INFO:apscheduler.scheduler:Adding job tentatively -- it will be properly scheduled when the scheduler starts
INFO:apscheduler.scheduler:Adding job tentatively -- it will be properly scheduled when the scheduler starts
INFO:apscheduler.scheduler:Adding job tentatively -- it will be properly scheduled when the scheduler starts
INFO:apscheduler.scheduler:Adding job tentatively -- it will be properly scheduled when the scheduler starts
INFO:apscheduler.scheduler:Adding job tentatively -- it will be properly scheduled when the scheduler starts
INFO:apscheduler.scheduler:Adding job tentatively -- it will be properly scheduled when the scheduler starts
INFO:apscheduler.scheduler:Adding job tentatively -- it will be properly scheduled when the scheduler starts
INFO:apscheduler.scheduler:Adding job tentatively -- it will be properly scheduled when the scheduler starts
INFO:apscheduler.scheduler:Adding job tentatively -- it will be properly scheduled when the scheduler starts
INFO:apscheduler.scheduler:Adding job tentatively -- it will be properly scheduled when the scheduler starts
INFO:apscheduler.scheduler:Adding job tentatively -- it will be properly scheduled when the scheduler starts
INFO:apscheduler.scheduler:Adding job tentatively -- it will be properly scheduled when the scheduler starts
INFO:apscheduler.scheduler:Adding job tentatively -- it will be properly scheduled when the scheduler starts
INFO:apscheduler.scheduler:Adding job tentatively -- it will be properly scheduled when the scheduler starts
INFO:apscheduler.scheduler:Adding job tentatively -- it will be properly scheduled when the scheduler starts
INFO:apscheduler.scheduler:Adding job tentatively -- it will be properly scheduled when the scheduler starts
INFO:apscheduler.scheduler:Adding job tentatively -- it will be properly scheduled when the scheduler starts
INFO:apscheduler.scheduler:Added job "job_basic_vms" to job store "default"
INFO:apscheduler.scheduler:Added job "job_basic_hosts" to job store "default"
INFO:apscheduler.scheduler:Added job "job_detailed_vms" to job store "default"
INFO:apscheduler.scheduler:Added job "job_disk_snapshots" to job store "default"
INFO:apscheduler.scheduler:Added job "job_untagged_vms" to job store "default"
INFO:apscheduler.scheduler:Added job "job_detailed_hosts" to job store "default"
INFO:apscheduler.scheduler:Added job "job_opmanager_alerts" to job store "default"
INFO:apscheduler.scheduler:Added job "job_opmanager_devices" to job store "default"
INFO:apscheduler.scheduler:Added job "job_jira_prefetch" to job store "default"
INFO:apscheduler.scheduler:Added job "job_ad_summary" to job store "default"
INFO:apscheduler.scheduler:Added job "job_ad_reports" to job store "default"
INFO:apscheduler.scheduler:Added job "job_ad_gpo_analysis" to job store "default"
INFO:apscheduler.scheduler:Added job "job_cert_summary" to job store "default"
INFO:apscheduler.scheduler:Added job "job_cert_expiring" to job store "default"
INFO:apscheduler.scheduler:Added job "job_cert_dc_certs" to job store "default"
INFO:apscheduler.scheduler:Added job "job_citrix_summary" to job store "default"
INFO:apscheduler.scheduler:Added job "job_citrix_power_unknown_check" to job store "default"
INFO:apscheduler.scheduler:Added job "job_lansweeper_summary" to job store "default"
INFO:apscheduler.scheduler:Added job "job_lansweeper_patch" to job store "default"
INFO:apscheduler.scheduler:Added job "job_lansweeper_assets" to job store "default"
INFO:apscheduler.scheduler:Added job "job_meraki_refresh" to job store "default"
INFO:apscheduler.scheduler:Added job "job_ai_analysis" to job store "default"
INFO:apscheduler.scheduler:Added job "job_jira_intelligence" to job store "default"
INFO:apscheduler.scheduler:Added job "job_findings" to job store "default"
INFO:apscheduler.scheduler:Added job "job_entra_refresh" to job store "default"
INFO:apscheduler.scheduler:Scheduler started
INFO:routers.scheduler:Scheduler started. All background jobs active.
INFO:apscheduler.executors.default:Running job "job_jira_prefetch (trigger: interval[0:30:00], next run at: 2026-05-11 17:33:21 CDT)" (scheduled at 2026-05-11 17:03:21.012494-05:00)
INFO:apscheduler.executors.default:Running job "job_lansweeper_summary (trigger: interval[6:00:00], next run at: 2026-05-11 17:03:21 CDT)" (scheduled at 2026-05-11 17:03:21.013050-05:00)
INFO:apscheduler.executors.default:Running job "job_citrix_summary (trigger: interval[1:00:00], next run at: 2026-05-11 18:03:21 CDT)" (scheduled at 2026-05-11 17:03:21.012949-05:00)
INFO:routers.scheduler:Scheduler: Refreshing Citrix summary...
INFO:routers.scheduler:Scheduler: Refreshing Lansweeper asset summary...
INFO:apscheduler.executors.default:Running job "job_lansweeper_assets (trigger: interval[6:00:00], next run at: 2026-05-11 17:03:21 CDT)" (scheduled at 2026-05-11 17:03:21.013174-05:00)
INFO:apscheduler.executors.default:Running job "job_lansweeper_patch (trigger: interval[6:00:00], next run at: 2026-05-11 23:03:21 CDT)" (scheduled at 2026-05-11 17:03:21.013123-05:00)
INFO:routers.scheduler:Scheduler: Refreshing Lansweeper patch status...
INFO:routers.scheduler:Scheduler: Refreshing Lansweeper asset list...
INFO:apscheduler.executors.default:Running job "job_meraki_refresh (trigger: interval[0:15:00], next run at: 2026-05-11 17:03:21 CDT)" (scheduled at 2026-05-11 17:03:21.013222-05:00)
INFO:routers.scheduler:Scheduler: Refreshing Meraki data...
INFO:routers.meraki:Meraki refresh: starting...
INFO:apscheduler.executors.default:Running job "job_findings (trigger: interval[0:15:00], next run at: 2026-05-11 17:18:21 CDT)" (scheduled at 2026-05-11 17:03:21.013436-05:00)
INFO:     Started server process [33912]
INFO:     Waiting for application startup.
INFO:     Application startup complete.
INFO:routers.findings:findings: refreshed — 29 total
INFO:routers.scheduler:Scheduler: findings refreshed — 29 findings
INFO:apscheduler.executors.default:Job "job_findings (trigger: interval[0:15:00], next run at: 2026-05-11 17:18:21 CDT)" executed successfully
INFO:routers.jira:Jira bulk prefetch: fetched 100 tickets so far
INFO:routers.meraki:Meraki: fetched 11 networks across 2 orgs.
INFO:routers.jira:Jira bulk prefetch: fetched 200 tickets so far
INFO:routers.jira:Jira bulk prefetch: fetched 300 tickets so far
INFO:routers.jira:Jira bulk prefetch: fetched 400 tickets so far
INFO:routers.jira:Jira bulk prefetch: fetched 500 tickets so far
INFO:routers.meraki:Meraki: fetched 215 devices.
INFO:routers.jira:Jira bulk prefetch: fetched 600 tickets so far
INFO:routers.jira:Jira bulk prefetch: fetched 700 tickets so far
INFO:routers.meraki:Meraki: fetched uplinks for 19 appliances.
INFO:routers.jira:Jira bulk prefetch: fetched 800 tickets so far
INFO:routers.jira:Jira bulk prefetch: fetched 900 tickets so far
INFO:routers.jira:Jira bulk prefetch: fetched 1000 tickets so far
INFO:routers.jira:Jira bulk prefetch: fetched 1100 tickets so far
INFO:routers.jira:Jira bulk prefetch: fetched 1200 tickets so far
INFO:routers.jira:Jira bulk prefetch: fetched 1300 tickets so far
INFO:routers.jira:Jira bulk prefetch: fetched 1390 tickets so far
INFO:routers.jira:Jira bulk prefetch: 1390 tickets indexed, 2244 words
INFO:routers.scheduler:Scheduler: Jira prefetch complete. 1390 ticket(s) fetched. 13/466 device(s) have open tickets.
INFO:apscheduler.executors.default:Job "job_jira_prefetch (trigger: interval[0:30:00], next run at: 2026-05-11 17:33:21 CDT)" executed successfully
INFO:routers.scheduler:Scheduler: Citrix updated. Machines: 687, Sessions: 601
INFO:apscheduler.executors.default:Job "job_citrix_summary (trigger: interval[1:00:00], next run at: 2026-05-11 18:03:21 CDT)" executed successfully
INFO:routers.meraki:Meraki: fetched 970 clients.
INFO:routers.meraki:Meraki refresh complete. 11 networks, 215 devices, 19 uplink appliances, 970 recent clients.
INFO:apscheduler.executors.default:Job "job_meraki_refresh (trigger: interval[0:15:00], next run at: 2026-05-11 17:18:21 CDT)" executed successfully
INFO:     127.0.0.1:49673 - "GET /infraportal/ HTTP/1.1" 302 Found
INFO:     127.0.0.1:49673 - "GET /infraportal/auth/login?next=http://localhost:8000/infraportal/ HTTP/1.1" 302 Found
INFO:routers.auth:User info fields: name=Lanio, Markus given=Markus upn=markus.lanio@zinnia.com
INFO:routers.auth:User logged in: markus.lanio@zinnia.com — groups: 254
INFO:     127.0.0.1:49673 - "GET /infraportal/auth/callback?code=1.AXgAWaHZwKsYMUylpfTQuAXefc-ezYYXSk9Ftp2HvESE4vH9AGt4AA.BQABBAIAAAADAOz_BQD0_0V2b1N0c0FydGlmYWN0cwIAAAAAAFX3efRgQYLc67MXXjDh5UGscq1DdnmrywD31SG1XroAQzVuqiYv1c0aoja5N-PBikZO8sYiI0bfp7Uesq6UxHXwODjyjkNZ0zFP2N46ZTnqNRAezsRkTWz8dv3aajtK642gYrT_oVKre1cFE8wR32AnqaxZgGlOSaB-Uy2AFiyMhf1sFiNcphOUNgyNEqfjgi1GianJZ87ZsLOspe3BuON4BDWAqCwn20jkOvj62A39hQAA8iM198S6rismuQa-2bEe5mt8lWS4KRtEHql_WZBFFEEmZN0NVNXl8Pl_yGPPa6Fq9_A_te5ST24E3kRhiNj88jVatYyAiVYanTOB6tSqGWq-O2i5CZ9-_ju4g64KLvRfeiO9i3TsY0pQXBxFz7mqtflKuPlBxA2d9k6zneLApaY2Pomz_ifXuT4Am-Qymx3D6XEHWBJ4T1uA5LzG5YWUCJkrVajBl6VZAMan-kQh4XalMzkW4wOszUIBRVh_wcERbNV6eJkunlrIDPFhtw9HlLF3wYyoD8AJwViHiZlN2icGGhRtAyGh4KhJfIN3Oxwqe1PNC5CVfXvcI3OfsHMzpMZ7s8k-GGRNSVlnworI_oj8suuUdLd98w1qz_gjCFYy0ehksnWdXELmXUF2vHJoSaZakJQeb4vTXHAf_Z1ZplGWFAscXSStxooNopzv01TVCiWqLgrZUTDAk_oHj94KeK2UN3OEUyW6eHeyai0eSDHAD8_PnFaiCRUPesT735N0Kiz1hrH59BO85NHfkVtjL48G5m6yizxX8Uk3F08_E1qZ4i4CxWdeMWWChe0Lz8RjHkrLi30ZV9gsxo0V0-Sw2RkZSof8lunzEe7ShPe-X6qTxYUejreUGdlxIYRdwhGsHH7H_di7AIyelrIw0jYb8DRToiVpnPN71iLTmYbQlnBtVFrAQsPSMGHmphcOLR_AJAxTfeVeCC3uMrIhKh8S3NWZJp2_unUBg20g5iBZkKFycIn1r09_rHfIohcZ1SUBgSG5K4IiCTDmroR7Y-WxEWTIlwDFu39P-Jlr1WB2pJkDKT-OiWYyeFymGV9RW1APTtWKup61xxiN0mTp1HPTylX9c9y-INohDRNwkCyC11_7TzNXOZv3tSs2ZNewgwH6KbeHSc-Jv-a2qcfF1k8czVBu66prOsSwEbYYjHPabLkIWH3ou-5XR2BjK6roTticqoouAHsvwL-_XyrqJ0viH9l6_zaqrANLpRg3MIFRhDPlsmotMukmNe29mrIsSvZvgsluMqQ9olaeLmE59YgMxup-fx6JTduO-j3-TcI58PN88hNH5_UNnsJfF2Rqqey7eyZu0BpMA5VApr6kCxaLrh-kqQxCjjJVaKUxJWsY3QkmFynplcICmoLC9qYdkiXlXe6naJWt5qSXcpLKq9U7kzWQT4v19tUBXJP5Tg0ZqD-G-AtBAk7TOGI2ViySU7W9CPdEf3HGsxBTyMSe27OHy-KZZVMLVzleucpemfOtBJBlOoDoSaeixI2f-azosVTKDzRsRNGLzw0pfPBWeI3BdQ7NuUSsyrkmxmk&state=04bb7dd6-18b1-4ac4-a024-1fab88cf1d62&session_state=00baa559-df60-87bd-6c6e-fca801d3e32a HTTP/1.1" 302 Found
INFO:     127.0.0.1:49673 - "GET /infraportal/ HTTP/1.1" 200 OK
INFO:routers.scheduler:Scheduler: Lansweeper asset summary updated.
INFO:apscheduler.executors.default:Job "job_lansweeper_summary (trigger: interval[6:00:00], next run at: 2026-05-11 23:03:21 CDT)" executed successfully
INFO:routers.scheduler:Scheduler: Lansweeper patch status updated.
INFO:apscheduler.executors.default:Job "job_lansweeper_patch (trigger: interval[6:00:00], next run at: 2026-05-11 23:03:21 CDT)" executed successfully
INFO:routers.scheduler:Scheduler: Lansweeper asset list updated. 11616 assets.
INFO:apscheduler.executors.default:Job "job_lansweeper_assets (trigger: interval[6:00:00], next run at: 2026-05-11 23:03:21 CDT)" executed successfully
INFO:apscheduler.executors.default:Running job "job_opmanager_alerts (trigger: interval[0:05:00], next run at: 2026-05-11 17:13:21 CDT)" (scheduled at 2026-05-11 17:08:21.012397-05:00)
INFO:routers.scheduler:Scheduler: Refreshing OpManager alerts...
INFO:routers.scheduler:Scheduler: OpManager alerts updated. Count: 8746
INFO:routers.jira:Jira bulk prefetch: fetched 100 tickets so far
INFO:routers.jira:Jira bulk prefetch: fetched 200 tickets so far
INFO:routers.jira:Jira bulk prefetch: fetched 300 tickets so far
INFO:routers.jira:Jira bulk prefetch: fetched 400 tickets so far
INFO:routers.jira:Jira bulk prefetch: fetched 500 tickets so far
INFO:routers.jira:Jira bulk prefetch: fetched 600 tickets so far
INFO:routers.jira:Jira bulk prefetch: fetched 700 tickets so far
INFO:routers.jira:Jira bulk prefetch: fetched 800 tickets so far
INFO:routers.jira:Jira bulk prefetch: fetched 900 tickets so far
INFO:routers.jira:Jira bulk prefetch: fetched 1000 tickets so far
INFO:routers.jira:Jira bulk prefetch: fetched 1100 tickets so far
INFO:routers.jira:Jira bulk prefetch: fetched 1200 tickets so far
INFO:routers.jira:Jira bulk prefetch: fetched 1300 tickets so far
INFO:routers.jira:Jira bulk prefetch: fetched 1390 tickets so far
INFO:routers.jira:Jira bulk prefetch: 1390 tickets indexed, 2244 words
INFO:routers.scheduler:Scheduler: Jira prefetch complete. 1390 ticket(s) fetched. 14/469 device(s) have open tickets.
INFO:apscheduler.executors.default:Job "job_opmanager_alerts (trigger: interval[0:05:00], next run at: 2026-05-11 17:13:21 CDT)" executed successfully
WARNING:apscheduler.executors.default:Run time of job "job_opmanager_alerts (trigger: interval[0:05:00], next run at: 2026-05-12 06:53:21 CDT)" was missed by 0:00:55.376318
WARNING:apscheduler.executors.default:Run time of job "job_findings (trigger: interval[0:15:00], next run at: 2026-05-12 07:03:21 CDT)" was missed by 0:00:55.375650
WARNING:apscheduler.executors.default:Run time of job "job_citrix_power_unknown_check (trigger: interval[0:15:00], next run at: 2026-05-12 07:03:21 CDT)" was missed by 0:00:55.375975
WARNING:apscheduler.executors.default:Run time of job "job_meraki_refresh (trigger: interval[0:15:00], next run at: 2026-05-12 07:03:21 CDT)" was missed by 0:00:55.375948
WARNING:apscheduler.executors.default:Run time of job "job_basic_vms (trigger: interval[0:30:00], next run at: 2026-05-12 07:03:21 CDT)" was missed by 0:15:55.377312
WARNING:apscheduler.executors.default:Run time of job "job_opmanager_devices (trigger: interval[0:15:00], next run at: 2026-05-12 07:03:21 CDT)" was missed by 0:00:55.376892
WARNING:apscheduler.executors.default:Run time of job "job_jira_prefetch (trigger: interval[0:30:00], next run at: 2026-05-12 07:03:21 CDT)" was missed by 0:15:55.376417
WARNING:apscheduler.executors.default:Run time of job "job_basic_hosts (trigger: interval[0:30:00], next run at: 2026-05-12 07:03:21 CDT)" was missed by 0:15:55.377948
WARNING:apscheduler.executors.default:Run time of job "job_citrix_summary (trigger: interval[1:00:00], next run at: 2026-05-12 07:03:21 CDT)" was missed by 0:45:55.377269
WARNING:apscheduler.executors.default:Run time of job "job_entra_refresh (trigger: interval[1:00:00], next run at: 2026-05-12 07:03:21 CDT)" was missed by 0:45:55.377501
WARNING:apscheduler.executors.default:Run time of job "job_lansweeper_summary (trigger: interval[6:00:00], next run at: 2026-05-12 11:03:21 CDT)" was missed by 1:45:55.379371
WARNING:apscheduler.executors.default:Run time of job "job_lansweeper_patch (trigger: interval[6:00:00], next run at: 2026-05-12 11:03:21 CDT)" was missed by 1:45:55.379396
WARNING:apscheduler.executors.default:Run time of job "job_lansweeper_assets (trigger: interval[6:00:00], next run at: 2026-05-12 11:03:21 CDT)" was missed by 1:45:55.379427
WARNING:apscheduler.executors.default:Run time of job "job_ad_gpo_analysis (trigger: cron[hour='3', minute='0'], next run at: 2026-05-13 03:00:00 CDT)" was missed by 3:49:16.392703
WARNING:apscheduler.executors.default:Run time of job "job_ai_analysis (trigger: cron[hour='6', minute='0'], next run at: 2026-05-13 06:00:00 CDT)" was missed by 0:49:16.392815
WARNING:apscheduler.executors.default:Run time of job "job_detailed_hosts (trigger: interval[2:00:00], next run at: 2026-05-12 07:03:21 CDT)" was missed by 1:45:55.379918
WARNING:apscheduler.executors.default:Run time of job "job_untagged_vms (trigger: interval[4:00:00], next run at: 2026-05-12 09:03:21 CDT)" was missed by 1:45:55.380005
WARNING:apscheduler.executors.default:Run time of job "job_ad_summary (trigger: interval[4:00:00], next run at: 2026-05-12 09:03:21 CDT)" was missed by 1:45:55.379762
WARNING:apscheduler.executors.default:Run time of job "job_cert_summary (trigger: interval[4:00:00], next run at: 2026-05-12 09:03:21 CDT)" was missed by 1:45:55.379568
WARNING:apscheduler.executors.default:Run time of job "job_cert_expiring (trigger: interval[4:00:00], next run at: 2026-05-12 09:03:21 CDT)" was missed by 1:45:55.379190
WARNING:apscheduler.executors.default:Run time of job "job_cert_dc_certs (trigger: interval[4:00:00], next run at: 2026-05-12 09:03:21 CDT)" was missed by 1:45:55.379200
WARNING:apscheduler.executors.default:Run time of job "job_detailed_vms (trigger: interval[2:00:00], next run at: 2026-05-12 07:03:21 CDT)" was missed by 1:45:55.379967
WARNING:apscheduler.executors.default:Run time of job "job_disk_snapshots (trigger: interval[2:00:00], next run at: 2026-05-12 07:03:21 CDT)" was missed by 1:45:55.379943
WARNING:apscheduler.executors.default:Run time of job "job_ad_reports (trigger: interval[6:00:00], next run at: 2026-05-12 11:03:21 CDT)" was missed by 1:45:55.379617
INFO:     127.0.0.1:55184 - "GET /infraportal/ HTTP/1.1" 302 Found
INFO:     127.0.0.1:55184 - "GET /infraportal/auth/login?next=http://localhost:8000/infraportal/ HTTP/1.1" 302 Found
INFO:routers.auth:User info fields: name=Lanio, Markus given=Markus upn=markus.lanio@zinnia.com
INFO:routers.auth:User logged in: markus.lanio@zinnia.com — groups: 254
INFO:     127.0.0.1:55184 - "GET /infraportal/auth/callback?code=1.AXgAWaHZwKsYMUylpfTQuAXefc-ezYYXSk9Ftp2HvESE4vH9AGt4AA.BQABBAIAAAADAOz_BQD0_0V2b1N0c0FydGlmYWN0cwIAAAAAAH9aWBqDw-5FAkRWKizvEwdvgTydmXuI89Swy9gazwqd86YW2bt9TWvb18T37P_SXlQU28trOljvR3BamkPr0SdZDiy2LBYxFh50YrimhaXTQB9p7hnPIl47A1m76LdYcrujz3eAPEitaQ7LevYQAtmbEda8MsCC8JgXA4MHGmvoC7_PT5hILZyzAewJ_wOsnIJkfFdp5SqIJ_kzT2sP_6HUvApro2oiB-EgER2YGXaXESFnF5fxfOer_3JHRYK2TqLEzlN91NIX5Mv5oVI_WzY4ghKVGHVyOtfjLJ1He0q4SthG3bfyjY2WiiZTIWwwzWt6_X_nVifFOUSvzPUzZLpuRgbi3qM5pKm7QBVYXArjrflbfRBNxvoB6XOmw2bd66V2SH_KoNvPhsttnBt_BJeYqu9vSXWYVpoMDCu5vyg4wbwiQ576nIlHyqTjCsYhLbUeaPq5Si4QyCt-0AmfpQJEfvwuHgGIfKMikW7lh7ZKrVIQu-IiUDN0dL2zpnMeTL0M4T0PIwBPQqWPrmlVTyxwZJOfd50lTFILe6p9i25X_KqHvVCDhyzmA3oqemFBYguyfAELntQ8Oz2keV1pQMo-PdQQ_U0SZ4grIObAc4Survo99ZCTIZCmMuynMeK_FWpsE0VZD7XMjZCGh-57QHEbq9d7g3-Hi-KLtwfO7xP_bKeh_WqLQi5ovTRYjxtauu4QTCikACy_dSGzw6rCsxGp1EepGN-jE8O3a1XZ6yKY9zyZXfthhOg5wZ62hNubKDYMLMmvsmcfrIXosq1ltRt5N0eU2ylnoFgq6GgebHSVjDmwAjMtRtPCZSI3nvkVR5pGmv-OVXTBd5WXs09cSMUr5iXuV6Hw0n6dzcyVurxDSri_uUa3c2WJ3UJ-URN2B9b0EZbeTm0it4tL0bIgravq1O1iVLMeZueapa-Xui3blyorgeKdaKRqnvzteTyL4qej2Ci-DARv6qQJXfSZK7idDkdPzXefHITZ9Z6LmhXGEJpqs2Lo7O-Kqur8H0QQICskoE9RecEU8w_ybiMFQh3g9vrbRdhgeNMo02YnqBntFqRGDI_YmoCypLGnS0S95mJ6MAIpD3NKnX4FJ43exzB7VScGXfKWkYqdEuUuPRlb8Du5aA5BQ5F9WvuBQt0o8u_AoaCJYFiLeRtehbExyh5uEaca07acQmjfIj-P713ehOkrpbgJFzhkqj-lDu1u0Z8YuueGTlxxh09PeW8mh37OnFMk9EDmZFShHZaG5mrR3xpwEwqv_BnVkuNA2aPVeHlF_GR6LbuBNRt0uaO2ay-kmcqhquRkl4vBQWXMuCf5Lv3ZJBK1FwvuU40aG7fu8J7FdP9YQHHJn7pJ2aRqlozrhL1H98GoGZHceYmeLAZIE4P7nsp6o2MK4oCh-yyOXcKtHePjclB9o9k0Nuv7_edm2sPRUatxWb05xf9PckLixMzOI-SYuwJ5npxKQI9V3hgO23Z6Dq-sD0u5KRUtSpBqhz3L6UecBjuoZ6wmgyR99tAz8-sIp9liVEHVcy5AhbcPCy1aprRUPsB2a1kT&state=7656d62e-b8fb-4a10-b04d-b45a4afe4066&session_state=00baa559-df60-87bd-6c6e-fca801d3e32a HTTP/1.1" 302 Found
INFO:     127.0.0.1:55184 - "GET /infraportal/ HTTP/1.1" 200 OK
INFO:apscheduler.executors.default:Running job "job_opmanager_alerts (trigger: interval[0:05:00], next run at: 2026-05-12 06:58:21 CDT)" (scheduled at 2026-05-12 06:53:21.012397-05:00)
INFO:routers.scheduler:Scheduler: Refreshing OpManager alerts...
INFO:routers.scheduler:Scheduler: OpManager alerts updated. Count: 8801
INFO:routers.jira:Jira bulk prefetch: fetched 100 tickets so far
INFO:routers.jira:Jira bulk prefetch: fetched 200 tickets so far
INFO:routers.jira:Jira bulk prefetch: fetched 300 tickets so far
INFO:routers.jira:Jira bulk prefetch: fetched 400 tickets so far
INFO:routers.jira:Jira bulk prefetch: fetched 500 tickets so far
INFO:routers.jira:Jira bulk prefetch: fetched 600 tickets so far
INFO:routers.jira:Jira bulk prefetch: fetched 700 tickets so far
INFO:routers.jira:Jira bulk prefetch: fetched 800 tickets so far
INFO:routers.jira:Jira bulk prefetch: fetched 900 tickets so far
INFO:routers.jira:Jira bulk prefetch: fetched 1000 tickets so far
INFO:routers.jira:Jira bulk prefetch: fetched 1100 tickets so far
INFO:routers.jira:Jira bulk prefetch: fetched 1200 tickets so far
INFO:routers.jira:Jira bulk prefetch: fetched 1300 tickets so far
INFO:routers.jira:Jira bulk prefetch: fetched 1400 tickets so far
INFO:routers.jira:Jira bulk prefetch: fetched 1402 tickets so far
INFO:routers.jira:Jira bulk prefetch: 1402 tickets indexed, 2239 words
INFO:routers.scheduler:Scheduler: Jira prefetch complete. 1402 ticket(s) fetched. 14/477 device(s) have open tickets.
INFO:apscheduler.executors.default:Job "job_opmanager_alerts (trigger: interval[0:05:00], next run at: 2026-05-12 06:58:21 CDT)" executed successfully
INFO:apscheduler.executors.default:Running job "job_opmanager_alerts (trigger: interval[0:05:00], next run at: 2026-05-12 07:03:21 CDT)" (scheduled at 2026-05-12 06:58:21.012397-05:00)
INFO:routers.scheduler:Scheduler: Refreshing OpManager alerts...
INFO:routers.scheduler:Scheduler: OpManager alerts updated. Count: 8801
INFO:routers.jira:Jira bulk prefetch: fetched 100 tickets so far
INFO:routers.jira:Jira bulk prefetch: fetched 200 tickets so far
INFO:routers.jira:Jira bulk prefetch: fetched 300 tickets so far
INFO:routers.jira:Jira bulk prefetch: fetched 400 tickets so far
INFO:routers.jira:Jira bulk prefetch: fetched 500 tickets so far
INFO:routers.jira:Jira bulk prefetch: fetched 600 tickets so far
INFO:routers.jira:Jira bulk prefetch: fetched 700 tickets so far
INFO:routers.jira:Jira bulk prefetch: fetched 800 tickets so far
INFO:routers.jira:Jira bulk prefetch: fetched 900 tickets so far
INFO:routers.jira:Jira bulk prefetch: fetched 1000 tickets so far
INFO:routers.jira:Jira bulk prefetch: fetched 1100 tickets so far
INFO:routers.jira:Jira bulk prefetch: fetched 1200 tickets so far
INFO:routers.jira:Jira bulk prefetch: fetched 1300 tickets so far
INFO:routers.jira:Jira bulk prefetch: fetched 1400 tickets so far
INFO:routers.jira:Jira bulk prefetch: fetched 1403 tickets so far
INFO:routers.jira:Jira bulk prefetch: 1403 tickets indexed, 2242 words
INFO:routers.scheduler:Scheduler: Jira prefetch complete. 1403 ticket(s) fetched. 14/479 device(s) have open tickets.
INFO:apscheduler.executors.default:Job "job_opmanager_alerts (trigger: interval[0:05:00], next run at: 2026-05-12 07:03:21 CDT)" executed successfully
INFO:apscheduler.executors.default:Running job "job_jira_intelligence (trigger: cron[hour='7', minute='0'], next run at: 2026-05-13 07:00:00 CDT)" (scheduled at 2026-05-12 07:00:00-05:00)
INFO:routers.jira_intelligence:Jira intelligence: fetching tickets from all three projects...
INFO:routers.jira:Jira intelligence: fetched 5000 ITSD tickets
INFO:routers.jira:Jira intelligence: fetched 930 TASI tickets
INFO:routers.jira:Jira intelligence: fetched 3000 ITO tickets
INFO:routers.jira_intelligence:Jira intelligence: stored 8930 total tickets (ITSD=5000 TASI=930 ITO=3000)
INFO:routers.jira_intelligence:Jira intelligence: running AI synthesis...
INFO:httpx:HTTP Request: POST https://api.anthropic.com/v1/messages "HTTP/1.1 200 OK"
INFO:routers.jira_intelligence:Jira intelligence: complete
INFO:apscheduler.executors.default:Job "job_jira_intelligence (trigger: cron[hour='7', minute='0'], next run at: 2026-05-13 07:00:00 CDT)" executed successfully
INFO:apscheduler.executors.default:Running job "job_basic_vms (trigger: interval[0:30:00], next run at: 2026-05-12 07:33:21 CDT)" (scheduled at 2026-05-12 07:03:21.011922-05:00)
INFO:routers.scheduler:Scheduler: Refreshing basic VM list...
INFO:apscheduler.executors.default:Running job "job_detailed_hosts (trigger: interval[2:00:00], next run at: 2026-05-12 09:03:21 CDT)" (scheduled at 2026-05-12 07:03:21.012350-05:00)
INFO:routers.scheduler:Scheduler: Refreshing detailed host data...
INFO:apscheduler.executors.default:Running job "job_opmanager_devices (trigger: interval[0:15:00], next run at: 2026-05-12 07:18:21 CDT)" (scheduled at 2026-05-12 07:03:21.012445-05:00)
INFO:routers.scheduler:Scheduler: Refreshing OpManager devices...
INFO:apscheduler.executors.default:Running job "job_detailed_vms (trigger: interval[2:00:00], next run at: 2026-05-12 09:03:21 CDT)" (scheduled at 2026-05-12 07:03:21.012187-05:00)
INFO:routers.scheduler:Scheduler: Refreshing detailed VM data...
INFO:apscheduler.executors.default:Running job "job_citrix_power_unknown_check (trigger: interval[0:15:00], next run at: 2026-05-12 07:18:21 CDT)" (scheduled at 2026-05-12 07:03:21.013004-05:00)
INFO:apscheduler.executors.default:Running job "job_basic_hosts (trigger: interval[0:30:00], next run at: 2026-05-12 07:33:21 CDT)" (scheduled at 2026-05-12 07:03:21.012103-05:00)
INFO:apscheduler.executors.default:Running job "job_disk_snapshots (trigger: interval[2:00:00], next run at: 2026-05-12 09:03:21 CDT)" (scheduled at 2026-05-12 07:03:21.012247-05:00)
INFO:apscheduler.executors.default:Running job "job_opmanager_alerts (trigger: interval[0:05:00], next run at: 2026-05-12 07:08:21 CDT)" (scheduled at 2026-05-12 07:03:21.012397-05:00)
INFO:apscheduler.executors.default:Running job "job_jira_prefetch (trigger: interval[0:30:00], next run at: 2026-05-12 07:33:21 CDT)" (scheduled at 2026-05-12 07:03:21.012494-05:00)
INFO:routers.scheduler:Scheduler: Checking Citrix machine power states for unknowns...
INFO:apscheduler.executors.default:Running job "job_citrix_summary (trigger: interval[1:00:00], next run at: 2026-05-12 08:03:21 CDT)" (scheduled at 2026-05-12 07:03:21.012949-05:00)
INFO:routers.scheduler:Scheduler: Refreshing basic host list...
INFO:routers.scheduler:Scheduler: Refreshing disk snapshots...
INFO:routers.scheduler:Scheduler: Refreshing OpManager alerts...
INFO:routers.scheduler:Scheduler: Refreshing Citrix summary...
INFO:routers.scheduler:Scheduler: Power check complete. New unknowns: 0, Recovered: 0, Notified teams: none
INFO:apscheduler.executors.default:Job "job_citrix_power_unknown_check (trigger: interval[0:15:00], next run at: 2026-05-12 07:18:21 CDT)" executed successfully
INFO:apscheduler.executors.default:Running job "job_meraki_refresh (trigger: interval[0:15:00], next run at: 2026-05-12 07:18:21 CDT)" (scheduled at 2026-05-12 07:03:21.013222-05:00)
INFO:routers.scheduler:Scheduler: Refreshing Meraki data...
INFO:routers.meraki:Meraki refresh: starting...
INFO:routers.jira:Jira bulk prefetch: fetched 100 tickets so far
INFO:routers.meraki:Meraki: fetched 11 networks across 2 orgs.
INFO:routers.jira:Jira bulk prefetch: fetched 200 tickets so far
INFO:routers.jira:Jira bulk prefetch: fetched 300 tickets so far
INFO:routers.scheduler:Scheduler: OpManager devices updated.
INFO:apscheduler.executors.default:Job "job_opmanager_devices (trigger: interval[0:15:00], next run at: 2026-05-12 07:18:21 CDT)" executed successfully
WARNING:apscheduler.executors.default:Run time of job "job_findings (trigger: interval[0:15:00], next run at: 2026-05-12 07:18:21 CDT)" was missed by 0:00:02.218565
WARNING:apscheduler.executors.default:Run time of job "job_entra_refresh (trigger: interval[1:00:00], next run at: 2026-05-12 08:03:21 CDT)" was missed by 0:00:02.219421
INFO:routers.jira:Jira bulk prefetch: fetched 400 tickets so far
INFO:routers.jira:Jira bulk prefetch: fetched 500 tickets so far
INFO:routers.meraki:Meraki: fetched 215 devices.
INFO:routers.jira:Jira bulk prefetch: fetched 600 tickets so far
INFO:routers.jira:Jira bulk prefetch: fetched 700 tickets so far
INFO:routers.meraki:Meraki: fetched uplinks for 19 appliances.
INFO:routers.jira:Jira bulk prefetch: fetched 800 tickets so far
INFO:routers.jira:Jira bulk prefetch: fetched 900 tickets so far
INFO:routers.jira:Jira bulk prefetch: fetched 1000 tickets so far
INFO:routers.jira:Jira bulk prefetch: fetched 1100 tickets so far
INFO:routers.jira:Jira bulk prefetch: fetched 1200 tickets so far
INFO:     127.0.0.1:52981 - "GET /infraportal/my-dashboard HTTP/1.1" 200 OK
INFO:routers.jira:Jira bulk prefetch: fetched 1300 tickets so far
INFO:routers.jira:Jira bulk prefetch: fetched 1400 tickets so far
INFO:routers.jira:Jira bulk prefetch: fetched 1403 tickets so far
INFO:routers.jira:Jira bulk prefetch: 1403 tickets indexed, 2242 words
INFO:routers.scheduler:Scheduler: Jira prefetch complete. 1403 ticket(s) fetched. 14/476 device(s) have open tickets.
INFO:apscheduler.executors.default:Job "job_jira_prefetch (trigger: interval[0:30:00], next run at: 2026-05-12 07:33:21 CDT)" executed successfully
INFO:routers.scheduler:Scheduler: OpManager alerts updated. Count: 8801
INFO:routers.scheduler:Scheduler: Basic host list updated.
INFO:apscheduler.executors.default:Job "job_basic_hosts (trigger: interval[0:30:00], next run at: 2026-05-12 07:33:21 CDT)" executed successfully
INFO:routers.scheduler:Scheduler: Citrix updated. Machines: 687, Sessions: 377
INFO:apscheduler.executors.default:Job "job_citrix_summary (trigger: interval[1:00:00], next run at: 2026-05-12 08:03:21 CDT)" executed successfully
INFO:routers.scheduler:Scheduler: Basic VM list updated.
INFO:apscheduler.executors.default:Job "job_basic_vms (trigger: interval[0:30:00], next run at: 2026-05-12 07:33:21 CDT)" executed successfully
INFO:routers.jira:Jira bulk prefetch: fetched 100 tickets so far
INFO:routers.meraki:Meraki: fetched 1548 clients.
INFO:routers.meraki:Meraki refresh complete. 11 networks, 215 devices, 19 uplink appliances, 1548 recent clients.
INFO:apscheduler.executors.default:Job "job_meraki_refresh (trigger: interval[0:15:00], next run at: 2026-05-12 07:18:21 CDT)" executed successfully
INFO:routers.jira:Jira bulk prefetch: fetched 200 tickets so far
INFO:routers.jira:Jira bulk prefetch: fetched 300 tickets so far
INFO:routers.jira:Jira bulk prefetch: fetched 400 tickets so far
INFO:routers.jira:Jira bulk prefetch: fetched 500 tickets so far
INFO:routers.jira:Jira bulk prefetch: fetched 600 tickets so far
INFO:routers.jira:Jira bulk prefetch: fetched 700 tickets so far
INFO:routers.jira:Jira bulk prefetch: fetched 800 tickets so far
INFO:routers.jira:Jira bulk prefetch: fetched 900 tickets so far
INFO:routers.jira:Jira bulk prefetch: fetched 1000 tickets so far
INFO:routers.jira:Jira bulk prefetch: fetched 1100 tickets so far
INFO:routers.jira:Jira bulk prefetch: fetched 1200 tickets so far
INFO:routers.jira:Jira bulk prefetch: fetched 1300 tickets so far
INFO:routers.jira:Jira bulk prefetch: fetched 1400 tickets so far
INFO:routers.jira:Jira bulk prefetch: fetched 1403 tickets so far
INFO:routers.jira:Jira bulk prefetch: 1403 tickets indexed, 2242 words
INFO:routers.scheduler:Scheduler: Jira prefetch complete. 1403 ticket(s) fetched. 14/476 device(s) have open tickets.
INFO:apscheduler.executors.default:Job "job_opmanager_alerts (trigger: interval[0:05:00], next run at: 2026-05-12 07:08:21 CDT)" executed successfully
INFO:routers.scheduler:Scheduler: Detailed host data updated.
INFO:apscheduler.executors.default:Job "job_detailed_hosts (trigger: interval[2:00:00], next run at: 2026-05-12 09:03:21 CDT)" executed successfully
INFO:apscheduler.executors.default:Running job "job_opmanager_alerts (trigger: interval[0:05:00], next run at: 2026-05-12 07:13:21 CDT)" (scheduled at 2026-05-12 07:08:21.012397-05:00)
INFO:routers.scheduler:Scheduler: Refreshing OpManager alerts...
INFO:routers.scheduler:Scheduler: OpManager alerts updated. Count: 8801
INFO:routers.jira:Jira bulk prefetch: fetched 100 tickets so far
INFO:routers.jira:Jira bulk prefetch: fetched 200 tickets so far
INFO:routers.jira:Jira bulk prefetch: fetched 300 tickets so far
INFO:routers.jira:Jira bulk prefetch: fetched 400 tickets so far
INFO:routers.jira:Jira bulk prefetch: fetched 500 tickets so far
INFO:routers.jira:Jira bulk prefetch: fetched 600 tickets so far
INFO:routers.jira:Jira bulk prefetch: fetched 700 tickets so far
INFO:routers.jira:Jira bulk prefetch: fetched 800 tickets so far
INFO:routers.jira:Jira bulk prefetch: fetched 900 tickets so far
INFO:routers.jira:Jira bulk prefetch: fetched 1000 tickets so far
INFO:routers.jira:Jira bulk prefetch: fetched 1100 tickets so far
INFO:routers.jira:Jira bulk prefetch: fetched 1200 tickets so far
INFO:routers.jira:Jira bulk prefetch: fetched 1300 tickets so far
INFO:routers.jira:Jira bulk prefetch: fetched 1400 tickets so far
INFO:routers.jira:Jira bulk prefetch: fetched 1403 tickets so far
INFO:routers.jira:Jira bulk prefetch: 1403 tickets indexed, 2242 words
INFO:routers.scheduler:Scheduler: Jira prefetch complete. 1403 ticket(s) fetched. 13/477 device(s) have open tickets.
INFO:apscheduler.executors.default:Job "job_opmanager_alerts (trigger: interval[0:05:00], next run at: 2026-05-12 07:13:21 CDT)" executed successfully
INFO:routers.scheduler:Scheduler: Disk snapshots updated.
INFO:apscheduler.executors.default:Job "job_disk_snapshots (trigger: interval[2:00:00], next run at: 2026-05-12 09:03:21 CDT)" executed successfully
INFO:apscheduler.executors.default:Running job "job_opmanager_alerts (trigger: interval[0:05:00], next run at: 2026-05-12 07:18:21 CDT)" (scheduled at 2026-05-12 07:13:21.012397-05:00)
INFO:routers.scheduler:Scheduler: Refreshing OpManager alerts...
INFO:routers.scheduler:Scheduler: OpManager alerts updated. Count: 8801
INFO:routers.jira:Jira bulk prefetch: fetched 100 tickets so far
INFO:routers.jira:Jira bulk prefetch: fetched 200 tickets so far
INFO:routers.jira:Jira bulk prefetch: fetched 300 tickets so far
INFO:routers.jira:Jira bulk prefetch: fetched 400 tickets so far
INFO:routers.jira:Jira bulk prefetch: fetched 500 tickets so far
INFO:routers.jira:Jira bulk prefetch: fetched 600 tickets so far
INFO:routers.jira:Jira bulk prefetch: fetched 700 tickets so far
INFO:routers.jira:Jira bulk prefetch: fetched 800 tickets so far
INFO:routers.jira:Jira bulk prefetch: fetched 900 tickets so far
INFO:routers.jira:Jira bulk prefetch: fetched 1000 tickets so far
INFO:routers.jira:Jira bulk prefetch: fetched 1100 tickets so far
INFO:routers.jira:Jira bulk prefetch: fetched 1200 tickets so far
INFO:routers.jira:Jira bulk prefetch: fetched 1300 tickets so far
INFO:routers.jira:Jira bulk prefetch: fetched 1400 tickets so far
INFO:routers.jira:Jira bulk prefetch: fetched 1403 tickets so far
INFO:routers.jira:Jira bulk prefetch: 1403 tickets indexed, 2242 words
INFO:routers.scheduler:Scheduler: Jira prefetch complete. 1403 ticket(s) fetched. 14/479 device(s) have open tickets.
INFO:apscheduler.executors.default:Job "job_opmanager_alerts (trigger: interval[0:05:00], next run at: 2026-05-12 07:18:21 CDT)" executed successfully
INFO:apscheduler.executors.default:Running job "job_opmanager_alerts (trigger: interval[0:05:00], next run at: 2026-05-12 07:23:21 CDT)" (scheduled at 2026-05-12 07:18:21.012397-05:00)
INFO:routers.scheduler:Scheduler: Refreshing OpManager alerts...
INFO:apscheduler.executors.default:Running job "job_meraki_refresh (trigger: interval[0:15:00], next run at: 2026-05-12 07:33:21 CDT)" (scheduled at 2026-05-12 07:18:21.013222-05:00)
INFO:routers.scheduler:Scheduler: Refreshing Meraki data...
INFO:routers.meraki:Meraki refresh: starting...
INFO:apscheduler.executors.default:Running job "job_opmanager_devices (trigger: interval[0:15:00], next run at: 2026-05-12 07:33:21 CDT)" (scheduled at 2026-05-12 07:18:21.012445-05:00)
INFO:apscheduler.executors.default:Running job "job_citrix_power_unknown_check (trigger: interval[0:15:00], next run at: 2026-05-12 07:33:21 CDT)" (scheduled at 2026-05-12 07:18:21.013004-05:00)
INFO:apscheduler.executors.default:Running job "job_findings (trigger: interval[0:15:00], next run at: 2026-05-12 07:33:21 CDT)" (scheduled at 2026-05-12 07:18:21.013436-05:00)
INFO:routers.scheduler:Scheduler: Refreshing OpManager devices...
INFO:routers.scheduler:Scheduler: Checking Citrix machine power states for unknowns...
INFO:routers.scheduler:Scheduler: Power check complete. New unknowns: 0, Recovered: 0, Notified teams: none
INFO:apscheduler.executors.default:Job "job_citrix_power_unknown_check (trigger: interval[0:15:00], next run at: 2026-05-12 07:33:21 CDT)" executed successfully
INFO:routers.findings:findings: refreshed — 36 total
INFO:routers.scheduler:Scheduler: findings refreshed — 36 findings
INFO:apscheduler.executors.default:Job "job_findings (trigger: interval[0:15:00], next run at: 2026-05-12 07:33:21 CDT)" executed successfully
INFO:routers.meraki:Meraki: fetched 11 networks across 2 orgs.
INFO:routers.meraki:Meraki: fetched 215 devices.
INFO:routers.meraki:Meraki: fetched uplinks for 19 appliances.
INFO:routers.scheduler:Scheduler: OpManager devices updated.
INFO:apscheduler.executors.default:Job "job_opmanager_devices (trigger: interval[0:15:00], next run at: 2026-05-12 07:33:21 CDT)" executed successfully
INFO:routers.scheduler:Scheduler: OpManager alerts updated. Count: 8802
INFO:routers.jira:Jira bulk prefetch: fetched 100 tickets so far
INFO:routers.jira:Jira bulk prefetch: fetched 200 tickets so far
INFO:routers.meraki:Meraki: fetched 1577 clients.
INFO:routers.meraki:Meraki refresh complete. 11 networks, 215 devices, 19 uplink appliances, 1577 recent clients.
INFO:apscheduler.executors.default:Job "job_meraki_refresh (trigger: interval[0:15:00], next run at: 2026-05-12 07:33:21 CDT)" executed successfully
INFO:routers.jira:Jira bulk prefetch: fetched 300 tickets so far
INFO:routers.jira:Jira bulk prefetch: fetched 400 tickets so far
INFO:routers.jira:Jira bulk prefetch: fetched 500 tickets so far
INFO:routers.jira:Jira bulk prefetch: fetched 600 tickets so far
INFO:routers.jira:Jira bulk prefetch: fetched 700 tickets so far
INFO:routers.jira:Jira bulk prefetch: fetched 800 tickets so far
INFO:routers.jira:Jira bulk prefetch: fetched 900 tickets so far
INFO:routers.jira:Jira bulk prefetch: fetched 1000 tickets so far
INFO:routers.jira:Jira bulk prefetch: fetched 1100 tickets so far
INFO:routers.jira:Jira bulk prefetch: fetched 1200 tickets so far
INFO:routers.jira:Jira bulk prefetch: fetched 1300 tickets so far
INFO:routers.jira:Jira bulk prefetch: fetched 1399 tickets so far
INFO:routers.jira:Jira bulk prefetch: 1399 tickets indexed, 2236 words
INFO:routers.scheduler:Scheduler: Jira prefetch complete. 1399 ticket(s) fetched. 14/480 device(s) have open tickets.
INFO:apscheduler.executors.default:Job "job_opmanager_alerts (trigger: interval[0:05:00], next run at: 2026-05-12 07:23:21 CDT)" executed successfully
WARNING:  StatReload detected changes in 'routers\database.py'. Reloading...
 INFO:apscheduler.executors.default:Running job "job_opmanager_alerts (trigger: interval[0:05:00], next run at: 2026-05-12 07:28:21 CDT)" (scheduled at 2026-05-12 07:23:21.012397-05:00)
INFO:routers.scheduler:Scheduler: Refreshing OpManager alerts...
INFO:routers.scheduler:Scheduler: OpManager alerts updated. Count: 8802
INFO:routers.jira:Jira bulk prefetch: fetched 100 tickets so far
INFO:routers.jira:Jira bulk prefetch: fetched 200 tickets so far
INFO:routers.jira:Jira bulk prefetch: fetched 300 tickets so far
INFO:routers.jira:Jira bulk prefetch: fetched 400 tickets so far
INFO:routers.jira:Jira bulk prefetch: fetched 500 tickets so far
INFO:routers.jira:Jira bulk prefetch: fetched 600 tickets so far
INFO:routers.jira:Jira bulk prefetch: fetched 700 tickets so far
INFO:routers.jira:Jira bulk prefetch: fetched 800 tickets so far
INFO:routers.jira:Jira bulk prefetch: fetched 900 tickets so far
INFO:routers.jira:Jira bulk prefetch: fetched 1000 tickets so far
INFO:routers.jira:Jira bulk prefetch: fetched 1100 tickets so far
INFO:routers.jira:Jira bulk prefetch: fetched 1200 tickets so far
INFO:routers.jira:Jira bulk prefetch: fetched 1300 tickets so far
INFO:routers.jira:Jira bulk prefetch: fetched 1400 tickets so far
INFO:routers.jira:Jira bulk prefetch: 1400 tickets indexed, 2235 words
INFO:routers.scheduler:Scheduler: Jira prefetch complete. 1400 ticket(s) fetched. 13/476 device(s) have open tickets.
INFO:apscheduler.executors.default:Job "job_opmanager_alerts (trigger: interval[0:05:00], next run at: 2026-05-12 07:28:21 CDT)" executed successfully
INFO:routers.scheduler:Scheduler: Detailed VM data updated.
INFO:apscheduler.executors.default:Job "job_detailed_vms (trigger: interval[2:00:00], next run at: 2026-05-12 09:03:21 CDT)" executed successfully
INFO:apscheduler.executors.default:Running job "job_opmanager_alerts (trigger: interval[0:05:00], next run at: 2026-05-12 07:33:21 CDT)" (scheduled at 2026-05-12 07:28:21.012397-05:00)
INFO:routers.scheduler:Scheduler: Refreshing OpManager alerts...
INFO:routers.scheduler:Scheduler: OpManager alerts updated. Count: 8802
INFO:routers.jira:Jira bulk prefetch: fetched 100 tickets so far
INFO:routers.jira:Jira bulk prefetch: fetched 200 tickets so far
INFO:routers.jira:Jira bulk prefetch: fetched 300 tickets so far
INFO:routers.jira:Jira bulk prefetch: fetched 400 tickets so far
INFO:routers.jira:Jira bulk prefetch: fetched 500 tickets so far
INFO:routers.jira:Jira bulk prefetch: fetched 600 tickets so far
INFO:routers.jira:Jira bulk prefetch: fetched 700 tickets so far
INFO:routers.jira:Jira bulk prefetch: fetched 800 tickets so far
INFO:routers.jira:Jira bulk prefetch: fetched 900 tickets so far
INFO:routers.jira:Jira bulk prefetch: fetched 1000 tickets so far
INFO:routers.jira:Jira bulk prefetch: fetched 1100 tickets so far
INFO:routers.jira:Jira bulk prefetch: fetched 1200 tickets so far
INFO:routers.jira:Jira bulk prefetch: fetched 1300 tickets so far
INFO:routers.jira:Jira bulk prefetch: fetched 1400 tickets so far
INFO:routers.jira:Jira bulk prefetch: fetched 1401 tickets so far
INFO:routers.jira:Jira bulk prefetch: 1401 tickets indexed, 2241 words
INFO:routers.scheduler:Scheduler: Jira prefetch complete. 1401 ticket(s) fetched. 14/482 device(s) have open tickets.
INFO:apscheduler.executors.default:Job "job_opmanager_alerts (trigger: interval[0:05:00], next run at: 2026-05-12 07:33:21 CDT)" executed successfully
INFO:apscheduler.executors.default:Running job "job_basic_vms (trigger: interval[0:30:00], next run at: 2026-05-12 08:03:21 CDT)" (scheduled at 2026-05-12 07:33:21.011922-05:00)
INFO:routers.scheduler:Scheduler: Refreshing basic VM list...
INFO:apscheduler.executors.default:Running job "job_opmanager_alerts (trigger: interval[0:05:00], next run at: 2026-05-12 07:38:21 CDT)" (scheduled at 2026-05-12 07:33:21.012397-05:00)
INFO:apscheduler.executors.default:Running job "job_opmanager_devices (trigger: interval[0:15:00], next run at: 2026-05-12 07:48:21 CDT)" (scheduled at 2026-05-12 07:33:21.012445-05:00)
INFO:apscheduler.executors.default:Running job "job_jira_prefetch (trigger: interval[0:30:00], next run at: 2026-05-12 08:03:21 CDT)" (scheduled at 2026-05-12 07:33:21.012494-05:00)
INFO:apscheduler.executors.default:Running job "job_citrix_power_unknown_check (trigger: interval[0:15:00], next run at: 2026-05-12 07:48:21 CDT)" (scheduled at 2026-05-12 07:33:21.013004-05:00)
INFO:apscheduler.executors.default:Running job "job_meraki_refresh (trigger: interval[0:15:00], next run at: 2026-05-12 07:48:21 CDT)" (scheduled at 2026-05-12 07:33:21.013222-05:00)
INFO:apscheduler.executors.default:Running job "job_findings (trigger: interval[0:15:00], next run at: 2026-05-12 07:48:21 CDT)" (scheduled at 2026-05-12 07:33:21.013436-05:00)
INFO:apscheduler.executors.default:Running job "job_basic_hosts (trigger: interval[0:30:00], next run at: 2026-05-12 08:03:21 CDT)" (scheduled at 2026-05-12 07:33:21.012103-05:00)
INFO:routers.scheduler:Scheduler: Refreshing OpManager alerts...
INFO:routers.scheduler:Scheduler: Refreshing OpManager devices...
INFO:routers.scheduler:Scheduler: Checking Citrix machine power states for unknowns...
INFO:routers.scheduler:Scheduler: Refreshing Meraki data...
INFO:routers.scheduler:Scheduler: Refreshing basic host list...
INFO:routers.scheduler:Scheduler: Power check complete. New unknowns: 0, Recovered: 0, Notified teams: none
INFO:apscheduler.executors.default:Job "job_citrix_power_unknown_check (trigger: interval[0:15:00], next run at: 2026-05-12 07:48:21 CDT)" executed successfully
INFO:routers.meraki:Meraki refresh: starting...
INFO:routers.findings:findings: refreshed — 36 total
INFO:routers.scheduler:Scheduler: findings refreshed — 36 findings
INFO:apscheduler.executors.default:Job "job_findings (trigger: interval[0:15:00], next run at: 2026-05-12 07:48:21 CDT)" executed successfully
INFO:routers.jira:Jira bulk prefetch: fetched 100 tickets so far
INFO:routers.meraki:Meraki: fetched 11 networks across 2 orgs.
INFO:routers.jira:Jira bulk prefetch: fetched 200 tickets so far
INFO:routers.jira:Jira bulk prefetch: fetched 300 tickets so far
INFO:routers.jira:Jira bulk prefetch: fetched 400 tickets so far
INFO:routers.meraki:Meraki: fetched 215 devices.
INFO:routers.jira:Jira bulk prefetch: fetched 500 tickets so far
INFO:routers.jira:Jira bulk prefetch: fetched 600 tickets so far
INFO:routers.meraki:Meraki: fetched uplinks for 19 appliances.
INFO:routers.jira:Jira bulk prefetch: fetched 700 tickets so far
INFO:routers.jira:Jira bulk prefetch: fetched 800 tickets so far
INFO:routers.jira:Jira bulk prefetch: fetched 900 tickets so far
INFO:routers.jira:Jira bulk prefetch: fetched 1000 tickets so far
INFO:routers.jira:Jira bulk prefetch: fetched 1100 tickets so far
INFO:routers.jira:Jira bulk prefetch: fetched 1200 tickets so far
INFO:routers.jira:Jira bulk prefetch: fetched 1300 tickets so far
INFO:routers.scheduler:Scheduler: OpManager devices updated.
INFO:apscheduler.executors.default:Job "job_opmanager_devices (trigger: interval[0:15:00], next run at: 2026-05-12 07:48:21 CDT)" executed successfully
INFO:routers.jira:Jira bulk prefetch: fetched 1400 tickets so far
INFO:routers.jira:Jira bulk prefetch: 1400 tickets indexed, 2239 words
INFO:routers.scheduler:Scheduler: Jira prefetch complete. 1400 ticket(s) fetched. 14/482 device(s) have open tickets.
INFO:apscheduler.executors.default:Job "job_jira_prefetch (trigger: interval[0:30:00], next run at: 2026-05-12 08:03:21 CDT)" executed successfully
INFO:routers.meraki:Meraki: fetched 1620 clients.
INFO:routers.meraki:Meraki refresh complete. 11 networks, 215 devices, 19 uplink appliances, 1620 recent clients.
INFO:apscheduler.executors.default:Job "job_meraki_refresh (trigger: interval[0:15:00], next run at: 2026-05-12 07:48:21 CDT)" executed successfully
INFO:routers.scheduler:Scheduler: OpManager alerts updated. Count: 8803
INFO:routers.scheduler:Scheduler: Basic VM list updated.
INFO:apscheduler.executors.default:Job "job_basic_vms (trigger: interval[0:30:00], next run at: 2026-05-12 08:03:21 CDT)" executed successfully
INFO:routers.scheduler:Scheduler: Basic host list updated.
INFO:apscheduler.executors.default:Job "job_basic_hosts (trigger: interval[0:30:00], next run at: 2026-05-12 08:03:21 CDT)" executed successfully
INFO:routers.jira:Jira bulk prefetch: fetched 100 tickets so far
INFO:routers.jira:Jira bulk prefetch: fetched 200 tickets so far
INFO:routers.jira:Jira bulk prefetch: fetched 300 tickets so far
INFO:routers.jira:Jira bulk prefetch: fetched 400 tickets so far
INFO:routers.jira:Jira bulk prefetch: fetched 500 tickets so far
INFO:routers.jira:Jira bulk prefetch: fetched 600 tickets so far
INFO:routers.jira:Jira bulk prefetch: fetched 700 tickets so far
INFO:routers.jira:Jira bulk prefetch: fetched 800 tickets so far
INFO:routers.jira:Jira bulk prefetch: fetched 900 tickets so far
INFO:routers.jira:Jira bulk prefetch: fetched 1000 tickets so far
INFO:routers.jira:Jira bulk prefetch: fetched 1100 tickets so far
INFO:routers.jira:Jira bulk prefetch: fetched 1200 tickets so far
INFO:routers.jira:Jira bulk prefetch: fetched 1300 tickets so far
INFO:routers.jira:Jira bulk prefetch: fetched 1400 tickets so far
INFO:routers.jira:Jira bulk prefetch: 1400 tickets indexed, 2239 words
INFO:routers.scheduler:Scheduler: Jira prefetch complete. 1400 ticket(s) fetched. 14/480 device(s) have open tickets.
INFO:apscheduler.executors.default:Job "job_opmanager_alerts (trigger: interval[0:05:00], next run at: 2026-05-12 07:38:21 CDT)" executed successfully
INFO:     Shutting down
INFO:     Waiting for application shutdown.
INFO:     Application shutdown complete.
INFO:     Finished server process [33912]
INFO:routers.notifications:notifications: loaded 0 persisted alert states
INFO:apscheduler.scheduler:Adding job tentatively -- it will be properly scheduled when the scheduler starts
INFO:apscheduler.scheduler:Adding job tentatively -- it will be properly scheduled when the scheduler starts
INFO:apscheduler.scheduler:Adding job tentatively -- it will be properly scheduled when the scheduler starts
INFO:apscheduler.scheduler:Adding job tentatively -- it will be properly scheduled when the scheduler starts
INFO:apscheduler.scheduler:Adding job tentatively -- it will be properly scheduled when the scheduler starts
INFO:apscheduler.scheduler:Adding job tentatively -- it will be properly scheduled when the scheduler starts
INFO:apscheduler.scheduler:Adding job tentatively -- it will be properly scheduled when the scheduler starts
INFO:apscheduler.scheduler:Adding job tentatively -- it will be properly scheduled when the scheduler starts
INFO:apscheduler.scheduler:Adding job tentatively -- it will be properly scheduled when the scheduler starts
INFO:apscheduler.scheduler:Adding job tentatively -- it will be properly scheduled when the scheduler starts
INFO:apscheduler.scheduler:Adding job tentatively -- it will be properly scheduled when the scheduler starts
INFO:apscheduler.scheduler:Adding job tentatively -- it will be properly scheduled when the scheduler starts
INFO:apscheduler.scheduler:Adding job tentatively -- it will be properly scheduled when the scheduler starts
INFO:apscheduler.scheduler:Adding job tentatively -- it will be properly scheduled when the scheduler starts
INFO:apscheduler.scheduler:Adding job tentatively -- it will be properly scheduled when the scheduler starts
INFO:apscheduler.scheduler:Adding job tentatively -- it will be properly scheduled when the scheduler starts
INFO:apscheduler.scheduler:Adding job tentatively -- it will be properly scheduled when the scheduler starts
INFO:apscheduler.scheduler:Adding job tentatively -- it will be properly scheduled when the scheduler starts
INFO:apscheduler.scheduler:Adding job tentatively -- it will be properly scheduled when the scheduler starts
INFO:apscheduler.scheduler:Adding job tentatively -- it will be properly scheduled when the scheduler starts
INFO:apscheduler.scheduler:Adding job tentatively -- it will be properly scheduled when the scheduler starts
INFO:apscheduler.scheduler:Adding job tentatively -- it will be properly scheduled when the scheduler starts
INFO:apscheduler.scheduler:Adding job tentatively -- it will be properly scheduled when the scheduler starts
INFO:apscheduler.scheduler:Adding job tentatively -- it will be properly scheduled when the scheduler starts
INFO:apscheduler.scheduler:Adding job tentatively -- it will be properly scheduled when the scheduler starts
INFO:apscheduler.scheduler:Added job "job_basic_vms" to job store "default"
INFO:apscheduler.scheduler:Added job "job_basic_hosts" to job store "default"
INFO:apscheduler.scheduler:Added job "job_detailed_vms" to job store "default"
INFO:apscheduler.scheduler:Added job "job_disk_snapshots" to job store "default"
INFO:apscheduler.scheduler:Added job "job_untagged_vms" to job store "default"
INFO:apscheduler.scheduler:Added job "job_detailed_hosts" to job store "default"
INFO:apscheduler.scheduler:Added job "job_opmanager_alerts" to job store "default"
INFO:apscheduler.scheduler:Added job "job_opmanager_devices" to job store "default"
INFO:apscheduler.scheduler:Added job "job_jira_prefetch" to job store "default"
INFO:apscheduler.scheduler:Added job "job_ad_summary" to job store "default"
INFO:apscheduler.scheduler:Added job "job_ad_reports" to job store "default"
INFO:apscheduler.scheduler:Added job "job_ad_gpo_analysis" to job store "default"
INFO:apscheduler.scheduler:Added job "job_cert_summary" to job store "default"
INFO:apscheduler.scheduler:Added job "job_cert_expiring" to job store "default"
INFO:apscheduler.scheduler:Added job "job_cert_dc_certs" to job store "default"
INFO:apscheduler.scheduler:Added job "job_citrix_summary" to job store "default"
INFO:apscheduler.scheduler:Added job "job_citrix_power_unknown_check" to job store "default"
INFO:apscheduler.scheduler:Added job "job_lansweeper_summary" to job store "default"
INFO:apscheduler.scheduler:Added job "job_lansweeper_patch" to job store "default"
INFO:apscheduler.scheduler:Added job "job_lansweeper_assets" to job store "default"
INFO:apscheduler.scheduler:Added job "job_meraki_refresh" to job store "default"
INFO:apscheduler.scheduler:Added job "job_ai_analysis" to job store "default"
INFO:apscheduler.scheduler:Added job "job_jira_intelligence" to job store "default"
INFO:apscheduler.scheduler:Added job "job_findings" to job store "default"
INFO:apscheduler.scheduler:Added job "job_entra_refresh" to job store "default"
INFO:apscheduler.scheduler:Scheduler started
INFO:routers.scheduler:Scheduler started. All background jobs active.
INFO:apscheduler.executors.default:Running job "job_jira_prefetch (trigger: interval[0:30:00], next run at: 2026-05-12 07:35:09 CDT)" (scheduled at 2026-05-12 07:35:09.142968-05:00)
INFO:apscheduler.executors.default:Running job "job_citrix_summary (trigger: interval[1:00:00], next run at: 2026-05-12 07:35:09 CDT)" (scheduled at 2026-05-12 07:35:09.143495-05:00)
INFO:routers.scheduler:Scheduler: Refreshing Citrix summary...
INFO:apscheduler.executors.default:Running job "job_lansweeper_summary (trigger: interval[6:00:00], next run at: 2026-05-12 07:35:09 CDT)" (scheduled at 2026-05-12 07:35:09.143617-05:00)
INFO:routers.scheduler:Scheduler: Refreshing Lansweeper asset summary...
INFO:apscheduler.executors.default:Running job "job_lansweeper_patch (trigger: interval[6:00:00], next run at: 2026-05-12 07:35:09 CDT)" (scheduled at 2026-05-12 07:35:09.143673-05:00)
INFO:routers.scheduler:Scheduler: Refreshing Lansweeper patch status...
INFO:apscheduler.executors.default:Running job "job_lansweeper_assets (trigger: interval[6:00:00], next run at: 2026-05-12 07:35:09 CDT)" (scheduled at 2026-05-12 07:35:09.143728-05:00)
INFO:routers.scheduler:Scheduler: Refreshing Lansweeper asset list...
INFO:apscheduler.executors.default:Running job "job_meraki_refresh (trigger: interval[0:15:00], next run at: 2026-05-12 07:35:09 CDT)" (scheduled at 2026-05-12 07:35:09.143784-05:00)
INFO:routers.scheduler:Scheduler: Refreshing Meraki data...
INFO:routers.meraki:Meraki refresh: starting...
INFO:apscheduler.executors.default:Running job "job_findings (trigger: interval[0:15:00], next run at: 2026-05-12 07:35:09 CDT)" (scheduled at 2026-05-12 07:35:09.144032-05:00)
INFO:routers.findings:findings: refreshed — 33 total
INFO:routers.scheduler:Scheduler: findings refreshed — 33 findings
INFO:apscheduler.executors.default:Job "job_findings (trigger: interval[0:15:00], next run at: 2026-05-12 07:50:09 CDT)" executed successfully
INFO:     Started server process [21660]
INFO:     Waiting for application startup.
INFO:     Application startup complete.
INFO:routers.jira:Jira bulk prefetch: fetched 100 tickets so far
INFO:routers.meraki:Meraki: fetched 11 networks across 2 orgs.
INFO:routers.jira:Jira bulk prefetch: fetched 200 tickets so far
INFO:routers.jira:Jira bulk prefetch: fetched 300 tickets so far
INFO:routers.jira:Jira bulk prefetch: fetched 400 tickets so far
INFO:routers.meraki:Meraki: fetched 215 devices.
INFO:routers.jira:Jira bulk prefetch: fetched 500 tickets so far
INFO:routers.jira:Jira bulk prefetch: fetched 600 tickets so far
INFO:routers.meraki:Meraki: fetched uplinks for 19 appliances.
INFO:routers.jira:Jira bulk prefetch: fetched 700 tickets so far
INFO:routers.jira:Jira bulk prefetch: fetched 800 tickets so far
INFO:routers.jira:Jira bulk prefetch: fetched 900 tickets so far
INFO:routers.jira:Jira bulk prefetch: fetched 1000 tickets so far
INFO:routers.jira:Jira bulk prefetch: fetched 1100 tickets so far
INFO:routers.jira:Jira bulk prefetch: fetched 1200 tickets so far
INFO:routers.jira:Jira bulk prefetch: fetched 1300 tickets so far
INFO:routers.jira:Jira bulk prefetch: fetched 1398 tickets so far
INFO:routers.jira:Jira bulk prefetch: 1398 tickets indexed, 2238 words
INFO:routers.scheduler:Scheduler: Jira prefetch complete. 1398 ticket(s) fetched. 14/480 device(s) have open tickets.
INFO:apscheduler.executors.default:Job "job_jira_prefetch (trigger: interval[0:30:00], next run at: 2026-05-12 08:05:09 CDT)" executed successfully
INFO:routers.scheduler:Scheduler: Citrix updated. Machines: 687, Sessions: 543
INFO:apscheduler.executors.default:Job "job_citrix_summary (trigger: interval[1:00:00], next run at: 2026-05-12 08:35:09 CDT)" executed successfully
INFO:routers.meraki:Meraki: fetched 1632 clients.
INFO:routers.meraki:Meraki refresh complete. 11 networks, 215 devices, 19 uplink appliances, 1632 recent clients.
INFO:apscheduler.executors.default:Job "job_meraki_refresh (trigger: interval[0:15:00], next run at: 2026-05-12 07:50:09 CDT)" executed successfully
INFO:routers.scheduler:Scheduler: Lansweeper asset list updated. 11574 assets.
INFO:apscheduler.executors.default:Job "job_lansweeper_assets (trigger: interval[6:00:00], next run at: 2026-05-12 13:35:09 CDT)" executed successfully
INFO:routers.scheduler:Scheduler: Lansweeper asset summary updated.
INFO:apscheduler.executors.default:Job "job_lansweeper_summary (trigger: interval[6:00:00], next run at: 2026-05-12 13:35:09 CDT)" executed successfully
INFO:routers.scheduler:Scheduler: Lansweeper patch status updated.
INFO:apscheduler.executors.default:Job "job_lansweeper_patch (trigger: interval[6:00:00], next run at: 2026-05-12 13:35:09 CDT)" executed successfully
INFO:apscheduler.executors.default:Running job "job_opmanager_alerts (trigger: interval[0:05:00], next run at: 2026-05-12 07:45:09 CDT)" (scheduled at 2026-05-12 07:40:09.142846-05:00)
INFO:routers.scheduler:Scheduler: Refreshing OpManager alerts...
INFO:routers.scheduler:Scheduler: OpManager alerts updated. Count: 8803
INFO:routers.jira:Jira bulk prefetch: fetched 100 tickets so far
INFO:routers.jira:Jira bulk prefetch: fetched 200 tickets so far
INFO:routers.jira:Jira bulk prefetch: fetched 300 tickets so far
INFO:routers.jira:Jira bulk prefetch: fetched 400 tickets so far
INFO:routers.jira:Jira bulk prefetch: fetched 500 tickets so far
INFO:routers.jira:Jira bulk prefetch: fetched 600 tickets so far
INFO:routers.jira:Jira bulk prefetch: fetched 700 tickets so far
INFO:routers.jira:Jira bulk prefetch: fetched 800 tickets so far
INFO:routers.jira:Jira bulk prefetch: fetched 900 tickets so far
INFO:routers.jira:Jira bulk prefetch: fetched 1000 tickets so far
INFO:routers.jira:Jira bulk prefetch: fetched 1100 tickets so far
INFO:routers.jira:Jira bulk prefetch: fetched 1200 tickets so far
INFO:routers.jira:Jira bulk prefetch: fetched 1300 tickets so far
INFO:routers.jira:Jira bulk prefetch: fetched 1397 tickets so far
INFO:routers.jira:Jira bulk prefetch: 1397 tickets indexed, 2237 words
INFO:routers.scheduler:Scheduler: Jira prefetch complete. 1397 ticket(s) fetched. 14/481 device(s) have open tickets.
INFO:apscheduler.executors.default:Job "job_opmanager_alerts (trigger: interval[0:05:00], next run at: 2026-05-12 07:45:09 CDT)" executed successfully
INFO:apscheduler.executors.default:Running job "job_opmanager_alerts (trigger: interval[0:05:00], next run at: 2026-05-12 07:50:09 CDT)" (scheduled at 2026-05-12 07:45:09.142846-05:00)
INFO:routers.scheduler:Scheduler: Refreshing OpManager alerts...
INFO:routers.scheduler:Scheduler: OpManager alerts updated. Count: 8803
INFO:routers.jira:Jira bulk prefetch: fetched 100 tickets so far
INFO:routers.jira:Jira bulk prefetch: fetched 200 tickets so far
INFO:routers.jira:Jira bulk prefetch: fetched 300 tickets so far
INFO:routers.jira:Jira bulk prefetch: fetched 400 tickets so far
INFO:routers.jira:Jira bulk prefetch: fetched 500 tickets so far
INFO:routers.jira:Jira bulk prefetch: fetched 600 tickets so far
INFO:routers.jira:Jira bulk prefetch: fetched 700 tickets so far
INFO:routers.jira:Jira bulk prefetch: fetched 800 tickets so far
INFO:routers.jira:Jira bulk prefetch: fetched 900 tickets so far
INFO:routers.jira:Jira bulk prefetch: fetched 1000 tickets so far
INFO:routers.jira:Jira bulk prefetch: fetched 1100 tickets so far
INFO:routers.jira:Jira bulk prefetch: fetched 1200 tickets so far
INFO:routers.jira:Jira bulk prefetch: fetched 1300 tickets so far
INFO:routers.jira:Jira bulk prefetch: fetched 1400 tickets so far
INFO:routers.jira:Jira bulk prefetch: 1400 tickets indexed, 2239 words
INFO:routers.scheduler:Scheduler: Jira prefetch complete. 1400 ticket(s) fetched. 14/478 device(s) have open tickets.
INFO:apscheduler.executors.default:Job "job_opmanager_alerts (trigger: interval[0:05:00], next run at: 2026-05-12 07:50:09 CDT)" executed successfully
INFO:apscheduler.executors.default:Running job "job_meraki_refresh (trigger: interval[0:15:00], next run at: 2026-05-12 08:05:09 CDT)" (scheduled at 2026-05-12 07:50:09.143784-05:00)
INFO:routers.scheduler:Scheduler: Refreshing Meraki data...
INFO:routers.meraki:Meraki refresh: starting...
INFO:apscheduler.executors.default:Running job "job_opmanager_devices (trigger: interval[0:15:00], next run at: 2026-05-12 08:05:09 CDT)" (scheduled at 2026-05-12 07:50:09.142913-05:00)
INFO:routers.scheduler:Scheduler: Refreshing OpManager devices...
INFO:apscheduler.executors.default:Running job "job_citrix_power_unknown_check (trigger: interval[0:15:00], next run at: 2026-05-12 08:05:09 CDT)" (scheduled at 2026-05-12 07:50:09.143565-05:00)
INFO:routers.scheduler:Scheduler: Checking Citrix machine power states for unknowns...
INFO:apscheduler.executors.default:Running job "job_findings (trigger: interval[0:15:00], next run at: 2026-05-12 08:05:09 CDT)" (scheduled at 2026-05-12 07:50:09.144032-05:00)
INFO:apscheduler.executors.default:Running job "job_opmanager_alerts (trigger: interval[0:05:00], next run at: 2026-05-12 07:55:09 CDT)" (scheduled at 2026-05-12 07:50:09.142846-05:00)
INFO:routers.scheduler:Scheduler: Refreshing OpManager alerts...
INFO:routers.findings:findings: refreshed — 36 total
INFO:routers.scheduler:Scheduler: findings refreshed — 36 findings
INFO:apscheduler.executors.default:Job "job_findings (trigger: interval[0:15:00], next run at: 2026-05-12 08:05:09 CDT)" executed successfully
INFO:routers.scheduler:Scheduler: Power check complete. New unknowns: 0, Recovered: 0, Notified teams: none
INFO:apscheduler.executors.default:Job "job_citrix_power_unknown_check (trigger: interval[0:15:00], next run at: 2026-05-12 08:05:09 CDT)" executed successfully
INFO:routers.meraki:Meraki: fetched 11 networks across 2 orgs.
INFO:routers.meraki:Meraki: fetched 215 devices.
INFO:routers.meraki:Meraki: fetched uplinks for 19 appliances.
INFO:routers.scheduler:Scheduler: OpManager devices updated.
INFO:apscheduler.executors.default:Job "job_opmanager_devices (trigger: interval[0:15:00], next run at: 2026-05-12 08:05:09 CDT)" executed successfully
INFO:routers.meraki:Meraki: fetched 1706 clients.
INFO:routers.meraki:Meraki refresh complete. 11 networks, 215 devices, 19 uplink appliances, 1706 recent clients.
INFO:apscheduler.executors.default:Job "job_meraki_refresh (trigger: interval[0:15:00], next run at: 2026-05-12 08:05:09 CDT)" executed successfully
INFO:routers.scheduler:Scheduler: OpManager alerts updated. Count: 8803
INFO:routers.jira:Jira bulk prefetch: fetched 100 tickets so far
INFO:routers.jira:Jira bulk prefetch: fetched 200 tickets so far
INFO:routers.jira:Jira bulk prefetch: fetched 300 tickets so far
INFO:routers.jira:Jira bulk prefetch: fetched 400 tickets so far
INFO:routers.jira:Jira bulk prefetch: fetched 500 tickets so far
INFO:routers.jira:Jira bulk prefetch: fetched 600 tickets so far
INFO:routers.jira:Jira bulk prefetch: fetched 700 tickets so far
INFO:routers.jira:Jira bulk prefetch: fetched 800 tickets so far
INFO:routers.jira:Jira bulk prefetch: fetched 900 tickets so far
INFO:routers.jira:Jira bulk prefetch: fetched 1000 tickets so far
INFO:routers.jira:Jira bulk prefetch: fetched 1100 tickets so far
INFO:routers.jira:Jira bulk prefetch: fetched 1200 tickets so far
INFO:routers.jira:Jira bulk prefetch: fetched 1300 tickets so far
INFO:routers.jira:Jira bulk prefetch: fetched 1400 tickets so far
INFO:routers.jira:Jira bulk prefetch: 1400 tickets indexed, 2239 words
INFO:routers.scheduler:Scheduler: Jira prefetch complete. 1400 ticket(s) fetched. 15/477 device(s) have open tickets.
INFO:apscheduler.executors.default:Job "job_opmanager_alerts (trigger: interval[0:05:00], next run at: 2026-05-12 07:55:09 CDT)" executed successfully
INFO:apscheduler.executors.default:Running job "job_opmanager_alerts (trigger: interval[0:05:00], next run at: 2026-05-12 08:00:09 CDT)" (scheduled at 2026-05-12 07:55:09.142846-05:00)
INFO:routers.scheduler:Scheduler: Refreshing OpManager alerts...
INFO:routers.scheduler:Scheduler: OpManager alerts updated. Count: 8803
INFO:routers.jira:Jira bulk prefetch: fetched 100 tickets so far
INFO:routers.jira:Jira bulk prefetch: fetched 200 tickets so far
INFO:routers.jira:Jira bulk prefetch: fetched 300 tickets so far
INFO:routers.jira:Jira bulk prefetch: fetched 400 tickets so far
INFO:routers.jira:Jira bulk prefetch: fetched 500 tickets so far
INFO:routers.jira:Jira bulk prefetch: fetched 600 tickets so far
INFO:routers.jira:Jira bulk prefetch: fetched 700 tickets so far
INFO:routers.jira:Jira bulk prefetch: fetched 800 tickets so far
INFO:routers.jira:Jira bulk prefetch: fetched 900 tickets so far
INFO:routers.jira:Jira bulk prefetch: fetched 1000 tickets so far
INFO:routers.jira:Jira bulk prefetch: fetched 1100 tickets so far
INFO:routers.jira:Jira bulk prefetch: fetched 1200 tickets so far
INFO:routers.jira:Jira bulk prefetch: fetched 1300 tickets so far
INFO:routers.jira:Jira bulk prefetch: fetched 1400 tickets so far
INFO:routers.jira:Jira bulk prefetch: fetched 1401 tickets so far
INFO:routers.jira:Jira bulk prefetch: 1401 tickets indexed, 2239 words
INFO:routers.scheduler:Scheduler: Jira prefetch complete. 1401 ticket(s) fetched. 15/479 device(s) have open tickets.
INFO:apscheduler.executors.default:Job "job_opmanager_alerts (trigger: interval[0:05:00], next run at: 2026-05-12 08:00:09 CDT)" executed successfully
INFO:apscheduler.executors.default:Running job "job_opmanager_alerts (trigger: interval[0:05:00], next run at: 2026-05-12 08:05:09 CDT)" (scheduled at 2026-05-12 08:00:09.142846-05:00)
INFO:routers.scheduler:Scheduler: Refreshing OpManager alerts...
INFO:routers.scheduler:Scheduler: OpManager alerts updated. Count: 8803
INFO:routers.jira:Jira bulk prefetch: fetched 100 tickets so far
INFO:routers.jira:Jira bulk prefetch: fetched 200 tickets so far
INFO:routers.jira:Jira bulk prefetch: fetched 300 tickets so far
INFO:routers.jira:Jira bulk prefetch: fetched 400 tickets so far
INFO:routers.jira:Jira bulk prefetch: fetched 500 tickets so far
INFO:routers.jira:Jira bulk prefetch: fetched 600 tickets so far
INFO:routers.jira:Jira bulk prefetch: fetched 700 tickets so far
INFO:routers.jira:Jira bulk prefetch: fetched 800 tickets so far
INFO:routers.jira:Jira bulk prefetch: fetched 900 tickets so far
INFO:routers.jira:Jira bulk prefetch: fetched 1000 tickets so far
INFO:routers.jira:Jira bulk prefetch: fetched 1100 tickets so far
INFO:routers.jira:Jira bulk prefetch: fetched 1200 tickets so far
INFO:routers.jira:Jira bulk prefetch: fetched 1300 tickets so far
INFO:routers.jira:Jira bulk prefetch: fetched 1400 tickets so far
INFO:routers.jira:Jira bulk prefetch: 1400 tickets indexed, 2239 words
INFO:routers.scheduler:Scheduler: Jira prefetch complete. 1400 ticket(s) fetched. 15/479 device(s) have open tickets.
INFO:apscheduler.executors.default:Job "job_opmanager_alerts (trigger: interval[0:05:00], next run at: 2026-05-12 08:05:09 CDT)" executed successfully
WARNING:  StatReload detected changes in 'main.py'. Reloading...
 INFO:apscheduler.executors.default:Running job "job_basic_vms (trigger: interval[0:30:00], next run at: 2026-05-12 08:35:09 CDT)" (scheduled at 2026-05-12 08:05:09.142247-05:00)
INFO:routers.scheduler:Scheduler: Refreshing basic VM list...
INFO:apscheduler.executors.default:Running job "job_opmanager_devices (trigger: interval[0:15:00], next run at: 2026-05-12 08:20:09 CDT)" (scheduled at 2026-05-12 08:05:09.142913-05:00)
INFO:routers.scheduler:Scheduler: Refreshing OpManager devices...
INFO:apscheduler.executors.default:Running job "job_citrix_power_unknown_check (trigger: interval[0:15:00], next run at: 2026-05-12 08:20:09 CDT)" (scheduled at 2026-05-12 08:05:09.143565-05:00)
INFO:routers.scheduler:Scheduler: Checking Citrix machine power states for unknowns...
INFO:routers.scheduler:Scheduler: Power check complete. New unknowns: 0, Recovered: 0, Notified teams: none
INFO:apscheduler.executors.default:Running job "job_basic_hosts (trigger: interval[0:30:00], next run at: 2026-05-12 08:35:09 CDT)" (scheduled at 2026-05-12 08:05:09.142449-05:00)
INFO:apscheduler.executors.default:Running job "job_jira_prefetch (trigger: interval[0:30:00], next run at: 2026-05-12 08:35:09 CDT)" (scheduled at 2026-05-12 08:05:09.142968-05:00)
INFO:apscheduler.executors.default:Running job "job_meraki_refresh (trigger: interval[0:15:00], next run at: 2026-05-12 08:20:09 CDT)" (scheduled at 2026-05-12 08:05:09.143784-05:00)
INFO:apscheduler.executors.default:Running job "job_opmanager_alerts (trigger: interval[0:05:00], next run at: 2026-05-12 08:10:09 CDT)" (scheduled at 2026-05-12 08:05:09.142846-05:00)
INFO:apscheduler.executors.default:Job "job_citrix_power_unknown_check (trigger: interval[0:15:00], next run at: 2026-05-12 08:20:09 CDT)" executed successfully
INFO:apscheduler.executors.default:Running job "job_findings (trigger: interval[0:15:00], next run at: 2026-05-12 08:20:09 CDT)" (scheduled at 2026-05-12 08:05:09.144032-05:00)
INFO:routers.scheduler:Scheduler: Refreshing basic host list...
INFO:routers.scheduler:Scheduler: Refreshing Meraki data...
INFO:routers.scheduler:Scheduler: Refreshing OpManager alerts...
INFO:routers.meraki:Meraki refresh: starting...
INFO:     Shutting down
INFO:     Waiting for application shutdown.
INFO:     Application shutdown complete.
INFO:     Finished server process [21660]
INFO:routers.findings:findings: refreshed — 36 total
INFO:routers.scheduler:Scheduler: findings refreshed — 36 findings
INFO:apscheduler.executors.default:Job "job_findings (trigger: interval[0:15:00], next run at: 2026-05-12 08:20:09 CDT)" executed successfully
INFO:routers.jira:Jira bulk prefetch: fetched 100 tickets so far
INFO:routers.meraki:Meraki: fetched 11 networks across 2 orgs.
INFO:routers.jira:Jira bulk prefetch: fetched 200 tickets so far
INFO:routers.jira:Jira bulk prefetch: fetched 300 tickets so far
INFO:routers.jira:Jira bulk prefetch: fetched 400 tickets so far
INFO:routers.meraki:Meraki: fetched 215 devices.
INFO:routers.jira:Jira bulk prefetch: fetched 500 tickets so far
INFO:routers.jira:Jira bulk prefetch: fetched 600 tickets so far
INFO:routers.meraki:Meraki: fetched uplinks for 19 appliances.
INFO:routers.jira:Jira bulk prefetch: fetched 700 tickets so far
INFO:routers.jira:Jira bulk prefetch: fetched 800 tickets so far
INFO:routers.jira:Jira bulk prefetch: fetched 900 tickets so far
INFO:routers.scheduler:Scheduler: OpManager devices updated.
INFO:apscheduler.executors.default:Job "job_opmanager_devices (trigger: interval[0:15:00], next run at: 2026-05-12 08:20:09 CDT)" executed successfully
INFO:routers.jira:Jira bulk prefetch: fetched 1000 tickets so far
INFO:routers.jira:Jira bulk prefetch: fetched 1100 tickets so far
INFO:routers.jira:Jira bulk prefetch: fetched 1200 tickets so far
INFO:routers.jira:Jira bulk prefetch: fetched 1300 tickets so far
INFO:routers.meraki:Meraki: fetched 1813 clients.
INFO:routers.meraki:Meraki refresh complete. 11 networks, 215 devices, 19 uplink appliances, 1813 recent clients.
INFO:apscheduler.executors.default:Job "job_meraki_refresh (trigger: interval[0:15:00], next run at: 2026-05-12 08:20:09 CDT)" executed successfully
INFO:routers.scheduler:Scheduler: OpManager alerts updated. Count: 8803
INFO:routers.jira:Jira bulk prefetch: fetched 1397 tickets so far
INFO:routers.jira:Jira bulk prefetch: 1397 tickets indexed, 2239 words
INFO:routers.scheduler:Scheduler: Jira prefetch complete. 1397 ticket(s) fetched. 14/479 device(s) have open tickets.
INFO:apscheduler.executors.default:Job "job_jira_prefetch (trigger: interval[0:30:00], next run at: 2026-05-12 08:35:09 CDT)" executed successfully
INFO:routers.scheduler:Scheduler: Basic host list updated.
INFO:apscheduler.executors.default:Job "job_basic_hosts (trigger: interval[0:30:00], next run at: 2026-05-12 08:35:09 CDT)" executed successfully
INFO:routers.scheduler:Scheduler: Basic VM list updated.
INFO:apscheduler.executors.default:Job "job_basic_vms (trigger: interval[0:30:00], next run at: 2026-05-12 08:35:09 CDT)" executed successfully
INFO:routers.jira:Jira bulk prefetch: fetched 100 tickets so far
INFO:routers.jira:Jira bulk prefetch: fetched 200 tickets so far
INFO:routers.jira:Jira bulk prefetch: fetched 300 tickets so far
INFO:routers.jira:Jira bulk prefetch: fetched 400 tickets so far
INFO:routers.jira:Jira bulk prefetch: fetched 500 tickets so far
INFO:routers.jira:Jira bulk prefetch: fetched 600 tickets so far
INFO:routers.jira:Jira bulk prefetch: fetched 700 tickets so far
INFO:routers.jira:Jira bulk prefetch: fetched 800 tickets so far
INFO:routers.jira:Jira bulk prefetch: fetched 900 tickets so far
INFO:routers.jira:Jira bulk prefetch: fetched 1000 tickets so far
INFO:routers.jira:Jira bulk prefetch: fetched 1100 tickets so far
INFO:routers.jira:Jira bulk prefetch: fetched 1200 tickets so far
INFO:routers.jira:Jira bulk prefetch: fetched 1300 tickets so far
INFO:routers.jira:Jira bulk prefetch: fetched 1397 tickets so far
INFO:routers.jira:Jira bulk prefetch: 1397 tickets indexed, 2239 words
INFO:routers.scheduler:Scheduler: Jira prefetch complete. 1397 ticket(s) fetched. 14/479 device(s) have open tickets.
INFO:apscheduler.executors.default:Job "job_opmanager_alerts (trigger: interval[0:05:00], next run at: 2026-05-12 08:10:09 CDT)" executed successfully
INFO:routers.notifications:notifications: loaded 0 persisted alert states
INFO:apscheduler.scheduler:Adding job tentatively -- it will be properly scheduled when the scheduler starts
INFO:apscheduler.scheduler:Adding job tentatively -- it will be properly scheduled when the scheduler starts
INFO:apscheduler.scheduler:Adding job tentatively -- it will be properly scheduled when the scheduler starts
INFO:apscheduler.scheduler:Adding job tentatively -- it will be properly scheduled when the scheduler starts
INFO:apscheduler.scheduler:Adding job tentatively -- it will be properly scheduled when the scheduler starts
INFO:apscheduler.scheduler:Adding job tentatively -- it will be properly scheduled when the scheduler starts
INFO:apscheduler.scheduler:Adding job tentatively -- it will be properly scheduled when the scheduler starts
INFO:apscheduler.scheduler:Adding job tentatively -- it will be properly scheduled when the scheduler starts
INFO:apscheduler.scheduler:Adding job tentatively -- it will be properly scheduled when the scheduler starts
INFO:apscheduler.scheduler:Adding job tentatively -- it will be properly scheduled when the scheduler starts
INFO:apscheduler.scheduler:Adding job tentatively -- it will be properly scheduled when the scheduler starts
INFO:apscheduler.scheduler:Adding job tentatively -- it will be properly scheduled when the scheduler starts
INFO:apscheduler.scheduler:Adding job tentatively -- it will be properly scheduled when the scheduler starts
INFO:apscheduler.scheduler:Adding job tentatively -- it will be properly scheduled when the scheduler starts
INFO:apscheduler.scheduler:Adding job tentatively -- it will be properly scheduled when the scheduler starts
INFO:apscheduler.scheduler:Adding job tentatively -- it will be properly scheduled when the scheduler starts
INFO:apscheduler.scheduler:Adding job tentatively -- it will be properly scheduled when the scheduler starts
INFO:apscheduler.scheduler:Adding job tentatively -- it will be properly scheduled when the scheduler starts
INFO:apscheduler.scheduler:Adding job tentatively -- it will be properly scheduled when the scheduler starts
INFO:apscheduler.scheduler:Adding job tentatively -- it will be properly scheduled when the scheduler starts
INFO:apscheduler.scheduler:Adding job tentatively -- it will be properly scheduled when the scheduler starts
INFO:apscheduler.scheduler:Adding job tentatively -- it will be properly scheduled when the scheduler starts
INFO:apscheduler.scheduler:Adding job tentatively -- it will be properly scheduled when the scheduler starts
INFO:apscheduler.scheduler:Adding job tentatively -- it will be properly scheduled when the scheduler starts
INFO:apscheduler.scheduler:Adding job tentatively -- it will be properly scheduled when the scheduler starts
INFO:apscheduler.scheduler:Added job "job_basic_vms" to job store "default"
INFO:apscheduler.scheduler:Added job "job_basic_hosts" to job store "default"
INFO:apscheduler.scheduler:Added job "job_detailed_vms" to job store "default"
INFO:apscheduler.scheduler:Added job "job_disk_snapshots" to job store "default"
INFO:apscheduler.scheduler:Added job "job_untagged_vms" to job store "default"
INFO:apscheduler.scheduler:Added job "job_detailed_hosts" to job store "default"
INFO:apscheduler.scheduler:Added job "job_opmanager_alerts" to job store "default"
INFO:apscheduler.scheduler:Added job "job_opmanager_devices" to job store "default"
INFO:apscheduler.scheduler:Added job "job_jira_prefetch" to job store "default"
INFO:apscheduler.scheduler:Added job "job_ad_summary" to job store "default"
INFO:apscheduler.scheduler:Added job "job_ad_reports" to job store "default"
INFO:apscheduler.scheduler:Added job "job_ad_gpo_analysis" to job store "default"
INFO:apscheduler.scheduler:Added job "job_cert_summary" to job store "default"
INFO:apscheduler.scheduler:Added job "job_cert_expiring" to job store "default"
INFO:apscheduler.scheduler:Added job "job_cert_dc_certs" to job store "default"
INFO:apscheduler.scheduler:Added job "job_citrix_summary" to job store "default"
INFO:apscheduler.scheduler:Added job "job_citrix_power_unknown_check" to job store "default"
INFO:apscheduler.scheduler:Added job "job_lansweeper_summary" to job store "default"
INFO:apscheduler.scheduler:Added job "job_lansweeper_patch" to job store "default"
INFO:apscheduler.scheduler:Added job "job_lansweeper_assets" to job store "default"
INFO:apscheduler.scheduler:Added job "job_meraki_refresh" to job store "default"
INFO:apscheduler.scheduler:Added job "job_ai_analysis" to job store "default"
INFO:apscheduler.scheduler:Added job "job_jira_intelligence" to job store "default"
INFO:apscheduler.scheduler:Added job "job_findings" to job store "default"
INFO:apscheduler.scheduler:Added job "job_entra_refresh" to job store "default"
INFO:apscheduler.scheduler:Scheduler started
INFO:routers.scheduler:Scheduler started. All background jobs active.
INFO:apscheduler.executors.default:Running job "job_jira_prefetch (trigger: interval[0:30:00], next run at: 2026-05-12 08:05:32 CDT)" (scheduled at 2026-05-12 08:05:32.869906-05:00)
INFO:apscheduler.executors.default:Running job "job_citrix_summary (trigger: interval[1:00:00], next run at: 2026-05-12 08:05:32 CDT)" (scheduled at 2026-05-12 08:05:32.870316-05:00)
INFO:routers.scheduler:Scheduler: Refreshing Citrix summary...
INFO:apscheduler.executors.default:Running job "job_lansweeper_summary (trigger: interval[6:00:00], next run at: 2026-05-12 08:05:32 CDT)" (scheduled at 2026-05-12 08:05:32.870408-05:00)
INFO:routers.scheduler:Scheduler: Refreshing Lansweeper asset summary...
INFO:apscheduler.executors.default:Running job "job_lansweeper_patch (trigger: interval[6:00:00], next run at: 2026-05-12 14:05:32 CDT)" (scheduled at 2026-05-12 08:05:32.870452-05:00)
INFO:routers.scheduler:Scheduler: Refreshing Lansweeper patch status...
INFO:apscheduler.executors.default:Running job "job_lansweeper_assets (trigger: interval[6:00:00], next run at: 2026-05-12 08:05:32 CDT)" (scheduled at 2026-05-12 08:05:32.870496-05:00)
INFO:routers.scheduler:Scheduler: Refreshing Lansweeper asset list...
INFO:apscheduler.executors.default:Running job "job_meraki_refresh (trigger: interval[0:15:00], next run at: 2026-05-12 08:05:32 CDT)" (scheduled at 2026-05-12 08:05:32.870540-05:00)
INFO:routers.scheduler:Scheduler: Refreshing Meraki data...
INFO:routers.meraki:Meraki refresh: starting...
INFO:apscheduler.executors.default:Running job "job_findings (trigger: interval[0:15:00], next run at: 2026-05-12 08:20:32 CDT)" (scheduled at 2026-05-12 08:05:32.870725-05:00)
INFO:     Started server process [23352]
INFO:     Waiting for application startup.
INFO:     Application startup complete.
INFO:routers.findings:findings: refreshed — 33 total
INFO:routers.scheduler:Scheduler: findings refreshed — 33 findings
INFO:apscheduler.executors.default:Job "job_findings (trigger: interval[0:15:00], next run at: 2026-05-12 08:20:32 CDT)" executed successfully
INFO:routers.jira:Jira bulk prefetch: fetched 100 tickets so far
INFO:routers.meraki:Meraki: fetched 11 networks across 2 orgs.
INFO:routers.jira:Jira bulk prefetch: fetched 200 tickets so far
INFO:routers.jira:Jira bulk prefetch: fetched 300 tickets so far
INFO:routers.jira:Jira bulk prefetch: fetched 400 tickets so far
INFO:routers.meraki:Meraki: fetched 215 devices.
INFO:routers.jira:Jira bulk prefetch: fetched 500 tickets so far
INFO:routers.jira:Jira bulk prefetch: fetched 600 tickets so far
INFO:routers.meraki:Meraki: fetched uplinks for 19 appliances.
INFO:routers.jira:Jira bulk prefetch: fetched 700 tickets so far
INFO:routers.jira:Jira bulk prefetch: fetched 800 tickets so far
INFO:routers.jira:Jira bulk prefetch: fetched 900 tickets so far
INFO:routers.jira:Jira bulk prefetch: fetched 1000 tickets so far
INFO:routers.jira:Jira bulk prefetch: fetched 1100 tickets so far
INFO:routers.jira:Jira bulk prefetch: fetched 1200 tickets so far
INFO:routers.jira:Jira bulk prefetch: fetched 1300 tickets so far
INFO:routers.jira:Jira bulk prefetch: fetched 1397 tickets so far
INFO:routers.jira:Jira bulk prefetch: 1397 tickets indexed, 2239 words
INFO:routers.scheduler:Scheduler: Jira prefetch complete. 1397 ticket(s) fetched. 14/479 device(s) have open tickets.
INFO:apscheduler.executors.default:Job "job_jira_prefetch (trigger: interval[0:30:00], next run at: 2026-05-12 08:35:32 CDT)" executed successfully
INFO:routers.scheduler:Scheduler: Citrix updated. Machines: 687, Sessions: 796
INFO:apscheduler.executors.default:Job "job_citrix_summary (trigger: interval[1:00:00], next run at: 2026-05-12 09:05:32 CDT)" executed successfully
INFO:routers.meraki:Meraki: fetched 1816 clients.
INFO:routers.meraki:Meraki refresh complete. 11 networks, 215 devices, 19 uplink appliances, 1816 recent clients.
INFO:apscheduler.executors.default:Job "job_meraki_refresh (trigger: interval[0:15:00], next run at: 2026-05-12 08:20:32 CDT)" executed successfully
INFO:routers.scheduler:Scheduler: Lansweeper patch status updated.
INFO:apscheduler.executors.default:Job "job_lansweeper_patch (trigger: interval[6:00:00], next run at: 2026-05-12 14:05:32 CDT)" executed successfully
INFO:routers.scheduler:Scheduler: Lansweeper asset summary updated.
INFO:apscheduler.executors.default:Job "job_lansweeper_summary (trigger: interval[6:00:00], next run at: 2026-05-12 14:05:32 CDT)" executed successfully
INFO:routers.scheduler:Scheduler: Lansweeper asset list updated. 11576 assets.
INFO:apscheduler.executors.default:Job "job_lansweeper_assets (trigger: interval[6:00:00], next run at: 2026-05-12 14:05:32 CDT)" executed successfully
INFO:apscheduler.executors.default:Running job "job_opmanager_alerts (trigger: interval[0:05:00], next run at: 2026-05-12 08:15:32 CDT)" (scheduled at 2026-05-12 08:10:32.869815-05:00)
INFO:routers.scheduler:Scheduler: Refreshing OpManager alerts...
INFO:routers.scheduler:Scheduler: OpManager alerts updated. Count: 8803
INFO:routers.jira:Jira bulk prefetch: fetched 100 tickets so far
INFO:routers.jira:Jira bulk prefetch: fetched 200 tickets so far
INFO:routers.jira:Jira bulk prefetch: fetched 300 tickets so far
INFO:routers.jira:Jira bulk prefetch: fetched 400 tickets so far
INFO:routers.jira:Jira bulk prefetch: fetched 500 tickets so far
INFO:routers.jira:Jira bulk prefetch: fetched 600 tickets so far
INFO:routers.jira:Jira bulk prefetch: fetched 700 tickets so far
INFO:routers.jira:Jira bulk prefetch: fetched 800 tickets so far
INFO:routers.jira:Jira bulk prefetch: fetched 900 tickets so far
INFO:routers.jira:Jira bulk prefetch: fetched 1000 tickets so far
INFO:routers.jira:Jira bulk prefetch: fetched 1100 tickets so far
INFO:routers.jira:Jira bulk prefetch: fetched 1200 tickets so far
INFO:routers.jira:Jira bulk prefetch: fetched 1300 tickets so far
INFO:routers.jira:Jira bulk prefetch: fetched 1396 tickets so far
INFO:routers.jira:Jira bulk prefetch: 1396 tickets indexed, 2237 words
INFO:routers.scheduler:Scheduler: Jira prefetch complete. 1396 ticket(s) fetched. 13/479 device(s) have open tickets.
INFO:apscheduler.executors.default:Job "job_opmanager_alerts (trigger: interval[0:05:00], next run at: 2026-05-12 08:15:32 CDT)" executed successfully
INFO:apscheduler.executors.default:Running job "job_opmanager_alerts (trigger: interval[0:05:00], next run at: 2026-05-12 08:20:32 CDT)" (scheduled at 2026-05-12 08:15:32.869815-05:00)
INFO:routers.scheduler:Scheduler: Refreshing OpManager alerts...
INFO:routers.scheduler:Scheduler: OpManager alerts updated. Count: 8803
INFO:routers.jira:Jira bulk prefetch: fetched 100 tickets so far
INFO:routers.jira:Jira bulk prefetch: fetched 200 tickets so far
INFO:routers.jira:Jira bulk prefetch: fetched 300 tickets so far
INFO:routers.jira:Jira bulk prefetch: fetched 400 tickets so far
INFO:routers.jira:Jira bulk prefetch: fetched 500 tickets so far
INFO:routers.jira:Jira bulk prefetch: fetched 600 tickets so far
INFO:routers.jira:Jira bulk prefetch: fetched 700 tickets so far
INFO:routers.jira:Jira bulk prefetch: fetched 800 tickets so far
INFO:routers.jira:Jira bulk prefetch: fetched 900 tickets so far
INFO:routers.jira:Jira bulk prefetch: fetched 1000 tickets so far
INFO:routers.jira:Jira bulk prefetch: fetched 1100 tickets so far
INFO:routers.jira:Jira bulk prefetch: fetched 1200 tickets so far
INFO:routers.jira:Jira bulk prefetch: fetched 1300 tickets so far
INFO:routers.jira:Jira bulk prefetch: fetched 1396 tickets so far
INFO:routers.jira:Jira bulk prefetch: 1396 tickets indexed, 2237 words
INFO:routers.scheduler:Scheduler: Jira prefetch complete. 1396 ticket(s) fetched. 13/479 device(s) have open tickets.
INFO:apscheduler.executors.default:Job "job_opmanager_alerts (trigger: interval[0:05:00], next run at: 2026-05-12 08:20:32 CDT)" executed successfully
INFO:apscheduler.executors.default:Running job "job_opmanager_alerts (trigger: interval[0:05:00], next run at: 2026-05-12 08:25:32 CDT)" (scheduled at 2026-05-12 08:20:32.869815-05:00)
INFO:routers.scheduler:Scheduler: Refreshing OpManager alerts...
INFO:apscheduler.executors.default:Running job "job_meraki_refresh (trigger: interval[0:15:00], next run at: 2026-05-12 08:35:32 CDT)" (scheduled at 2026-05-12 08:20:32.870540-05:00)
INFO:routers.scheduler:Scheduler: Refreshing Meraki data...
INFO:routers.meraki:Meraki refresh: starting...
INFO:apscheduler.executors.default:Running job "job_opmanager_devices (trigger: interval[0:15:00], next run at: 2026-05-12 08:35:32 CDT)" (scheduled at 2026-05-12 08:20:32.869862-05:00)
INFO:apscheduler.executors.default:Running job "job_findings (trigger: interval[0:15:00], next run at: 2026-05-12 08:35:32 CDT)" (scheduled at 2026-05-12 08:20:32.870725-05:00)
INFO:apscheduler.executors.default:Running job "job_citrix_power_unknown_check (trigger: interval[0:15:00], next run at: 2026-05-12 08:35:32 CDT)" (scheduled at 2026-05-12 08:20:32.870365-05:00)
INFO:routers.scheduler:Scheduler: Refreshing OpManager devices...
INFO:routers.scheduler:Scheduler: Checking Citrix machine power states for unknowns...
INFO:routers.findings:findings: refreshed — 36 total
INFO:routers.scheduler:Scheduler: findings refreshed — 36 findings
INFO:apscheduler.executors.default:Job "job_findings (trigger: interval[0:15:00], next run at: 2026-05-12 08:35:32 CDT)" executed successfully
INFO:routers.scheduler:Scheduler: Power check complete. New unknowns: 0, Recovered: 0, Notified teams: none
INFO:apscheduler.executors.default:Job "job_citrix_power_unknown_check (trigger: interval[0:15:00], next run at: 2026-05-12 08:35:32 CDT)" executed successfully
INFO:routers.meraki:Meraki: fetched 11 networks across 2 orgs.
INFO:routers.meraki:Meraki: fetched 215 devices.
INFO:routers.meraki:Meraki: fetched uplinks for 19 appliances.
INFO:routers.scheduler:Scheduler: OpManager devices updated.
INFO:apscheduler.executors.default:Job "job_opmanager_devices (trigger: interval[0:15:00], next run at: 2026-05-12 08:35:32 CDT)" executed successfully
INFO:routers.meraki:Meraki: fetched 1918 clients.
INFO:routers.meraki:Meraki refresh complete. 11 networks, 215 devices, 19 uplink appliances, 1918 recent clients.
INFO:apscheduler.executors.default:Job "job_meraki_refresh (trigger: interval[0:15:00], next run at: 2026-05-12 08:35:32 CDT)" executed successfully
INFO:routers.scheduler:Scheduler: OpManager alerts updated. Count: 8803
INFO:routers.jira:Jira bulk prefetch: fetched 100 tickets so far
INFO:routers.jira:Jira bulk prefetch: fetched 200 tickets so far
INFO:routers.jira:Jira bulk prefetch: fetched 300 tickets so far
INFO:routers.jira:Jira bulk prefetch: fetched 400 tickets so far
INFO:routers.jira:Jira bulk prefetch: fetched 500 tickets so far
INFO:routers.jira:Jira bulk prefetch: fetched 600 tickets so far
INFO:routers.jira:Jira bulk prefetch: fetched 700 tickets so far
INFO:routers.jira:Jira bulk prefetch: fetched 800 tickets so far
INFO:routers.jira:Jira bulk prefetch: fetched 900 tickets so far
INFO:routers.jira:Jira bulk prefetch: fetched 1000 tickets so far
INFO:routers.jira:Jira bulk prefetch: fetched 1100 tickets so far
INFO:routers.jira:Jira bulk prefetch: fetched 1200 tickets so far
INFO:routers.jira:Jira bulk prefetch: fetched 1300 tickets so far
INFO:routers.jira:Jira bulk prefetch: fetched 1397 tickets so far
INFO:routers.jira:Jira bulk prefetch: 1397 tickets indexed, 2240 words
INFO:routers.scheduler:Scheduler: Jira prefetch complete. 1397 ticket(s) fetched. 13/480 device(s) have open tickets.
INFO:apscheduler.executors.default:Job "job_opmanager_alerts (trigger: interval[0:05:00], next run at: 2026-05-12 08:25:32 CDT)" executed successfully
INFO:     127.0.0.1:62382 - "GET /infraportal/my-dashboard HTTP/1.1" 302 Found
INFO:     127.0.0.1:62382 - "GET /infraportal/auth/login?next=http://localhost:8000/infraportal/my-dashboard HTTP/1.1" 302 Found
INFO:routers.auth:User info fields: name=Lanio, Markus given=Markus upn=markus.lanio@zinnia.com
INFO:routers.auth:User logged in: markus.lanio@zinnia.com — groups: 254
INFO:     127.0.0.1:62382 - "GET /infraportal/auth/callback?code=1.AXgAWaHZwKsYMUylpfTQuAXefc-ezYYXSk9Ftp2HvESE4vH9AGt4AA.BQABBAIAAAADAOz_BQD0_0V2b1N0c0FydGlmYWN0cwIAAAAAAKgZG5Fq3-6pEB0dpUgD9HrJSTt0L1jp4sKTdAihMMnZ7AgGa8w-aKc2d2NvPMXE3aT6eLAlIsupsBckIRqeD5IuNqF-UVn8MQzqsdUxXs3el12yLxO5IZhpqC53xwAGZPyRv-yStKYg_Pu80WMGLmGKF2s2yxEe7twA22OiNOWYq9OFQXYliZl_H27pTyvFdcKg7IeQm5wzeY9vrpkLGKtAvFIdI0pfC3ch40ghz3kePa9Jsv66Ma39Hrjzu-3GhjAHfdmiS3iHZLaz1abGKwxZB-nkXb9VbiK60-w1cbtfHRtCU2dnAGDXcQt9ZqvJzRrAmj31bISFnjI17TScp5s4ilU7-iEb3kmHHCjFFKmKykw0UAn4b1tFCveG2lVBGfbQLDMUmEN1qAvhNAzqQhvi7qUu4iQWlePz_HiyfyFIgN1vD2cubqQo44N-5zmGNxgXLhukCiMlpzrbUBrT89CELgcmIAq9FMFnIAWw9UcYaZDOwagU3ZmEFuWWP71GpBALEM3PcJvwlVsf9_jjRAPDAMORqr29MwtU0fa8CX8Z8EJ3V-uS30ZBB2BC6M97LM2bzh__l06pC3VUtSRH2wC8b7N3SbBjJqjCRfhC0kcOiH6w0jsAmM-AZelAlbZJ6iIAu-YCdTgxtBAecjCmPAZ4c1uot5V_10SeExWxdOL4_yXJNWP62JLjzSFlsyoFPfmZsb7VcPq_JjNE9ZzQyajerl4v7jBFKhXWMkZDhmdrhWaVI_DDiwK9QYXEyISVdWIJ4hTmFBMSb7GgwS1Ad65mT_gS64osoHQc54-N7ALe9kzOSUoOatEBl2WaEG8E-heV5uo1Tz2tbz5R9toJRlWmg6lLlzh_9HT4iaJ6qooQEJegu99CHYaPoepk8JcQx_Nq1l4y6hf-MS6Q8Q2Yzz5EQi1ToTyXwwL_O7_OmAO0LtU6aD9ev0O0_3m9JTnWeKu8rYr_uPFJSFvqNU3XsnTnF3Ut9RipS4duRK4NSLMk61C_Ll4HhmUWGTY1F1kPsp8_yPslt682XK6NexYNHdfxVDF7imuE2z1mf8K-d_eTBM3J5Byd9BKKzxTIdQW37GvpejXW0CBlpudhfoGPWRDdxLtk6mCveWi1VIUJC6dP_-2_GKOyBiBo0VPAACJN5YFCkf-LrFICYryakDgvaU7GXE-OIUKzsNCR1ivTL50IGJe0DLTCZz__w8SpdVqcNnJoU9KVIku3iJx_CMOQw2L4OkX8tOJVKCt1aRSofP0IB3MbxgNptZ_ytnhAvpGKDOIQbIYWwaxWEeXPNN6BfWRg-i23VIpXAWLkV1W5cjsWnotxzayZpkVFioXMk4L4apcyp88borPp2otXnSRyrqOOYg9kra9jQ-wnLhEQnpZn33F6Hw-uICXU4DK83Cmm1lK5nY0C8sNQCFuckGVbgg7JLhffHk3YumdM8AQFYY5lmtGBdomZxbT_3gtHL26u957WmxSEqrJ7a7YlHUrsfsqwxtQMy5YQlX4ww2KDgLUqgHn19HST6-lF7OZXZvooRAykeAx3cBFXneGd-4bK&state=68762492-483b-424e-bd9a-ed6368b69728&session_state=00baa559-df60-87bd-6c6e-fca801d3e32a HTTP/1.1" 302 Found
INFO:     127.0.0.1:62382 - "GET /infraportal/my-dashboard HTTP/1.1" 200 OK
INFO:     127.0.0.1:62382 - "GET /infraportal/api/alerts HTTP/1.1" 200 OK
INFO:     127.0.0.1:64752 - "GET /infraportal/api/jira/itsd-stats HTTP/1.1" 200 OK
INFO:     127.0.0.1:50866 - "GET /infraportal/api/vms HTTP/1.1" 200 OK
INFO:     127.0.0.1:62382 - "GET /infraportal/api/ca/expiring HTTP/1.1" 200 OK
INFO:     127.0.0.1:64752 - "GET /infraportal/api/citrix/summary HTTP/1.1" 200 OK
INFO:     127.0.0.1:50866 - "GET /infraportal/api/ad/summary HTTP/1.1" 200 OK
INFO:     127.0.0.1:54471 - "GET /infraportal/api/dashboard/findings HTTP/1.1" 200 OK
INFO:     127.0.0.1:60004 - "GET /infraportal/api/scheduler-status HTTP/1.1" 200 OK
INFO:     127.0.0.1:64054 - "POST /infraportal/api/my-dashboard/config HTTP/1.1" 200 OK
INFO:apscheduler.executors.default:Running job "job_opmanager_alerts (trigger: interval[0:05:00], next run at: 2026-05-12 08:30:32 CDT)" (scheduled at 2026-05-12 08:25:32.869815-05:00)
INFO:routers.scheduler:Scheduler: Refreshing OpManager alerts...
INFO:routers.scheduler:Scheduler: OpManager alerts updated. Count: 8803
INFO:routers.jira:Jira bulk prefetch: fetched 100 tickets so far
INFO:routers.jira:Jira bulk prefetch: fetched 200 tickets so far
INFO:routers.jira:Jira bulk prefetch: fetched 300 tickets so far
INFO:routers.jira:Jira bulk prefetch: fetched 400 tickets so far
INFO:routers.jira:Jira bulk prefetch: fetched 500 tickets so far
INFO:routers.jira:Jira bulk prefetch: fetched 600 tickets so far
INFO:routers.jira:Jira bulk prefetch: fetched 700 tickets so far
INFO:routers.jira:Jira bulk prefetch: fetched 800 tickets so far
INFO:routers.jira:Jira bulk prefetch: fetched 900 tickets so far
INFO:routers.jira:Jira bulk prefetch: fetched 1000 tickets so far
INFO:routers.jira:Jira bulk prefetch: fetched 1100 tickets so far
INFO:routers.jira:Jira bulk prefetch: fetched 1200 tickets so far
INFO:routers.jira:Jira bulk prefetch: fetched 1300 tickets so far
INFO:routers.jira:Jira bulk prefetch: fetched 1397 tickets so far
INFO:routers.jira:Jira bulk prefetch: 1397 tickets indexed, 2242 words
INFO:routers.scheduler:Scheduler: Jira prefetch complete. 1397 ticket(s) fetched. 14/480 device(s) have open tickets.
INFO:apscheduler.executors.default:Job "job_opmanager_alerts (trigger: interval[0:05:00], next run at: 2026-05-12 08:30:32 CDT)" executed successfully
INFO:     127.0.0.1:55612 - "GET /infraportal/api/alerts HTTP/1.1" 200 OK
INFO:     127.0.0.1:64234 - "GET /infraportal/api/vms HTTP/1.1" 200 OK
INFO:     127.0.0.1:62988 - "GET /infraportal/api/citrix/summary HTTP/1.1" 200 OK
INFO:     127.0.0.1:58201 - "GET /infraportal/api/jira/itsd-stats HTTP/1.1" 200 OK
INFO:     127.0.0.1:54685 - "GET /infraportal/api/ad/summary HTTP/1.1" 200 OK
INFO:     127.0.0.1:58674 - "GET /infraportal/api/ca/expiring HTTP/1.1" 200 OK
INFO:     127.0.0.1:62988 - "GET /infraportal/api/dashboard/findings HTTP/1.1" 200 OK
INFO:     127.0.0.1:55612 - "GET /infraportal/api/scheduler-status HTTP/1.1" 200 OK
INFO:apscheduler.executors.default:Running job "job_opmanager_alerts (trigger: interval[0:05:00], next run at: 2026-05-12 08:35:32 CDT)" (scheduled at 2026-05-12 08:30:32.869815-05:00)
INFO:routers.scheduler:Scheduler: Refreshing OpManager alerts...
INFO:routers.scheduler:Scheduler: OpManager alerts updated. Count: 8803
INFO:routers.jira:Jira bulk prefetch: fetched 100 tickets so far
INFO:routers.jira:Jira bulk prefetch: fetched 200 tickets so far
INFO:routers.jira:Jira bulk prefetch: fetched 300 tickets so far
INFO:routers.jira:Jira bulk prefetch: fetched 400 tickets so far
INFO:routers.jira:Jira bulk prefetch: fetched 500 tickets so far
INFO:routers.jira:Jira bulk prefetch: fetched 600 tickets so far
INFO:routers.jira:Jira bulk prefetch: fetched 700 tickets so far
INFO:routers.jira:Jira bulk prefetch: fetched 800 tickets so far
INFO:routers.jira:Jira bulk prefetch: fetched 900 tickets so far
INFO:routers.jira:Jira bulk prefetch: fetched 1000 tickets so far
INFO:routers.jira:Jira bulk prefetch: fetched 1100 tickets so far
INFO:routers.jira:Jira bulk prefetch: fetched 1200 tickets so far
INFO:routers.jira:Jira bulk prefetch: fetched 1300 tickets so far
INFO:routers.jira:Jira bulk prefetch: fetched 1398 tickets so far
INFO:routers.jira:Jira bulk prefetch: 1398 tickets indexed, 2241 words
INFO:routers.scheduler:Scheduler: Jira prefetch complete. 1398 ticket(s) fetched. 14/481 device(s) have open tickets.
INFO:apscheduler.executors.default:Job "job_opmanager_alerts (trigger: interval[0:05:00], next run at: 2026-05-12 08:35:32 CDT)" executed successfully
INFO:     127.0.0.1:59528 - "GET /infraportal/entra HTTP/1.1" 200 OK
INFO:     127.0.0.1:53269 - "GET /infraportal/jira-intelligence HTTP/1.1" 200 OK
INFO:     127.0.0.1:53269 - "GET /infraportal/api/jira-intelligence/status?days=14 HTTP/1.1" 200 OK
INFO:     127.0.0.1:61817 - "GET /infraportal/api/jira-intelligence/status?days=30 HTTP/1.1" 200 OK
INFO:apscheduler.executors.default:Running job "job_basic_vms (trigger: interval[0:30:00], next run at: 2026-05-12 09:05:32 CDT)" (scheduled at 2026-05-12 08:35:32.869376-05:00)
INFO:routers.scheduler:Scheduler: Refreshing basic VM list...
INFO:apscheduler.executors.default:Running job "job_opmanager_alerts (trigger: interval[0:05:00], next run at: 2026-05-12 08:40:32 CDT)" (scheduled at 2026-05-12 08:35:32.869815-05:00)
INFO:routers.scheduler:Scheduler: Refreshing OpManager alerts...
INFO:apscheduler.executors.default:Running job "job_jira_prefetch (trigger: interval[0:30:00], next run at: 2026-05-12 09:05:32 CDT)" (scheduled at 2026-05-12 08:35:32.869906-05:00)
INFO:apscheduler.executors.default:Running job "job_citrix_power_unknown_check (trigger: interval[0:15:00], next run at: 2026-05-12 08:50:32 CDT)" (scheduled at 2026-05-12 08:35:32.870365-05:00)
INFO:apscheduler.executors.default:Running job "job_meraki_refresh (trigger: interval[0:15:00], next run at: 2026-05-12 08:50:32 CDT)" (scheduled at 2026-05-12 08:35:32.870540-05:00)
INFO:apscheduler.executors.default:Running job "job_findings (trigger: interval[0:15:00], next run at: 2026-05-12 08:50:32 CDT)" (scheduled at 2026-05-12 08:35:32.870725-05:00)
INFO:apscheduler.executors.default:Running job "job_basic_hosts (trigger: interval[0:30:00], next run at: 2026-05-12 09:05:32 CDT)" (scheduled at 2026-05-12 08:35:32.869525-05:00)
INFO:apscheduler.executors.default:Running job "job_opmanager_devices (trigger: interval[0:15:00], next run at: 2026-05-12 08:50:32 CDT)" (scheduled at 2026-05-12 08:35:32.869862-05:00)
INFO:routers.scheduler:Scheduler: Checking Citrix machine power states for unknowns...
INFO:routers.scheduler:Scheduler: Refreshing Meraki data...
INFO:routers.scheduler:Scheduler: Refreshing basic host list...
INFO:routers.scheduler:Scheduler: Refreshing OpManager devices...
INFO:routers.scheduler:Scheduler: Power check complete. New unknowns: 0, Recovered: 0, Notified teams: none
INFO:routers.meraki:Meraki refresh: starting...
INFO:apscheduler.executors.default:Job "job_citrix_power_unknown_check (trigger: interval[0:15:00], next run at: 2026-05-12 08:50:32 CDT)" executed successfully
INFO:routers.findings:findings: refreshed — 36 total
INFO:routers.scheduler:Scheduler: findings refreshed — 36 findings
INFO:apscheduler.executors.default:Job "job_findings (trigger: interval[0:15:00], next run at: 2026-05-12 08:50:32 CDT)" executed successfully
INFO:routers.jira:Jira bulk prefetch: fetched 100 tickets so far
INFO:routers.meraki:Meraki: fetched 11 networks across 2 orgs.
INFO:routers.jira:Jira bulk prefetch: fetched 200 tickets so far
INFO:routers.jira:Jira bulk prefetch: fetched 300 tickets so far
INFO:routers.meraki:Meraki: fetched 215 devices.
INFO:routers.jira:Jira bulk prefetch: fetched 400 tickets so far
INFO:routers.jira:Jira bulk prefetch: fetched 500 tickets so far
INFO:routers.scheduler:Scheduler: OpManager devices updated.
INFO:apscheduler.executors.default:Job "job_opmanager_devices (trigger: interval[0:15:00], next run at: 2026-05-12 08:50:32 CDT)" executed successfully
INFO:routers.meraki:Meraki: fetched uplinks for 19 appliances.
INFO:routers.jira:Jira bulk prefetch: fetched 600 tickets so far
INFO:routers.jira:Jira bulk prefetch: fetched 700 tickets so far
INFO:routers.jira:Jira bulk prefetch: fetched 800 tickets so far
INFO:routers.jira:Jira bulk prefetch: fetched 900 tickets so far
INFO:routers.jira:Jira bulk prefetch: fetched 1000 tickets so far
INFO:routers.jira:Jira bulk prefetch: fetched 1100 tickets so far
INFO:routers.jira:Jira bulk prefetch: fetched 1200 tickets so far
INFO:routers.jira:Jira bulk prefetch: fetched 1300 tickets so far
INFO:routers.jira:Jira bulk prefetch: fetched 1400 tickets so far
INFO:routers.jira:Jira bulk prefetch: 1400 tickets indexed, 2240 words
INFO:routers.scheduler:Scheduler: Jira prefetch complete. 1400 ticket(s) fetched. 14/479 device(s) have open tickets.
INFO:apscheduler.executors.default:Job "job_jira_prefetch (trigger: interval[0:30:00], next run at: 2026-05-12 09:05:32 CDT)" executed successfully
INFO:routers.scheduler:Scheduler: OpManager alerts updated. Count: 8803
INFO:routers.scheduler:Scheduler: Basic VM list updated.
INFO:apscheduler.executors.default:Job "job_basic_vms (trigger: interval[0:30:00], next run at: 2026-05-12 09:05:32 CDT)" executed successfully
INFO:routers.scheduler:Scheduler: Basic host list updated.
INFO:apscheduler.executors.default:Job "job_basic_hosts (trigger: interval[0:30:00], next run at: 2026-05-12 09:05:32 CDT)" executed successfully
INFO:routers.jira:Jira bulk prefetch: fetched 100 tickets so far
INFO:routers.jira:Jira bulk prefetch: fetched 200 tickets so far
INFO:routers.jira:Jira bulk prefetch: fetched 300 tickets so far
INFO:routers.meraki:Meraki: fetched 1968 clients.
INFO:routers.meraki:Meraki refresh complete. 11 networks, 215 devices, 19 uplink appliances, 1968 recent clients.
INFO:apscheduler.executors.default:Job "job_meraki_refresh (trigger: interval[0:15:00], next run at: 2026-05-12 08:50:32 CDT)" executed successfully
INFO:routers.jira:Jira bulk prefetch: fetched 400 tickets so far
INFO:routers.jira:Jira bulk prefetch: fetched 500 tickets so far
INFO:routers.jira:Jira bulk prefetch: fetched 600 tickets so far
INFO:routers.jira:Jira bulk prefetch: fetched 700 tickets so far
INFO:routers.jira:Jira bulk prefetch: fetched 800 tickets so far
INFO:routers.jira:Jira bulk prefetch: fetched 900 tickets so far
INFO:routers.jira:Jira bulk prefetch: fetched 1000 tickets so far
INFO:routers.jira:Jira bulk prefetch: fetched 1100 tickets so far
INFO:routers.jira:Jira bulk prefetch: fetched 1200 tickets so far
INFO:routers.jira:Jira bulk prefetch: fetched 1300 tickets so far
INFO:routers.jira:Jira bulk prefetch: fetched 1400 tickets so far
INFO:routers.jira:Jira bulk prefetch: 1400 tickets indexed, 2240 words
INFO:routers.scheduler:Scheduler: Jira prefetch complete. 1400 ticket(s) fetched. 14/479 device(s) have open tickets.
INFO:apscheduler.executors.default:Job "job_opmanager_alerts (trigger: interval[0:05:00], next run at: 2026-05-12 08:40:32 CDT)" executed successfully
INFO:     127.0.0.1:57672 - "GET /infraportal/my-dashboard HTTP/1.1" 200 OK
INFO:     127.0.0.1:57672 - "GET /infraportal/api/alerts HTTP/1.1" 200 OK
INFO:     127.0.0.1:57698 - "GET /infraportal/api/jira/itsd-stats HTTP/1.1" 200 OK
INFO:     127.0.0.1:59137 - "GET /infraportal/api/vms HTTP/1.1" 200 OK
INFO:     127.0.0.1:57698 - "GET /infraportal/api/citrix/summary HTTP/1.1" 200 OK
INFO:     127.0.0.1:57672 - "GET /infraportal/api/ca/expiring HTTP/1.1" 200 OK
INFO:     127.0.0.1:57698 - "GET /infraportal/api/ad/summary HTTP/1.1" 200 OK
INFO:     127.0.0.1:59137 - "GET /infraportal/api/scheduler-status HTTP/1.1" 200 OK
INFO:     127.0.0.1:57698 - "GET /infraportal/api/dashboard/findings HTTP/1.1" 200 OK
INFO:     127.0.0.1:52902 - "GET /infraportal/api/alerts HTTP/1.1" 200 OK
INFO:     127.0.0.1:54305 - "GET /infraportal/api/jira/itsd-stats HTTP/1.1" 200 OK
INFO:     127.0.0.1:52207 - "GET /infraportal/api/vms HTTP/1.1" 200 OK
INFO:     127.0.0.1:54305 - "GET /infraportal/api/citrix/summary HTTP/1.1" 200 OK
INFO:     127.0.0.1:52902 - "GET /infraportal/api/ca/expiring HTTP/1.1" 200 OK
INFO:     127.0.0.1:52207 - "GET /infraportal/api/ad/summary HTTP/1.1" 200 OK
INFO:     127.0.0.1:54305 - "POST /infraportal/api/my-dashboard/config HTTP/1.1" 200 OK
INFO:     127.0.0.1:52902 - "GET /infraportal/api/dashboard/findings HTTP/1.1" 200 OK
INFO:     127.0.0.1:52207 - "GET /infraportal/api/scheduler-status HTTP/1.1" 200 OK
INFO:     127.0.0.1:52902 - "GET /infraportal/api/scheduler-status HTTP/1.1" 200 OK
INFO:     127.0.0.1:59532 - "POST /infraportal/api/my-dashboard/config HTTP/1.1" 200 OK
INFO:     127.0.0.1:59532 - "POST /infraportal/api/my-dashboard/config HTTP/1.1" 200 OK
INFO:     127.0.0.1:59532 - "POST /infraportal/api/my-dashboard/config HTTP/1.1" 200 OK
INFO:     127.0.0.1:59576 - "GET /infraportal/scheduler HTTP/1.1" 200 OK
INFO:     127.0.0.1:57488 - "GET /infraportal/api/scheduler-status HTTP/1.1" 200 OK
INFO:     127.0.0.1:51678 - "GET /infraportal/api/scheduler-status HTTP/1.1" 200 OK
INFO:     127.0.0.1:54774 - "GET /infraportal/api/scheduler-status HTTP/1.1" 200 OK
INFO:apscheduler.executors.default:Running job "job_opmanager_alerts (trigger: interval[0:05:00], next run at: 2026-05-12 08:45:32 CDT)" (scheduled at 2026-05-12 08:40:32.869815-05:00)
INFO:routers.scheduler:Scheduler: Refreshing OpManager alerts...
INFO:routers.scheduler:Scheduler: OpManager alerts updated. Count: 8803
INFO:routers.jira:Jira bulk prefetch: fetched 100 tickets so far
INFO:routers.jira:Jira bulk prefetch: fetched 200 tickets so far
INFO:routers.jira:Jira bulk prefetch: fetched 300 tickets so far
INFO:routers.jira:Jira bulk prefetch: fetched 400 tickets so far
INFO:routers.jira:Jira bulk prefetch: fetched 500 tickets so far
INFO:routers.jira:Jira bulk prefetch: fetched 600 tickets so far
INFO:routers.jira:Jira bulk prefetch: fetched 700 tickets so far
INFO:routers.jira:Jira bulk prefetch: fetched 800 tickets so far
INFO:routers.jira:Jira bulk prefetch: fetched 900 tickets so far
INFO:routers.jira:Jira bulk prefetch: fetched 1000 tickets so far
INFO:routers.jira:Jira bulk prefetch: fetched 1100 tickets so far
INFO:routers.jira:Jira bulk prefetch: fetched 1200 tickets so far
INFO:routers.jira:Jira bulk prefetch: fetched 1300 tickets so far
INFO:routers.jira:Jira bulk prefetch: fetched 1400 tickets so far
INFO:routers.jira:Jira bulk prefetch: 1400 tickets indexed, 2241 words
INFO:routers.scheduler:Scheduler: Jira prefetch complete. 1400 ticket(s) fetched. 15/488 device(s) have open tickets.
INFO:apscheduler.executors.default:Job "job_opmanager_alerts (trigger: interval[0:05:00], next run at: 2026-05-12 08:45:32 CDT)" executed successfully
INFO:     127.0.0.1:55547 - "GET /infraportal/api/scheduler-status HTTP/1.1" 200 OK
INFO:     127.0.0.1:54935 - "GET /infraportal/api/scheduler-status HTTP/1.1" 200 OK
INFO:     127.0.0.1:50710 - "GET /infraportal/api/scheduler-status HTTP/1.1" 200 OK
INFO:     127.0.0.1:53073 - "GET /infraportal/api/scheduler-status HTTP/1.1" 200 OK
INFO:     127.0.0.1:52722 - "GET /infraportal/api/scheduler-status HTTP/1.1" 200 OK
INFO:     127.0.0.1:54409 - "GET /infraportal/api/scheduler-status HTTP/1.1" 200 OK
INFO:     127.0.0.1:55983 - "GET /infraportal/api/scheduler-status HTTP/1.1" 200 OK
INFO:     127.0.0.1:64220 - "GET /infraportal/api/scheduler-status HTTP/1.1" 200 OK
INFO:     127.0.0.1:63797 - "GET /infraportal/api/scheduler-status HTTP/1.1" 200 OK
INFO:     127.0.0.1:61028 - "GET /infraportal/api/scheduler-status HTTP/1.1" 200 OK
INFO:apscheduler.executors.default:Running job "job_opmanager_alerts (trigger: interval[0:05:00], next run at: 2026-05-12 08:50:32 CDT)" (scheduled at 2026-05-12 08:45:32.869815-05:00)
INFO:routers.scheduler:Scheduler: Refreshing OpManager alerts...
INFO:routers.scheduler:Scheduler: OpManager alerts updated. Count: 8803
INFO:routers.jira:Jira bulk prefetch: fetched 100 tickets so far
INFO:routers.jira:Jira bulk prefetch: fetched 200 tickets so far
INFO:routers.jira:Jira bulk prefetch: fetched 300 tickets so far
INFO:routers.jira:Jira bulk prefetch: fetched 400 tickets so far
INFO:routers.jira:Jira bulk prefetch: fetched 500 tickets so far
INFO:routers.jira:Jira bulk prefetch: fetched 600 tickets so far
INFO:routers.jira:Jira bulk prefetch: fetched 700 tickets so far
INFO:routers.jira:Jira bulk prefetch: fetched 800 tickets so far
INFO:routers.jira:Jira bulk prefetch: fetched 900 tickets so far
INFO:routers.jira:Jira bulk prefetch: fetched 1000 tickets so far
INFO:routers.jira:Jira bulk prefetch: fetched 1100 tickets so far
INFO:routers.jira:Jira bulk prefetch: fetched 1200 tickets so far
INFO:routers.jira:Jira bulk prefetch: fetched 1300 tickets so far
INFO:routers.jira:Jira bulk prefetch: fetched 1400 tickets so far
INFO:routers.jira:Jira bulk prefetch: fetched 1403 tickets so far
INFO:routers.jira:Jira bulk prefetch: 1403 tickets indexed, 2243 words
INFO:routers.scheduler:Scheduler: Jira prefetch complete. 1403 ticket(s) fetched. 16/488 device(s) have open tickets.
INFO:apscheduler.executors.default:Job "job_opmanager_alerts (trigger: interval[0:05:00], next run at: 2026-05-12 08:50:32 CDT)" executed successfully
INFO:     127.0.0.1:53098 - "GET /infraportal/api/scheduler-status HTTP/1.1" 200 OK
INFO:     127.0.0.1:50567 - "GET /infraportal/api/scheduler-status HTTP/1.1" 200 OK
INFO:     127.0.0.1:51723 - "GET /infraportal/api/scheduler-status HTTP/1.1" 200 OK
INFO:     127.0.0.1:58790 - "GET /infraportal/api/scheduler-status HTTP/1.1" 200 OK
INFO:     127.0.0.1:49825 - "GET /infraportal/api/scheduler-status HTTP/1.1" 200 OK
INFO:     127.0.0.1:55350 - "GET /infraportal/api/scheduler-status HTTP/1.1" 200 OK
INFO:     127.0.0.1:52444 - "GET /infraportal/api/scheduler-status HTTP/1.1" 200 OK
INFO:     127.0.0.1:63924 - "GET /infraportal/api/scheduler-status HTTP/1.1" 200 OK
INFO:     127.0.0.1:63916 - "GET /infraportal/api/scheduler-status HTTP/1.1" 200 OK
INFO:     127.0.0.1:61576 - "GET /infraportal/api/scheduler-status HTTP/1.1" 200 OK
INFO:apscheduler.executors.default:Running job "job_opmanager_alerts (trigger: interval[0:05:00], next run at: 2026-05-12 08:55:32 CDT)" (scheduled at 2026-05-12 08:50:32.869815-05:00)
INFO:routers.scheduler:Scheduler: Refreshing OpManager alerts...
INFO:apscheduler.executors.default:Running job "job_meraki_refresh (trigger: interval[0:15:00], next run at: 2026-05-12 09:05:32 CDT)" (scheduled at 2026-05-12 08:50:32.870540-05:00)
INFO:routers.scheduler:Scheduler: Refreshing Meraki data...
INFO:routers.meraki:Meraki refresh: starting...
INFO:apscheduler.executors.default:Running job "job_citrix_power_unknown_check (trigger: interval[0:15:00], next run at: 2026-05-12 09:05:32 CDT)" (scheduled at 2026-05-12 08:50:32.870365-05:00)
INFO:apscheduler.executors.default:Running job "job_findings (trigger: interval[0:15:00], next run at: 2026-05-12 09:05:32 CDT)" (scheduled at 2026-05-12 08:50:32.870725-05:00)
INFO:apscheduler.executors.default:Running job "job_opmanager_devices (trigger: interval[0:15:00], next run at: 2026-05-12 09:05:32 CDT)" (scheduled at 2026-05-12 08:50:32.869862-05:00)
INFO:routers.scheduler:Scheduler: Checking Citrix machine power states for unknowns...
INFO:routers.scheduler:Scheduler: Power check complete. New unknowns: 0, Recovered: 0, Notified teams: none
INFO:apscheduler.executors.default:Job "job_citrix_power_unknown_check (trigger: interval[0:15:00], next run at: 2026-05-12 09:05:32 CDT)" executed successfully
INFO:routers.scheduler:Scheduler: Refreshing OpManager devices...
INFO:routers.findings:findings: refreshed — 36 total
INFO:routers.scheduler:Scheduler: findings refreshed — 36 findings
INFO:apscheduler.executors.default:Job "job_findings (trigger: interval[0:15:00], next run at: 2026-05-12 09:05:32 CDT)" executed successfully
INFO:routers.meraki:Meraki: fetched 11 networks across 2 orgs.
INFO:routers.meraki:Meraki: fetched 215 devices.
INFO:routers.meraki:Meraki: fetched uplinks for 19 appliances.
INFO:routers.scheduler:Scheduler: OpManager alerts updated. Count: 8803
INFO:routers.scheduler:Scheduler: OpManager devices updated.
INFO:apscheduler.executors.default:Job "job_opmanager_devices (trigger: interval[0:15:00], next run at: 2026-05-12 09:05:32 CDT)" executed successfully
INFO:routers.jira:Jira bulk prefetch: fetched 100 tickets so far
INFO:routers.jira:Jira bulk prefetch: fetched 200 tickets so far
INFO:routers.jira:Jira bulk prefetch: fetched 300 tickets so far
INFO:routers.jira:Jira bulk prefetch: fetched 400 tickets so far
INFO:routers.jira:Jira bulk prefetch: fetched 500 tickets so far
INFO:routers.jira:Jira bulk prefetch: fetched 600 tickets so far
INFO:routers.jira:Jira bulk prefetch: fetched 700 tickets so far
INFO:routers.meraki:Meraki: fetched 1966 clients.
INFO:routers.meraki:Meraki refresh complete. 11 networks, 215 devices, 19 uplink appliances, 1966 recent clients.
INFO:apscheduler.executors.default:Job "job_meraki_refresh (trigger: interval[0:15:00], next run at: 2026-05-12 09:05:32 CDT)" executed successfully
INFO:routers.jira:Jira bulk prefetch: fetched 800 tickets so far
INFO:routers.jira:Jira bulk prefetch: fetched 900 tickets so far
INFO:routers.jira:Jira bulk prefetch: fetched 1000 tickets so far
INFO:routers.jira:Jira bulk prefetch: fetched 1100 tickets so far
INFO:routers.jira:Jira bulk prefetch: fetched 1200 tickets so far
INFO:routers.jira:Jira bulk prefetch: fetched 1300 tickets so far
INFO:routers.jira:Jira bulk prefetch: fetched 1400 tickets so far
INFO:routers.jira:Jira bulk prefetch: fetched 1403 tickets so far
INFO:routers.jira:Jira bulk prefetch: 1403 tickets indexed, 2239 words
INFO:routers.scheduler:Scheduler: Jira prefetch complete. 1403 ticket(s) fetched. 16/490 device(s) have open tickets.
INFO:apscheduler.executors.default:Job "job_opmanager_alerts (trigger: interval[0:05:00], next run at: 2026-05-12 08:55:32 CDT)" executed successfully
INFO:     127.0.0.1:55912 - "GET /infraportal/api/scheduler-status HTTP/1.1" 200 OK
INFO:     127.0.0.1:62038 - "GET /infraportal/api/scheduler-status HTTP/1.1" 200 OK
INFO:     127.0.0.1:62298 - "GET /infraportal/api/scheduler-status HTTP/1.1" 200 OK
INFO:     127.0.0.1:58882 - "GET /infraportal/api/scheduler-status HTTP/1.1" 200 OK
INFO:     127.0.0.1:64572 - "GET /infraportal/api/scheduler-status HTTP/1.1" 200 OK
INFO:     127.0.0.1:58262 - "GET /infraportal/api/scheduler-status HTTP/1.1" 200 OK
INFO:     127.0.0.1:61254 - "GET /infraportal/api/scheduler-status HTTP/1.1" 200 OK
INFO:     127.0.0.1:64754 - "GET /infraportal/api/scheduler-status HTTP/1.1" 200 OK
INFO:     127.0.0.1:56612 - "GET /infraportal/api/scheduler-status HTTP/1.1" 200 OK
INFO:     127.0.0.1:62499 - "GET /infraportal/api/scheduler-status HTTP/1.1" 200 OK
INFO:apscheduler.executors.default:Running job "job_opmanager_alerts (trigger: interval[0:05:00], next run at: 2026-05-12 09:00:32 CDT)" (scheduled at 2026-05-12 08:55:32.869815-05:00)
INFO:routers.scheduler:Scheduler: Refreshing OpManager alerts...
INFO:routers.scheduler:Scheduler: OpManager alerts updated. Count: 8803
INFO:routers.jira:Jira bulk prefetch: fetched 100 tickets so far
INFO:routers.jira:Jira bulk prefetch: fetched 200 tickets so far
INFO:routers.jira:Jira bulk prefetch: fetched 300 tickets so far
INFO:routers.jira:Jira bulk prefetch: fetched 400 tickets so far
INFO:routers.jira:Jira bulk prefetch: fetched 500 tickets so far
INFO:routers.jira:Jira bulk prefetch: fetched 600 tickets so far
INFO:routers.jira:Jira bulk prefetch: fetched 700 tickets so far
INFO:routers.jira:Jira bulk prefetch: fetched 800 tickets so far
INFO:routers.jira:Jira bulk prefetch: fetched 900 tickets so far
INFO:routers.jira:Jira bulk prefetch: fetched 1000 tickets so far
INFO:routers.jira:Jira bulk prefetch: fetched 1100 tickets so far
INFO:routers.jira:Jira bulk prefetch: fetched 1200 tickets so far
INFO:routers.jira:Jira bulk prefetch: fetched 1300 tickets so far
INFO:routers.jira:Jira bulk prefetch: fetched 1400 tickets so far
INFO:routers.jira:Jira bulk prefetch: fetched 1402 tickets so far
INFO:routers.jira:Jira bulk prefetch: 1402 tickets indexed, 2236 words
INFO:routers.scheduler:Scheduler: Jira prefetch complete. 1402 ticket(s) fetched. 16/487 device(s) have open tickets.
INFO:apscheduler.executors.default:Job "job_opmanager_alerts (trigger: interval[0:05:00], next run at: 2026-05-12 09:00:32 CDT)" executed successfully
INFO:     127.0.0.1:51299 - "GET /infraportal/api/scheduler-status HTTP/1.1" 200 OK
INFO:     127.0.0.1:56066 - "GET /infraportal/api/scheduler-status HTTP/1.1" 200 OK
INFO:     127.0.0.1:51246 - "GET /infraportal/api/scheduler-status HTTP/1.1" 200 OK
INFO:     127.0.0.1:59627 - "GET /infraportal/api/scheduler-status HTTP/1.1" 200 OK
INFO:     127.0.0.1:51225 - "GET /infraportal/api/scheduler-status HTTP/1.1" 200 OK
INFO:     127.0.0.1:53651 - "GET /infraportal/api/scheduler-status HTTP/1.1" 200 OK
INFO:     127.0.0.1:62443 - "GET /infraportal/api/scheduler-status HTTP/1.1" 200 OK
INFO:     127.0.0.1:54978 - "GET /infraportal/api/scheduler-status HTTP/1.1" 200 OK
INFO:     127.0.0.1:63373 - "GET /infraportal/api/scheduler-status HTTP/1.1" 200 OK
INFO:     127.0.0.1:55528 - "GET /infraportal/api/scheduler-status HTTP/1.1" 200 OK
INFO:apscheduler.executors.default:Running job "job_opmanager_alerts (trigger: interval[0:05:00], next run at: 2026-05-12 09:05:32 CDT)" (scheduled at 2026-05-12 09:00:32.869815-05:00)
INFO:routers.scheduler:Scheduler: Refreshing OpManager alerts...
INFO:routers.scheduler:Scheduler: OpManager alerts updated. Count: 8803
INFO:routers.jira:Jira bulk prefetch: fetched 100 tickets so far
INFO:routers.jira:Jira bulk prefetch: fetched 200 tickets so far
INFO:routers.jira:Jira bulk prefetch: fetched 300 tickets so far
INFO:routers.jira:Jira bulk prefetch: fetched 400 tickets so far
INFO:routers.jira:Jira bulk prefetch: fetched 500 tickets so far
INFO:routers.jira:Jira bulk prefetch: fetched 600 tickets so far
INFO:routers.jira:Jira bulk prefetch: fetched 700 tickets so far
INFO:routers.jira:Jira bulk prefetch: fetched 800 tickets so far
INFO:routers.jira:Jira bulk prefetch: fetched 900 tickets so far
INFO:routers.jira:Jira bulk prefetch: fetched 1000 tickets so far
INFO:routers.jira:Jira bulk prefetch: fetched 1100 tickets so far
INFO:routers.jira:Jira bulk prefetch: fetched 1200 tickets so far
INFO:routers.jira:Jira bulk prefetch: fetched 1300 tickets so far
INFO:routers.jira:Jira bulk prefetch: fetched 1400 tickets so far
INFO:routers.jira:Jira bulk prefetch: fetched 1402 tickets so far
INFO:routers.jira:Jira bulk prefetch: 1402 tickets indexed, 2235 words
INFO:routers.scheduler:Scheduler: Jira prefetch complete. 1402 ticket(s) fetched. 16/487 device(s) have open tickets.
INFO:apscheduler.executors.default:Job "job_opmanager_alerts (trigger: interval[0:05:00], next run at: 2026-05-12 09:05:32 CDT)" executed successfully
INFO:     127.0.0.1:53765 - "GET /infraportal/api/scheduler-status HTTP/1.1" 200 OK
INFO:     127.0.0.1:60068 - "GET /infraportal/api/scheduler-status HTTP/1.1" 200 OK
INFO:     127.0.0.1:60339 - "GET /infraportal/api/scheduler-status HTTP/1.1" 200 OK
INFO:     127.0.0.1:51131 - "GET /infraportal/api/scheduler-status HTTP/1.1" 200 OK
INFO:     127.0.0.1:61382 - "GET /infraportal/api/scheduler-status HTTP/1.1" 200 OK
INFO:     127.0.0.1:56331 - "GET /infraportal/api/scheduler-status HTTP/1.1" 200 OK
INFO:     127.0.0.1:62553 - "GET /infraportal/api/scheduler-status HTTP/1.1" 200 OK
INFO:     127.0.0.1:51788 - "GET /infraportal/api/scheduler-status HTTP/1.1" 200 OK
INFO:     127.0.0.1:55463 - "GET /infraportal/api/scheduler-status HTTP/1.1" 200 OK
INFO:     127.0.0.1:61694 - "GET /infraportal/api/scheduler-status HTTP/1.1" 200 OK
INFO:apscheduler.executors.default:Running job "job_basic_vms (trigger: interval[0:30:00], next run at: 2026-05-12 09:35:32 CDT)" (scheduled at 2026-05-12 09:05:32.869376-05:00)
INFO:routers.scheduler:Scheduler: Refreshing basic VM list...
INFO:apscheduler.executors.default:Running job "job_basic_hosts (trigger: interval[0:30:00], next run at: 2026-05-12 09:35:32 CDT)" (scheduled at 2026-05-12 09:05:32.869525-05:00)
INFO:apscheduler.executors.default:Running job "job_jira_prefetch (trigger: interval[0:30:00], next run at: 2026-05-12 09:35:32 CDT)" (scheduled at 2026-05-12 09:05:32.869906-05:00)
INFO:apscheduler.executors.default:Running job "job_citrix_summary (trigger: interval[1:00:00], next run at: 2026-05-12 10:05:32 CDT)" (scheduled at 2026-05-12 09:05:32.870316-05:00)
INFO:apscheduler.executors.default:Running job "job_opmanager_devices (trigger: interval[0:15:00], next run at: 2026-05-12 09:20:32 CDT)" (scheduled at 2026-05-12 09:05:32.869862-05:00)
INFO:apscheduler.executors.default:Running job "job_citrix_power_unknown_check (trigger: interval[0:15:00], next run at: 2026-05-12 09:20:32 CDT)" (scheduled at 2026-05-12 09:05:32.870365-05:00)
INFO:apscheduler.executors.default:Running job "job_meraki_refresh (trigger: interval[0:15:00], next run at: 2026-05-12 09:20:32 CDT)" (scheduled at 2026-05-12 09:05:32.870540-05:00)
INFO:routers.scheduler:Scheduler: Refreshing basic host list...
INFO:apscheduler.executors.default:Running job "job_opmanager_alerts (trigger: interval[0:05:00], next run at: 2026-05-12 09:10:32 CDT)" (scheduled at 2026-05-12 09:05:32.869815-05:00)
INFO:apscheduler.executors.default:Running job "job_findings (trigger: interval[0:15:00], next run at: 2026-05-12 09:20:32 CDT)" (scheduled at 2026-05-12 09:05:32.870725-05:00)
INFO:apscheduler.executors.default:Running job "job_entra_refresh (trigger: interval[1:00:00], next run at: 2026-05-12 10:05:32 CDT)" (scheduled at 2026-05-12 09:05:32.870773-05:00)
INFO:routers.scheduler:Scheduler: Refreshing Citrix summary...
INFO:routers.scheduler:Scheduler: Refreshing OpManager devices...
INFO:routers.scheduler:Scheduler: Checking Citrix machine power states for unknowns...
INFO:routers.scheduler:Scheduler: Refreshing Meraki data...
INFO:routers.scheduler:Scheduler: Refreshing OpManager alerts...
INFO:routers.scheduler:Scheduler: Refreshing Entra / M365 data...
INFO:routers.scheduler:Scheduler: Power check complete. New unknowns: 0, Recovered: 0, Notified teams: none
INFO:apscheduler.executors.default:Job "job_citrix_power_unknown_check (trigger: interval[0:15:00], next run at: 2026-05-12 09:20:32 CDT)" executed successfully
INFO:routers.meraki:Meraki refresh: starting...
INFO:routers.findings:findings: refreshed — 36 total
INFO:routers.scheduler:Scheduler: findings refreshed — 36 findings
INFO:apscheduler.executors.default:Job "job_findings (trigger: interval[0:15:00], next run at: 2026-05-12 09:20:32 CDT)" executed successfully
INFO:httpx:HTTP Request: POST https://login.microsoftonline.com/c0d9a159-18ab-4c31-a5a5-f4d0b805de7d/oauth2/v2.0/token "HTTP/1.1 200 OK"
INFO:routers.jira:Jira bulk prefetch: fetched 100 tickets so far
INFO:routers.meraki:Meraki: fetched 11 networks across 2 orgs.
INFO:routers.jira:Jira bulk prefetch: fetched 200 tickets so far
INFO:httpx:HTTP Request: GET https://graph.microsoft.com/v1.0/subscribedSkus "HTTP/1.1 200 OK"
INFO:routers.jira:Jira bulk prefetch: fetched 300 tickets so far
INFO:routers.jira:Jira bulk prefetch: fetched 400 tickets so far
INFO:routers.meraki:Meraki: fetched 215 devices.
INFO:routers.jira:Jira bulk prefetch: fetched 500 tickets so far
INFO:routers.jira:Jira bulk prefetch: fetched 600 tickets so far
INFO:httpx:HTTP Request: GET https://graph.microsoft.com/v1.0/users?%24select=id%2CdisplayName%2CuserPrincipalName%2CaccountEnabled%2CuserType%2CsignInActivity%2CassignedLicenses%2CcreatedDateTime%2Cmail&%24top=999&%24count=true "HTTP/1.1 200 OK"
INFO:routers.meraki:Meraki: fetched uplinks for 19 appliances.
INFO:routers.jira:Jira bulk prefetch: fetched 700 tickets so far
INFO:routers.jira:Jira bulk prefetch: fetched 800 tickets so far
INFO:routers.jira:Jira bulk prefetch: fetched 900 tickets so far
INFO:httpx:HTTP Request: GET https://graph.microsoft.com/v1.0/users?$select=id%2cdisplayName%2cuserPrincipalName%2caccountEnabled%2cuserType%2csignInActivity%2cassignedLicenses%2ccreatedDateTime%2cmail&$top=999&$count=true&$skiptoken=m~AQAoOzE0NTM1NThjNWQyMzQzZmViOTdkN2M2NzM1N2EwMGJlOzswOzA7Ow "HTTP/1.1 200 OK"
INFO:routers.jira:Jira bulk prefetch: fetched 1000 tickets so far
INFO:routers.jira:Jira bulk prefetch: fetched 1100 tickets so far
INFO:routers.jira:Jira bulk prefetch: fetched 1200 tickets so far
INFO:routers.jira:Jira bulk prefetch: fetched 1300 tickets so far
INFO:httpx:HTTP Request: GET https://graph.microsoft.com/v1.0/users?$select=id%2cdisplayName%2cuserPrincipalName%2caccountEnabled%2cuserType%2csignInActivity%2cassignedLicenses%2ccreatedDateTime%2cmail&$top=999&$count=true&$skiptoken=m~AQAoOzI4NDA5ZGEzN2I3YTQ3MTdhZDEzMDY2YWU3M2I0MDM4OzswOzA7Ow "HTTP/1.1 200 OK"
INFO:routers.jira:Jira bulk prefetch: fetched 1400 tickets so far
INFO:routers.jira:Jira bulk prefetch: fetched 1402 tickets so far
INFO:routers.jira:Jira bulk prefetch: 1402 tickets indexed, 2235 words
INFO:routers.scheduler:Scheduler: Jira prefetch complete. 1402 ticket(s) fetched. 16/486 device(s) have open tickets.
INFO:apscheduler.executors.default:Job "job_jira_prefetch (trigger: interval[0:30:00], next run at: 2026-05-12 09:35:32 CDT)" executed successfully
INFO:httpx:HTTP Request: GET https://graph.microsoft.com/v1.0/users?$select=id%2cdisplayName%2cuserPrincipalName%2caccountEnabled%2cuserType%2csignInActivity%2cassignedLicenses%2ccreatedDateTime%2cmail&$top=999&$count=true&$skiptoken=m~AQAoOzNiZTBlNzEyNjRlNjQyZTY5MWRkMzUyODQ1YTFiYTRhOzswOzA7Ow "HTTP/1.1 200 OK"
INFO:httpx:HTTP Request: GET https://graph.microsoft.com/v1.0/users?$select=id%2cdisplayName%2cuserPrincipalName%2caccountEnabled%2cuserType%2csignInActivity%2cassignedLicenses%2ccreatedDateTime%2cmail&$top=999&$count=true&$skiptoken=m~AQAoOzUxNDQ0Y2M1ZWZhYzRjMjhhYWEyZGU1MTkyYzczNDkzOzswOzA7Ow "HTTP/1.1 200 OK"
INFO:httpx:HTTP Request: GET https://graph.microsoft.com/v1.0/users?$select=id%2cdisplayName%2cuserPrincipalName%2caccountEnabled%2cuserType%2csignInActivity%2cassignedLicenses%2ccreatedDateTime%2cmail&$top=999&$count=true&$skiptoken=m~AQAoOzY1ODQ5YTE4N2ZhMDQ2MDdhN2FjNzMyMGZjOGI4MWQ1OzswOzA7Ow "HTTP/1.1 200 OK"
INFO:routers.meraki:Meraki: fetched 1966 clients.
INFO:routers.meraki:Meraki refresh complete. 11 networks, 215 devices, 19 uplink appliances, 1966 recent clients.
INFO:apscheduler.executors.default:Job "job_meraki_refresh (trigger: interval[0:15:00], next run at: 2026-05-12 09:20:32 CDT)" executed successfully
INFO:routers.scheduler:Scheduler: OpManager alerts updated. Count: 8803
INFO:routers.scheduler:Scheduler: Basic host list updated.
INFO:apscheduler.executors.default:Job "job_basic_hosts (trigger: interval[0:30:00], next run at: 2026-05-12 09:35:32 CDT)" executed successfully
INFO:routers.scheduler:Scheduler: Basic VM list updated.
INFO:apscheduler.executors.default:Job "job_basic_vms (trigger: interval[0:30:00], next run at: 2026-05-12 09:35:32 CDT)" executed successfully
INFO:routers.scheduler:Scheduler: Citrix updated. Machines: 687, Sessions: 1062
INFO:apscheduler.executors.default:Job "job_citrix_summary (trigger: interval[1:00:00], next run at: 2026-05-12 10:05:32 CDT)" executed successfully
INFO:routers.scheduler:Scheduler: OpManager devices updated.
INFO:apscheduler.executors.default:Job "job_opmanager_devices (trigger: interval[0:15:00], next run at: 2026-05-12 09:20:32 CDT)" executed successfully
INFO:routers.jira:Jira bulk prefetch: fetched 100 tickets so far
INFO:routers.jira:Jira bulk prefetch: fetched 200 tickets so far
INFO:httpx:HTTP Request: GET https://graph.microsoft.com/v1.0/users?$select=id%2cdisplayName%2cuserPrincipalName%2caccountEnabled%2cuserType%2csignInActivity%2cassignedLicenses%2ccreatedDateTime%2cmail&$top=999&$count=true&$skiptoken=m~AQAoOzdhMjdkN2Q1YjgyNDRlNTlhNTNiMDQyODZhN2Y0ZjUzOzswOzA7Ow "HTTP/1.1 200 OK"
INFO:routers.jira:Jira bulk prefetch: fetched 300 tickets so far
INFO:routers.jira:Jira bulk prefetch: fetched 400 tickets so far
INFO:routers.jira:Jira bulk prefetch: fetched 500 tickets so far
INFO:routers.jira:Jira bulk prefetch: fetched 600 tickets so far
INFO:httpx:HTTP Request: GET https://graph.microsoft.com/v1.0/users?$select=id%2cdisplayName%2cuserPrincipalName%2caccountEnabled%2cuserType%2csignInActivity%2cassignedLicenses%2ccreatedDateTime%2cmail&$top=999&$count=true&$skiptoken=m~AQAoOzhlMjI2M2U4MGM1NDRhMTNhYTQyNTgxODZkMjc2NzgwOzswOzA7Ow "HTTP/1.1 200 OK"
INFO:routers.jira:Jira bulk prefetch: fetched 700 tickets so far
INFO:routers.jira:Jira bulk prefetch: fetched 800 tickets so far
INFO:routers.jira:Jira bulk prefetch: fetched 900 tickets so far
INFO:routers.jira:Jira bulk prefetch: fetched 1000 tickets so far
INFO:httpx:HTTP Request: GET https://graph.microsoft.com/v1.0/users?$select=id%2cdisplayName%2cuserPrincipalName%2caccountEnabled%2cuserType%2csignInActivity%2cassignedLicenses%2ccreatedDateTime%2cmail&$top=999&$count=true&$skiptoken=m~AQAoO2ExNWE1Nzc0ZGRlNTRiZGRhMjhlMzQzMjVkZDhlY2RhOzswOzA7Ow "HTTP/1.1 200 OK"
INFO:routers.jira:Jira bulk prefetch: fetched 1100 tickets so far
INFO:routers.jira:Jira bulk prefetch: fetched 1200 tickets so far
INFO:routers.jira:Jira bulk prefetch: fetched 1300 tickets so far
INFO:routers.jira:Jira bulk prefetch: fetched 1400 tickets so far
INFO:httpx:HTTP Request: GET https://graph.microsoft.com/v1.0/users?$select=id%2cdisplayName%2cuserPrincipalName%2caccountEnabled%2cuserType%2csignInActivity%2cassignedLicenses%2ccreatedDateTime%2cmail&$top=999&$count=true&$skiptoken=m~AQAoO2I2NmViZGU2MmVmYzRmY2VhYWJiZWQ1ZWZkZDQ0MDQ3OzswOzA7Ow "HTTP/1.1 200 OK"
INFO:routers.jira:Jira bulk prefetch: fetched 1402 tickets so far
INFO:routers.jira:Jira bulk prefetch: 1402 tickets indexed, 2235 words
INFO:routers.scheduler:Scheduler: Jira prefetch complete. 1402 ticket(s) fetched. 16/486 device(s) have open tickets.
INFO:apscheduler.executors.default:Job "job_opmanager_alerts (trigger: interval[0:05:00], next run at: 2026-05-12 09:10:32 CDT)" executed successfully
INFO:httpx:HTTP Request: GET https://graph.microsoft.com/v1.0/users?$select=id%2cdisplayName%2cuserPrincipalName%2caccountEnabled%2cuserType%2csignInActivity%2cassignedLicenses%2ccreatedDateTime%2cmail&$top=999&$count=true&$skiptoken=m~AQAoO2NhOWU5NWRiYmE4OTQ1Mjg4ODY2ZTBkNjcwYzZhNGQ5OzswOzA7Ow "HTTP/1.1 200 OK"
INFO:     127.0.0.1:60033 - "GET /infraportal/api/scheduler-status HTTP/1.1" 200 OK
INFO:httpx:HTTP Request: GET https://graph.microsoft.com/v1.0/users?$select=id%2cdisplayName%2cuserPrincipalName%2caccountEnabled%2cuserType%2csignInActivity%2cassignedLicenses%2ccreatedDateTime%2cmail&$top=999&$count=true&$skiptoken=m~AQAoO2RlZjM1YmMzYmQ3ZjRkZTRhNjY3YWY5NTFhNjI0ZWFmOzswOzA7Ow "HTTP/1.1 200 OK"
INFO:httpx:HTTP Request: GET https://graph.microsoft.com/v1.0/users?$select=id%2cdisplayName%2cuserPrincipalName%2caccountEnabled%2cuserType%2csignInActivity%2cassignedLicenses%2ccreatedDateTime%2cmail&$top=999&$count=true&$skiptoken=m~AQAoO2YzMGM3MGNiNjVmYzQ5ZGZhN2U2M2RmOTc2OGIwZTZhOzswOzA7Ow "HTTP/1.1 200 OK"
INFO:httpx:HTTP Request: GET https://graph.microsoft.com/v1.0/groups?%24select=id%2CdisplayName%2CgroupTypes%2CsecurityEnabled%2CmailEnabled%2CmembershipRule%2CcreatedDateTime&%24top=999 "HTTP/1.1 200 OK"
INFO:httpx:HTTP Request: GET https://graph.microsoft.com/v1.0/groups?$select=id%2cdisplayName%2cgroupTypes%2csecurityEnabled%2cmailEnabled%2cmembershipRule%2ccreatedDateTime&$top=999&$skiptoken=RFNwdAIAAQAAACpHcm91cF8wZTMwNDVhMy0xOTIxLTQ0MTctOWMxNC1kZjRiMTFiYzVjNGQqR3JvdXBfMGUzMDQ1YTMtMTkyMS00NDE3LTljMTQtZGY0YjExYmM1YzRkAAAAAAAAAAAAAAA "HTTP/1.1 200 OK"
INFO:httpx:HTTP Request: GET https://graph.microsoft.com/v1.0/groups?$select=id%2cdisplayName%2cgroupTypes%2csecurityEnabled%2cmailEnabled%2cmembershipRule%2ccreatedDateTime&$top=999&$skiptoken=RFNwdAIAACpHcm91cF8wZTMwNWQyOS1hMmUzLTQ3NTktODQ1NS0yOGE3ZmQxN2E0ZjIqR3JvdXBfMGUzMDVkMjktYTJlMy00NzU5LTg0NTUtMjhhN2ZkMTdhNGYyACpHcm91cF8xYzYzMzc5NS03MWNlLTRjOWQtYmI0OC0xMTJhYzI5ZmZkZDQqR3JvdXBfMWM2MzM3OTUtNzFjZS00YzlkLWJiNDgtMTEyYWMyOWZmZGQ0AAAAAAAAAAAAAAA "HTTP/1.1 200 OK"
INFO:httpx:HTTP Request: GET https://graph.microsoft.com/v1.0/groups?$select=id%2cdisplayName%2cgroupTypes%2csecurityEnabled%2cmailEnabled%2cmembershipRule%2ccreatedDateTime&$top=999&$skiptoken=RFNwdAIAACpHcm91cF8xYzY4NjEzNC1iY2Y4LTRhNDItOTJkNC1iZGI0ZGE5YTIxZGIqR3JvdXBfMWM2ODYxMzQtYmNmOC00YTQyLTkyZDQtYmRiNGRhOWEyMWRiACpHcm91cF8yOWMwYTJiMi0yZTE0LTQ2OWEtYjE5Mi00MGJjYzVmYmNjYTUqR3JvdXBfMjljMGEyYjItMmUxNC00NjlhLWIxOTItNDBiY2M1ZmJjY2E1AAAAAAAAAAAAAAA "HTTP/1.1 200 OK"
INFO:httpx:HTTP Request: GET https://graph.microsoft.com/v1.0/groups?$select=id%2cdisplayName%2cgroupTypes%2csecurityEnabled%2cmailEnabled%2cmembershipRule%2ccreatedDateTime&$top=999&$skiptoken=RFNwdAIAACpHcm91cF8yOWM4ZThhMS0zNjQ1LTQyNTUtYmExOC00ZjMzYmFkNzNlOTEqR3JvdXBfMjljOGU4YTEtMzY0NS00MjU1LWJhMTgtNGYzM2JhZDczZTkxACpHcm91cF8zNzIxYTEyNS0zYmQ5LTRkMzMtYmU0MS03YWE3YzVlNjZmNGMqR3JvdXBfMzcyMWExMjUtM2JkOS00ZDMzLWJlNDEtN2FhN2M1ZTY2ZjRjAAAAAAAAAAAAAAA "HTTP/1.1 200 OK"
INFO:httpx:HTTP Request: GET https://graph.microsoft.com/v1.0/groups?$select=id%2cdisplayName%2cgroupTypes%2csecurityEnabled%2cmailEnabled%2cmembershipRule%2ccreatedDateTime&$top=999&$skiptoken=RFNwdAIAACpHcm91cF8zNzI1YTQyZi1lODJiLTRkMDEtYjQ2NC1iYzdmN2I4MTIyNzYqR3JvdXBfMzcyNWE0MmYtZTgyYi00ZDAxLWI0NjQtYmM3ZjdiODEyMjc2ACpHcm91cF80NDkyYWQ4ZC1hYWY5LTQ3ZTktOWU0Yi04ZGZhZWUzMGY0M2QqR3JvdXBfNDQ5MmFkOGQtYWFmOS00N2U5LTllNGItOGRmYWVlMzBmNDNkAAAAAAAAAAAAAAA "HTTP/1.1 200 OK"
INFO:httpx:HTTP Request: GET https://graph.microsoft.com/v1.0/groups?$select=id%2cdisplayName%2cgroupTypes%2csecurityEnabled%2cmailEnabled%2cmembershipRule%2ccreatedDateTime&$top=999&$skiptoken=RFNwdAIAACpHcm91cF80NDk1N2IwYi0wMGQ0LTQ1ZDQtYWI2Yi0yODk5ZTk2Y2Q2MjcqR3JvdXBfNDQ5NTdiMGItMDBkNC00NWQ0LWFiNmItMjg5OWU5NmNkNjI3ACpHcm91cF81MWI5YzU5MC02NmU2LTRlYjUtYWFlOC04NmY2YjljZTM1M2UqR3JvdXBfNTFiOWM1OTAtNjZlNi00ZWI1LWFhZTgtODZmNmI5Y2UzNTNlAAAAAAAAAAAAAAA "HTTP/1.1 200 OK"
INFO:httpx:HTTP Request: GET https://graph.microsoft.com/v1.0/groups?$select=id%2cdisplayName%2cgroupTypes%2csecurityEnabled%2cmailEnabled%2cmembershipRule%2ccreatedDateTime&$top=999&$skiptoken=RFNwdAIAACpHcm91cF81MWI5ZmQ0YS1kZTkxLTQ5YmUtYTU1Mi05YTI2ZDdkMGJhNzIqR3JvdXBfNTFiOWZkNGEtZGU5MS00OWJlLWE1NTItOWEyNmQ3ZDBiYTcyACpHcm91cF81ZTY4NzI3Zi1iNGNmLTRiOGQtYThlMC1lODI2NWZjZjk0ZWMqR3JvdXBfNWU2ODcyN2YtYjRjZi00YjhkLWE4ZTAtZTgyNjVmY2Y5NGVjAAAAAAAAAAAAAAA "HTTP/1.1 200 OK"
INFO:httpx:HTTP Request: GET https://graph.microsoft.com/v1.0/groups?$select=id%2cdisplayName%2cgroupTypes%2csecurityEnabled%2cmailEnabled%2cmembershipRule%2ccreatedDateTime&$top=999&$skiptoken=RFNwdAIAACpHcm91cF81ZTZlNTM1Yi1jMzNjLTQ0ZmMtYTdjNC03ZWUwYzMwNDg5YTIqR3JvdXBfNWU2ZTUzNWItYzMzYy00NGZjLWE3YzQtN2VlMGMzMDQ4OWEyACpHcm91cF82Yzk2MDNjOS0zODA2LTRlYjQtOGI1Zi01NTc4OGYyMTBlM2QqR3JvdXBfNmM5NjAzYzktMzgwNi00ZWI0LThiNWYtNTU3ODhmMjEwZTNkAAAAAAAAAAAAAAA "HTTP/1.1 200 OK"
INFO:httpx:HTTP Request: GET https://graph.microsoft.com/v1.0/groups?$select=id%2cdisplayName%2cgroupTypes%2csecurityEnabled%2cmailEnabled%2cmembershipRule%2ccreatedDateTime&$top=999&$skiptoken=RFNwdAIAACpHcm91cF82Yzk2YWVmMy0xMjA3LTRhYWQtODIwMC0wNzhmOTU0Zjc1MTcqR3JvdXBfNmM5NmFlZjMtMTIwNy00YWFkLTgyMDAtMDc4Zjk1NGY3NTE3ACpHcm91cF83OWY0ZDk0ZS03NjM2LTQ5ZjQtYTM5Yi1kNGUxYWM4YmI3ZTgqR3JvdXBfNzlmNGQ5NGUtNzYzNi00OWY0LWEzOWItZDRlMWFjOGJiN2U4AAAAAAAAAAAAAAA "HTTP/1.1 200 OK"
INFO:httpx:HTTP Request: GET https://graph.microsoft.com/v1.0/groups?$select=id%2cdisplayName%2cgroupTypes%2csecurityEnabled%2cmailEnabled%2cmembershipRule%2ccreatedDateTime&$top=999&$skiptoken=RFNwdAIAACpHcm91cF83OWY1YjQ3MS1lMWJmLTQ3Y2YtYTFiMy05ODBiOTRjNWQ4ZjYqR3JvdXBfNzlmNWI0NzEtZTFiZi00N2NmLWExYjMtOTgwYjk0YzVkOGY2ACpHcm91cF84NzJhMWZlNS0zOTg2LTRkZjAtYWU5NC01Mjk1ZmNiZTQzMWUqR3JvdXBfODcyYTFmZTUtMzk4Ni00ZGYwLWFlOTQtNTI5NWZjYmU0MzFlAAAAAAAAAAAAAAA "HTTP/1.1 200 OK"
INFO:httpx:HTTP Request: GET https://graph.microsoft.com/v1.0/groups?$select=id%2cdisplayName%2cgroupTypes%2csecurityEnabled%2cmailEnabled%2cmembershipRule%2ccreatedDateTime&$top=999&$skiptoken=RFNwdAIAACpHcm91cF84NzJjNjFhYi1kYmVjLTQzMTMtOTU1Ni0zODU4NmU5MWM3ZTMqR3JvdXBfODcyYzYxYWItZGJlYy00MzEzLTk1NTYtMzg1ODZlOTFjN2UzACpHcm91cF85NTE4Y2I0Ni0yNDNkLTQyODItOGFhZC03MDRmNGViNjI5OWEqR3JvdXBfOTUxOGNiNDYtMjQzZC00MjgyLThhYWQtNzA0ZjRlYjYyOTlhAAAAAAAAAAAAAAA "HTTP/1.1 200 OK"
INFO:httpx:HTTP Request: GET https://graph.microsoft.com/v1.0/groups?$select=id%2cdisplayName%2cgroupTypes%2csecurityEnabled%2cmailEnabled%2cmembershipRule%2ccreatedDateTime&$top=999&$skiptoken=RFNwdAIAACpHcm91cF85NTFkZjk4OC03NWFjLTRiYTQtYjc1My1lMTcyZDJhOWY3ODkqR3JvdXBfOTUxZGY5ODgtNzVhYy00YmE0LWI3NTMtZTE3MmQyYTlmNzg5ACpHcm91cF9hMjQ3ZDYyOS1lZTFmLTRhMDItOWJhOC1jZDI0N2M2ZjE0NGYqR3JvdXBfYTI0N2Q2MjktZWUxZi00YTAyLTliYTgtY2QyNDdjNmYxNDRmAAAAAAAAAAAAAAA "HTTP/1.1 200 OK"
INFO:httpx:HTTP Request: GET https://graph.microsoft.com/v1.0/groups?$select=id%2cdisplayName%2cgroupTypes%2csecurityEnabled%2cmailEnabled%2cmembershipRule%2ccreatedDateTime&$top=999&$skiptoken=RFNwdAIAACpHcm91cF9hMjQ4YjBhZi1kMzg2LTRlMTYtOGMxNS00MTBkZmRiM2Y4NmUqR3JvdXBfYTI0OGIwYWYtZDM4Ni00ZTE2LThjMTUtNDEwZGZkYjNmODZlACpHcm91cF9hZjYzMzViMS03MzZlLTQzNGMtODViMi0wZDJjMTYwNTc5N2EqR3JvdXBfYWY2MzM1YjEtNzM2ZS00MzRjLTg1YjItMGQyYzE2MDU3OTdhAAAAAAAAAAAAAAA "HTTP/1.1 200 OK"
INFO:httpx:HTTP Request: GET https://graph.microsoft.com/v1.0/groups?$select=id%2cdisplayName%2cgroupTypes%2csecurityEnabled%2cmailEnabled%2cmembershipRule%2ccreatedDateTime&$top=999&$skiptoken=RFNwdAIAACpHcm91cF9hZjZkMjVmMC03ODJiLTQ2ZDAtOTBjYy05ZmU3ZmZjNTQ5NWMqR3JvdXBfYWY2ZDI1ZjAtNzgyYi00NmQwLTkwY2MtOWZlN2ZmYzU0OTVjACpHcm91cF9iY2Q5ODIzZC0zMGNjLTRlYTMtYTgxMC1hYzQzZGJlYTYxN2IqR3JvdXBfYmNkOTgyM2QtMzBjYy00ZWEzLWE4MTAtYWM0M2RiZWE2MTdiAAAAAAAAAAAAAAA "HTTP/1.1 200 OK"
INFO:httpx:HTTP Request: GET https://graph.microsoft.com/v1.0/groups?$select=id%2cdisplayName%2cgroupTypes%2csecurityEnabled%2cmailEnabled%2cmembershipRule%2ccreatedDateTime&$top=999&$skiptoken=RFNwdAIAACpHcm91cF9iY2RhNmYwYy1iMjA1LTQ4MTQtYTNmYS1kNzc5NmQ3MGFmNTkqR3JvdXBfYmNkYTZmMGMtYjIwNS00ODE0LWEzZmEtZDc3OTZkNzBhZjU5ACpHcm91cF9jYTZmNGQ2Ni1lZWVhLTQ2NjAtYWM2Zi1lMmNlZjI2YzRiYmEqR3JvdXBfY2E2ZjRkNjYtZWVlYS00NjYwLWFjNmYtZTJjZWYyNmM0YmJhAAAAAAAAAAAAAAA "HTTP/1.1 200 OK"
INFO:httpx:HTTP Request: GET https://graph.microsoft.com/v1.0/groups?$select=id%2cdisplayName%2cgroupTypes%2csecurityEnabled%2cmailEnabled%2cmembershipRule%2ccreatedDateTime&$top=999&$skiptoken=RFNwdAIAACpHcm91cF9jYTcxNWNlNC05ODJhLTRkYzMtOGVhMS02MjVlNTc4NThmNTAqR3JvdXBfY2E3MTVjZTQtOTgyYS00ZGMzLThlYTEtNjI1ZTU3ODU4ZjUwACpHcm91cF9kN2NkYThmYS04ZDY4LTRhYWEtYjlhNS04NjAyN2FmODU5MWYqR3JvdXBfZDdjZGE4ZmEtOGQ2OC00YWFhLWI5YTUtODYwMjdhZjg1OTFmAAAAAAAAAAAAAAA "HTTP/1.1 200 OK"
INFO:httpx:HTTP Request: GET https://graph.microsoft.com/v1.0/groups?$select=id%2cdisplayName%2cgroupTypes%2csecurityEnabled%2cmailEnabled%2cmembershipRule%2ccreatedDateTime&$top=999&$skiptoken=RFNwdAIAACpHcm91cF9kN2Q0MTgzNC00Y2E0LTQwOWEtYjU4ZC1jZWM2YzZhZTA3MGQqR3JvdXBfZDdkNDE4MzQtNGNhNC00MDlhLWI1OGQtY2VjNmM2YWUwNzBkACpHcm91cF9lNGM4MWQ5Ni1jZDZiLTRhY2ItOTVlMS1kYzQ0YmVlNzRjZTUqR3JvdXBfZTRjODFkOTYtY2Q2Yi00YWNiLTk1ZTEtZGM0NGJlZTc0Y2U1AAAAAAAAAAAAAAA "HTTP/1.1 200 OK"
INFO:httpx:HTTP Request: GET https://graph.microsoft.com/v1.0/groups?$select=id%2cdisplayName%2cgroupTypes%2csecurityEnabled%2cmailEnabled%2cmembershipRule%2ccreatedDateTime&$top=999&$skiptoken=RFNwdAIAACpHcm91cF9lNGNhNDlkNi1hODBiLTQxNjYtYTA3Ny1mZDU4NDZhMTIwYTIqR3JvdXBfZTRjYTQ5ZDYtYTgwYi00MTY2LWEwNzctZmQ1ODQ2YTEyMGEyACpHcm91cF9mMjRjMGY3Ni03NDYwLTQ1M2UtYWNjNy04NmIyMmFmOGUwMDUqR3JvdXBfZjI0YzBmNzYtNzQ2MC00NTNlLWFjYzctODZiMjJhZjhlMDA1AAAAAAAAAAAAAAA "HTTP/1.1 200 OK"
INFO:httpx:HTTP Request: GET https://graph.microsoft.com/v1.0/groups?$select=id%2cdisplayName%2cgroupTypes%2csecurityEnabled%2cmailEnabled%2cmembershipRule%2ccreatedDateTime&$top=999&$skiptoken=RFNwdAIAACpHcm91cF9mMjU3NmY4My1kZjI3LTQ1NzAtYTY1OS1kM2M3Yzk2ZmRlNTkqR3JvdXBfZjI1NzZmODMtZGYyNy00NTcwLWE2NTktZDNjN2M5NmZkZTU5ACpHcm91cF9mZjlhOTQxOC1iOGM5LTQ1MjQtOWNiMC05NmJmMzYxMWEwNTcqR3JvdXBfZmY5YTk0MTgtYjhjOS00NTI0LTljYjAtOTZiZjM2MTFhMDU3AAAAAAAAAAAAAAA "HTTP/1.1 200 OK"
INFO:httpx:HTTP Request: GET https://graph.microsoft.com/v1.0/applications?%24select=id%2CdisplayName%2CappId%2CcreatedDateTime%2CpasswordCredentials%2CkeyCredentials%2CsignInAudience&%24top=999 "HTTP/1.1 200 OK"
INFO:httpx:HTTP Request: GET https://graph.microsoft.com/v1.0/reports/getMailboxUsageDetail(period='D30') "HTTP/1.1 302 Found"
INFO:httpx:HTTP Request: GET https://reportsncu.office.com/data/v1.0/download?token=eyJhbGciOiJSUzI1NiIsImtpZCI6IkY5QjU0NEU5N0Y1OERGOUM2RUNBQTVERTYyOEQ5RDgwNEE1M0YzRUEiLCJ0eXAiOiJKV1QifQ.eyJ0aWQiOiJjMGQ5YTE1OS0xOGFiLTRjMzEtYTVhNS1mNGQwYjgwNWRlN2QiLCJlbnQiOiJnZXRNYWlsYm94VXNhZ2VEZXRhaWwiLCJhcHAiOiI4NmNkOWVjZi00YTE3LTQ1NGYtYjY5ZC04N2JjNDQ4NGUyZjEiLCJjaWQiOiIwMjVBRkRDNDUyNUI0QjI1OEMzMkY4N0FEQkU3QkNDRSIsImd2ZXIiOiJWMSIsImFnZyI6Ik0zMCIsImRhdGUiOiIiLCJ0dmVyIjoiVjEuMCIsInJlcSI6InJlcG9ydHNuY3Uub2ZmaWNlLmNvbSIsInBvciI6IjQ0MyIsIm5iZiI6MTc3ODU5NDc4MiwiZXhwIjoxNzc4NTk0OTAyLCJpYXQiOjE3Nzg1OTQ3ODIsImlzcyI6IjUwN2JjOWRhLWM0ZTItNDBjYi05NmE3LWFjOTBkZjkyNjg1YyIsImF1ZCI6InJlcG9ydHNuY3Uub2ZmaWNlLmNvbSJ9.QiYUGEbcxgcewtyL-Al47UmUagEw9llfuwn_XTE73X567JrvMxq169xqZVKcipq9wdxd1iMzUUy-uoR8Hp_Vpz2MgZzWBUaY-9JvgN1bw2IcBCzmZzun6mv_MCeiIjMGQEdQvTjXIcRXiX63xon-i3faTdZBcNBtBElPWtAw7OSF_3WMwwar2Pc7Zr2pHNDkBl9_0NwVxF1zrIUCcGA0vPPOmZLtfjZbNG3ZR885blOLASfviVSnbe1JuDvze5JIAh3yhQjMz2a2WEw9xIdAnYqdVr1CAiAshMQHukBzeeRwA7Ajo071KaBfeOVMIIxLe_l8vyQMPxntx3k2HWrDEA "HTTP/1.1 200 OK"
INFO:httpx:HTTP Request: GET https://graph.microsoft.com/v1.0/identityProtection/riskyUsers?%24filter=riskState+ne+%27dismissed%27+and+riskState+ne+%27remediated%27&%24top=50 "HTTP/1.1 200 OK"
INFO:httpx:HTTP Request: GET https://graph.microsoft.com/v1.0/identityProtection/riskyUsers?$filter=riskState+ne+%27dismissed%27+and+riskState+ne+%27remediated%27&$top=50&$skiptoken=f38623b6a27023cfdfcd37acd1fdcc17eb2a74af6c58fcc7bb1a066d1be92b93_50 "HTTP/1.1 200 OK"
INFO:httpx:HTTP Request: GET https://graph.microsoft.com/v1.0/identityProtection/riskyUsers?$filter=riskState+ne+%27dismissed%27+and+riskState+ne+%27remediated%27&$top=50&$skiptoken=6137727bef640ff1e27ca0542e2704c45133bb9ab8df8d68ab4a2cdf6fd87fa7_100 "HTTP/1.1 200 OK"
INFO:httpx:HTTP Request: GET https://graph.microsoft.com/v1.0/identityProtection/riskyUsers?$filter=riskState+ne+%27dismissed%27+and+riskState+ne+%27remediated%27&$top=50&$skiptoken=f6834ceaa8e7baa243a6d44969f9805f4b49596ba82e6e73d8ffaf3b530ea2aa_150 "HTTP/1.1 200 OK"
INFO:httpx:HTTP Request: GET https://graph.microsoft.com/v1.0/identityProtection/riskyUsers?$filter=riskState+ne+%27dismissed%27+and+riskState+ne+%27remediated%27&$top=50&$skiptoken=a2be8d614ae97152132c9278aef5c48aa6a97a21800ff11c82e2dc86cbeaa7f3_200 "HTTP/1.1 200 OK"
INFO:httpx:HTTP Request: GET https://graph.microsoft.com/v1.0/identityProtection/riskyUsers?$filter=riskState+ne+%27dismissed%27+and+riskState+ne+%27remediated%27&$top=50&$skiptoken=45c12f3139ec3de80aa4d00b07eec26d620a9e8b9a8ebcec82723fde05f227ef_250 "HTTP/1.1 200 OK"
INFO:httpx:HTTP Request: GET https://graph.microsoft.com/v1.0/identityProtection/riskyUsers?$filter=riskState+ne+%27dismissed%27+and+riskState+ne+%27remediated%27&$top=50&$skiptoken=ceb80fceed721448bb58ab6fa889d94f1e9a9482a372a7539d2b152e21e7d366_300 "HTTP/1.1 200 OK"
INFO:httpx:HTTP Request: GET https://graph.microsoft.com/v1.0/identityProtection/riskyUsers?$filter=riskState+ne+%27dismissed%27+and+riskState+ne+%27remediated%27&$top=50&$skiptoken=45716480b8864a27b9fa459957513bd47942abb343e15d0aa83a518805e08496_350 "HTTP/1.1 200 OK"
INFO:httpx:HTTP Request: GET https://graph.microsoft.com/v1.0/identityProtection/riskyUsers?$filter=riskState+ne+%27dismissed%27+and+riskState+ne+%27remediated%27&$top=50&$skiptoken=0d5d45bf756d05ccd6d144202344a53c5bf1e9839b8cf47e97c67d2fbf8c6287_400 "HTTP/1.1 200 OK"
INFO:httpx:HTTP Request: GET https://graph.microsoft.com/v1.0/identityProtection/riskyUsers?$filter=riskState+ne+%27dismissed%27+and+riskState+ne+%27remediated%27&$top=50&$skiptoken=a3d6ada2ad8a8d670d75e5520c3d3887064bc0391d484fbc962920535de8269d_450 "HTTP/1.1 200 OK"
INFO:httpx:HTTP Request: GET https://graph.microsoft.com/v1.0/identityProtection/riskyUsers?$filter=riskState+ne+%27dismissed%27+and+riskState+ne+%27remediated%27&$top=50&$skiptoken=f23abe2431fa771fd3a0c207c861ec578f384174d38ec1487578300db014c2cd_500 "HTTP/1.1 200 OK"
INFO:httpx:HTTP Request: GET https://graph.microsoft.com/v1.0/identityProtection/riskyUsers?$filter=riskState+ne+%27dismissed%27+and+riskState+ne+%27remediated%27&$top=50&$skiptoken=d04a3430e0b0ef32dd6fdcab0874146bfddea7c36ffcc38186564f6e1d509928_550 "HTTP/1.1 200 OK"
INFO:httpx:HTTP Request: GET https://graph.microsoft.com/v1.0/identity/conditionalAccess/policies "HTTP/1.1 200 OK"
INFO:routers.entra:Entra refresh complete: {'licenses': 38, 'users': 12603, 'groups': 19015, 'apps': 356, 'mailbox': 5041, 'risky': 584, 'ca_policies': 25}
INFO:routers.scheduler:Scheduler: Entra refresh complete: {'licenses': 38, 'users': 12603, 'groups': 19015, 'apps': 356, 'mailbox': 5041, 'risky': 584, 'ca_policies': 25}
INFO:apscheduler.executors.default:Job "job_entra_refresh (trigger: interval[1:00:00], next run at: 2026-05-12 10:05:32 CDT)" executed successfully
INFO:     127.0.0.1:61441 - "GET /infraportal/api/scheduler-status HTTP/1.1" 200 OK
INFO:     127.0.0.1:57242 - "GET /infraportal/api/scheduler-status HTTP/1.1" 200 OK
INFO:     127.0.0.1:60027 - "GET /infraportal/api/scheduler-status HTTP/1.1" 200 OK
INFO:     127.0.0.1:64744 - "GET /infraportal/api/scheduler-status HTTP/1.1" 200 OK
INFO:     127.0.0.1:61899 - "GET /infraportal/api/scheduler-status HTTP/1.1" 200 OK
INFO:     127.0.0.1:56847 - "GET /infraportal/api/scheduler-status HTTP/1.1" 200 OK
INFO:     127.0.0.1:62984 - "GET /infraportal/api/scheduler-status HTTP/1.1" 200 OK
INFO:     127.0.0.1:64646 - "GET /infraportal/api/scheduler-status HTTP/1.1" 200 OK
INFO:     127.0.0.1:54564 - "GET /infraportal/api/scheduler-status HTTP/1.1" 200 OK
INFO:apscheduler.executors.default:Running job "job_opmanager_alerts (trigger: interval[0:05:00], next run at: 2026-05-12 09:15:32 CDT)" (scheduled at 2026-05-12 09:10:32.869815-05:00)
INFO:routers.scheduler:Scheduler: Refreshing OpManager alerts...
INFO:routers.scheduler:Scheduler: OpManager alerts updated. Count: 8803
INFO:routers.jira:Jira bulk prefetch: fetched 100 tickets so far
INFO:routers.jira:Jira bulk prefetch: fetched 200 tickets so far
INFO:routers.jira:Jira bulk prefetch: fetched 300 tickets so far
INFO:routers.jira:Jira bulk prefetch: fetched 400 tickets so far
INFO:routers.jira:Jira bulk prefetch: fetched 500 tickets so far
INFO:routers.jira:Jira bulk prefetch: fetched 600 tickets so far
INFO:routers.jira:Jira bulk prefetch: fetched 700 tickets so far
INFO:routers.jira:Jira bulk prefetch: fetched 800 tickets so far
INFO:routers.jira:Jira bulk prefetch: fetched 900 tickets so far
INFO:routers.jira:Jira bulk prefetch: fetched 1000 tickets so far
INFO:routers.jira:Jira bulk prefetch: fetched 1100 tickets so far
INFO:routers.jira:Jira bulk prefetch: fetched 1200 tickets so far
INFO:routers.jira:Jira bulk prefetch: fetched 1300 tickets so far
INFO:routers.jira:Jira bulk prefetch: fetched 1400 tickets so far
INFO:routers.jira:Jira bulk prefetch: 1400 tickets indexed, 2234 words
INFO:routers.scheduler:Scheduler: Jira prefetch complete. 1400 ticket(s) fetched. 13/476 device(s) have open tickets.
INFO:apscheduler.executors.default:Job "job_opmanager_alerts (trigger: interval[0:05:00], next run at: 2026-05-12 09:15:32 CDT)" executed successfully
INFO:     127.0.0.1:56516 - "GET /infraportal/api/scheduler-status HTTP/1.1" 200 OK
INFO:     127.0.0.1:62089 - "GET /infraportal/api/scheduler-status HTTP/1.1" 200 OK
INFO:     127.0.0.1:62472 - "GET /infraportal/api/scheduler-status HTTP/1.1" 200 OK
INFO:     127.0.0.1:57098 - "GET /infraportal/api/scheduler-status HTTP/1.1" 200 OK
INFO:     127.0.0.1:55103 - "GET /infraportal/api/scheduler-status HTTP/1.1" 200 OK
INFO:     127.0.0.1:60677 - "GET /infraportal/api/scheduler-status HTTP/1.1" 200 OK
INFO:     127.0.0.1:62904 - "GET /infraportal/api/scheduler-status HTTP/1.1" 200 OK
INFO:     127.0.0.1:53813 - "GET /infraportal/api/scheduler-status HTTP/1.1" 200 OK
INFO:     127.0.0.1:59247 - "GET /infraportal/api/scheduler-status HTTP/1.1" 200 OK
INFO:     127.0.0.1:60166 - "GET /infraportal/api/scheduler-status HTTP/1.1" 200 OK
INFO:apscheduler.executors.default:Running job "job_opmanager_alerts (trigger: interval[0:05:00], next run at: 2026-05-12 09:20:32 CDT)" (scheduled at 2026-05-12 09:15:32.869815-05:00)
INFO:routers.scheduler:Scheduler: Refreshing OpManager alerts...
INFO:routers.scheduler:Scheduler: OpManager alerts updated. Count: 8803
INFO:routers.jira:Jira bulk prefetch: fetched 100 tickets so far
INFO:routers.jira:Jira bulk prefetch: fetched 200 tickets so far
INFO:routers.jira:Jira bulk prefetch: fetched 300 tickets so far
INFO:routers.jira:Jira bulk prefetch: fetched 400 tickets so far
INFO:routers.jira:Jira bulk prefetch: fetched 500 tickets so far
INFO:routers.jira:Jira bulk prefetch: fetched 600 tickets so far
INFO:routers.jira:Jira bulk prefetch: fetched 700 tickets so far
INFO:routers.jira:Jira bulk prefetch: fetched 800 tickets so far
INFO:routers.jira:Jira bulk prefetch: fetched 900 tickets so far
INFO:routers.jira:Jira bulk prefetch: fetched 1000 tickets so far
INFO:routers.jira:Jira bulk prefetch: fetched 1100 tickets so far
INFO:routers.jira:Jira bulk prefetch: fetched 1200 tickets so far
INFO:routers.jira:Jira bulk prefetch: fetched 1300 tickets so far
INFO:routers.jira:Jira bulk prefetch: fetched 1399 tickets so far
INFO:routers.jira:Jira bulk prefetch: 1399 tickets indexed, 2233 words
INFO:routers.scheduler:Scheduler: Jira prefetch complete. 1399 ticket(s) fetched. 13/477 device(s) have open tickets.
INFO:apscheduler.executors.default:Job "job_opmanager_alerts (trigger: interval[0:05:00], next run at: 2026-05-12 09:20:32 CDT)" executed successfully
INFO:     127.0.0.1:58532 - "GET /infraportal/api/scheduler-status HTTP/1.1" 200 OK
INFO:     127.0.0.1:64453 - "GET /infraportal/api/scheduler-status HTTP/1.1" 200 OK
INFO:     127.0.0.1:59751 - "GET /infraportal/api/scheduler-status HTTP/1.1" 200 OK
INFO:     127.0.0.1:50969 - "GET /infraportal/api/scheduler-status HTTP/1.1" 200 OK
INFO:     127.0.0.1:50410 - "GET /infraportal/api/scheduler-status HTTP/1.1" 200 OK
INFO:     127.0.0.1:62164 - "GET /infraportal/api/scheduler-status HTTP/1.1" 200 OK
INFO:     127.0.0.1:63168 - "GET /infraportal/api/scheduler-status HTTP/1.1" 200 OK
INFO:     127.0.0.1:60544 - "GET /infraportal/api/scheduler-status HTTP/1.1" 200 OK
INFO:     127.0.0.1:58995 - "GET /infraportal/api/scheduler-status HTTP/1.1" 200 OK
INFO:     127.0.0.1:64536 - "GET /infraportal/api/scheduler-status HTTP/1.1" 200 OK
INFO:apscheduler.executors.default:Running job "job_opmanager_alerts (trigger: interval[0:05:00], next run at: 2026-05-12 09:25:32 CDT)" (scheduled at 2026-05-12 09:20:32.869815-05:00)
INFO:routers.scheduler:Scheduler: Refreshing OpManager alerts...
INFO:apscheduler.executors.default:Running job "job_findings (trigger: interval[0:15:00], next run at: 2026-05-12 09:35:32 CDT)" (scheduled at 2026-05-12 09:20:32.870725-05:00)
INFO:apscheduler.executors.default:Running job "job_citrix_power_unknown_check (trigger: interval[0:15:00], next run at: 2026-05-12 09:35:32 CDT)" (scheduled at 2026-05-12 09:20:32.870365-05:00)
INFO:apscheduler.executors.default:Running job "job_opmanager_devices (trigger: interval[0:15:00], next run at: 2026-05-12 09:35:32 CDT)" (scheduled at 2026-05-12 09:20:32.869862-05:00)
INFO:apscheduler.executors.default:Running job "job_meraki_refresh (trigger: interval[0:15:00], next run at: 2026-05-12 09:35:32 CDT)" (scheduled at 2026-05-12 09:20:32.870540-05:00)
INFO:routers.scheduler:Scheduler: Refreshing Meraki data...
INFO:routers.meraki:Meraki refresh: starting...
INFO:routers.scheduler:Scheduler: Checking Citrix machine power states for unknowns...
INFO:routers.scheduler:Scheduler: Power check complete. New unknowns: 0, Recovered: 0, Notified teams: none
INFO:apscheduler.executors.default:Job "job_citrix_power_unknown_check (trigger: interval[0:15:00], next run at: 2026-05-12 09:35:32 CDT)" executed successfully
INFO:routers.scheduler:Scheduler: Refreshing OpManager devices...
INFO:routers.findings:findings: refreshed — 36 total
INFO:routers.scheduler:Scheduler: findings refreshed — 36 findings
INFO:apscheduler.executors.default:Job "job_findings (trigger: interval[0:15:00], next run at: 2026-05-12 09:35:32 CDT)" executed successfully
INFO:routers.meraki:Meraki: fetched 11 networks across 2 orgs.
INFO:routers.meraki:Meraki: fetched 215 devices.
INFO:routers.meraki:Meraki: fetched uplinks for 19 appliances.
INFO:routers.scheduler:Scheduler: OpManager alerts updated. Count: 8803
INFO:routers.scheduler:Scheduler: OpManager devices updated.
INFO:apscheduler.executors.default:Job "job_opmanager_devices (trigger: interval[0:15:00], next run at: 2026-05-12 09:35:32 CDT)" executed successfully
INFO:routers.meraki:Meraki: fetched 1941 clients.
INFO:routers.meraki:Meraki refresh complete. 11 networks, 215 devices, 19 uplink appliances, 1941 recent clients.
INFO:apscheduler.executors.default:Job "job_meraki_refresh (trigger: interval[0:15:00], next run at: 2026-05-12 09:35:32 CDT)" executed successfully
INFO:routers.jira:Jira bulk prefetch: fetched 100 tickets so far
INFO:routers.jira:Jira bulk prefetch: fetched 200 tickets so far
INFO:routers.jira:Jira bulk prefetch: fetched 300 tickets so far
INFO:routers.jira:Jira bulk prefetch: fetched 400 tickets so far
INFO:routers.jira:Jira bulk prefetch: fetched 500 tickets so far
INFO:routers.jira:Jira bulk prefetch: fetched 600 tickets so far
INFO:routers.jira:Jira bulk prefetch: fetched 700 tickets so far
INFO:routers.jira:Jira bulk prefetch: fetched 800 tickets so far
INFO:routers.jira:Jira bulk prefetch: fetched 900 tickets so far
INFO:routers.jira:Jira bulk prefetch: fetched 1000 tickets so far
INFO:routers.jira:Jira bulk prefetch: fetched 1100 tickets so far
INFO:routers.jira:Jira bulk prefetch: fetched 1200 tickets so far
INFO:routers.jira:Jira bulk prefetch: fetched 1300 tickets so far
INFO:routers.jira:Jira bulk prefetch: fetched 1397 tickets so far
INFO:routers.jira:Jira bulk prefetch: 1397 tickets indexed, 2231 words
INFO:routers.scheduler:Scheduler: Jira prefetch complete. 1397 ticket(s) fetched. 13/477 device(s) have open tickets.
INFO:apscheduler.executors.default:Job "job_opmanager_alerts (trigger: interval[0:05:00], next run at: 2026-05-12 09:25:32 CDT)" executed successfully
INFO:     127.0.0.1:51354 - "GET /infraportal/api/scheduler-status HTTP/1.1" 200 OK
INFO:     127.0.0.1:61515 - "GET /infraportal/api/scheduler-status HTTP/1.1" 200 OK
INFO:     127.0.0.1:57365 - "GET /infraportal/api/scheduler-status HTTP/1.1" 200 OK
INFO:     127.0.0.1:58051 - "GET /infraportal/api/scheduler-status HTTP/1.1" 200 OK
INFO:     127.0.0.1:59561 - "GET /infraportal/api/scheduler-status HTTP/1.1" 200 OK
INFO:     127.0.0.1:61355 - "GET /infraportal/api/scheduler-status HTTP/1.1" 200 OK
INFO:     127.0.0.1:57162 - "GET /infraportal/api/scheduler-status HTTP/1.1" 200 OK
INFO:     127.0.0.1:58500 - "GET /infraportal/api/scheduler-status HTTP/1.1" 200 OK
INFO:     127.0.0.1:61728 - "GET /infraportal/api/scheduler-status HTTP/1.1" 200 OK
INFO:     127.0.0.1:56798 - "GET /infraportal/api/scheduler-status HTTP/1.1" 200 OK
INFO:apscheduler.executors.default:Running job "job_opmanager_alerts (trigger: interval[0:05:00], next run at: 2026-05-12 09:30:32 CDT)" (scheduled at 2026-05-12 09:25:32.869815-05:00)
INFO:routers.scheduler:Scheduler: Refreshing OpManager alerts...
INFO:routers.scheduler:Scheduler: OpManager alerts updated. Count: 8804
INFO:routers.jira:Jira bulk prefetch: fetched 100 tickets so far
INFO:routers.jira:Jira bulk prefetch: fetched 200 tickets so far
INFO:routers.jira:Jira bulk prefetch: fetched 300 tickets so far
INFO:routers.jira:Jira bulk prefetch: fetched 400 tickets so far
INFO:routers.jira:Jira bulk prefetch: fetched 500 tickets so far
INFO:routers.jira:Jira bulk prefetch: fetched 600 tickets so far
INFO:routers.jira:Jira bulk prefetch: fetched 700 tickets so far
INFO:routers.jira:Jira bulk prefetch: fetched 800 tickets so far
INFO:routers.jira:Jira bulk prefetch: fetched 900 tickets so far
INFO:routers.jira:Jira bulk prefetch: fetched 1000 tickets so far
INFO:routers.jira:Jira bulk prefetch: fetched 1100 tickets so far
INFO:routers.jira:Jira bulk prefetch: fetched 1200 tickets so far
INFO:routers.jira:Jira bulk prefetch: fetched 1300 tickets so far
INFO:routers.jira:Jira bulk prefetch: fetched 1396 tickets so far
INFO:routers.jira:Jira bulk prefetch: 1396 tickets indexed, 2231 words
INFO:routers.scheduler:Scheduler: Jira prefetch complete. 1396 ticket(s) fetched. 17/492 device(s) have open tickets.
INFO:apscheduler.executors.default:Job "job_opmanager_alerts (trigger: interval[0:05:00], next run at: 2026-05-12 09:30:32 CDT)" executed successfully
INFO:     127.0.0.1:56949 - "GET /infraportal/api/scheduler-status HTTP/1.1" 200 OK
INFO:     127.0.0.1:50394 - "GET /infraportal/api/scheduler-status HTTP/1.1" 200 OK
INFO:     127.0.0.1:55083 - "GET /infraportal/api/scheduler-status HTTP/1.1" 200 OK
INFO:     127.0.0.1:50519 - "GET /infraportal/api/scheduler-status HTTP/1.1" 200 OK
INFO:     127.0.0.1:60277 - "GET /infraportal/api/scheduler-status HTTP/1.1" 200 OK
INFO:     127.0.0.1:58153 - "GET /infraportal/api/scheduler-status HTTP/1.1" 200 OK
INFO:     127.0.0.1:57884 - "GET /infraportal/api/scheduler-status HTTP/1.1" 200 OK
INFO:     127.0.0.1:62611 - "GET /infraportal/api/scheduler-status HTTP/1.1" 200 OK
INFO:     127.0.0.1:52722 - "GET /infraportal/api/scheduler-status HTTP/1.1" 200 OK
INFO:     127.0.0.1:55338 - "GET /infraportal/api/scheduler-status HTTP/1.1" 200 OK
INFO:apscheduler.executors.default:Running job "job_opmanager_alerts (trigger: interval[0:05:00], next run at: 2026-05-12 09:35:32 CDT)" (scheduled at 2026-05-12 09:30:32.869815-05:00)
INFO:routers.scheduler:Scheduler: Refreshing OpManager alerts...
INFO:routers.scheduler:Scheduler: OpManager alerts updated. Count: 8804
INFO:routers.jira:Jira bulk prefetch: fetched 100 tickets so far
INFO:routers.jira:Jira bulk prefetch: fetched 200 tickets so far
INFO:routers.jira:Jira bulk prefetch: fetched 300 tickets so far
INFO:routers.jira:Jira bulk prefetch: fetched 400 tickets so far
INFO:routers.jira:Jira bulk prefetch: fetched 500 tickets so far
INFO:routers.jira:Jira bulk prefetch: fetched 600 tickets so far
INFO:routers.jira:Jira bulk prefetch: fetched 700 tickets so far
INFO:routers.jira:Jira bulk prefetch: fetched 800 tickets so far
INFO:routers.jira:Jira bulk prefetch: fetched 900 tickets so far
INFO:routers.jira:Jira bulk prefetch: fetched 1000 tickets so far
INFO:routers.jira:Jira bulk prefetch: fetched 1100 tickets so far
INFO:routers.jira:Jira bulk prefetch: fetched 1200 tickets so far
INFO:routers.jira:Jira bulk prefetch: fetched 1300 tickets so far
INFO:routers.jira:Jira bulk prefetch: fetched 1396 tickets so far
INFO:routers.jira:Jira bulk prefetch: 1396 tickets indexed, 2233 words
INFO:routers.scheduler:Scheduler: Jira prefetch complete. 1396 ticket(s) fetched. 17/492 device(s) have open tickets.
INFO:apscheduler.executors.default:Job "job_opmanager_alerts (trigger: interval[0:05:00], next run at: 2026-05-12 09:35:32 CDT)" executed successfully
INFO:     127.0.0.1:54285 - "GET /infraportal/api/scheduler-status HTTP/1.1" 200 OK
INFO:     127.0.0.1:64447 - "GET /infraportal/api/scheduler-status HTTP/1.1" 200 OK
INFO:     127.0.0.1:64782 - "GET /infraportal/api/scheduler-status HTTP/1.1" 200 OK
INFO:     127.0.0.1:57873 - "GET /infraportal/api/scheduler-status HTTP/1.1" 200 OK
INFO:     127.0.0.1:62506 - "GET /infraportal/api/scheduler-status HTTP/1.1" 200 OK
INFO:     127.0.0.1:63698 - "GET /infraportal/api/scheduler-status HTTP/1.1" 200 OK
INFO:     127.0.0.1:50336 - "GET /infraportal/api/scheduler-status HTTP/1.1" 200 OK
INFO:     127.0.0.1:61560 - "GET /infraportal/api/scheduler-status HTTP/1.1" 200 OK
INFO:     127.0.0.1:54986 - "GET /infraportal/api/scheduler-status HTTP/1.1" 200 OK
INFO:     127.0.0.1:56288 - "GET /infraportal/api/scheduler-status HTTP/1.1" 200 OK
INFO:apscheduler.executors.default:Running job "job_basic_vms (trigger: interval[0:30:00], next run at: 2026-05-12 10:05:32 CDT)" (scheduled at 2026-05-12 09:35:32.869376-05:00)
INFO:routers.scheduler:Scheduler: Refreshing basic VM list...
INFO:apscheduler.executors.default:Running job "job_citrix_power_unknown_check (trigger: interval[0:15:00], next run at: 2026-05-12 09:50:32 CDT)" (scheduled at 2026-05-12 09:35:32.870365-05:00)
INFO:routers.scheduler:Scheduler: Checking Citrix machine power states for unknowns...
INFO:routers.scheduler:Scheduler: Power check complete. New unknowns: 0, Recovered: 0, Notified teams: none
INFO:apscheduler.executors.default:Running job "job_findings (trigger: interval[0:15:00], next run at: 2026-05-12 09:50:32 CDT)" (scheduled at 2026-05-12 09:35:32.870725-05:00)
INFO:apscheduler.executors.default:Running job "job_basic_hosts (trigger: interval[0:30:00], next run at: 2026-05-12 10:05:32 CDT)" (scheduled at 2026-05-12 09:35:32.869525-05:00)
INFO:apscheduler.executors.default:Running job "job_opmanager_devices (trigger: interval[0:15:00], next run at: 2026-05-12 09:50:32 CDT)" (scheduled at 2026-05-12 09:35:32.869862-05:00)
INFO:apscheduler.executors.default:Running job "job_opmanager_alerts (trigger: interval[0:05:00], next run at: 2026-05-12 09:40:32 CDT)" (scheduled at 2026-05-12 09:35:32.869815-05:00)
INFO:apscheduler.executors.default:Running job "job_jira_prefetch (trigger: interval[0:30:00], next run at: 2026-05-12 10:05:32 CDT)" (scheduled at 2026-05-12 09:35:32.869906-05:00)
INFO:apscheduler.executors.default:Running job "job_meraki_refresh (trigger: interval[0:15:00], next run at: 2026-05-12 09:50:32 CDT)" (scheduled at 2026-05-12 09:35:32.870540-05:00)
INFO:apscheduler.executors.default:Job "job_citrix_power_unknown_check (trigger: interval[0:15:00], next run at: 2026-05-12 09:50:32 CDT)" executed successfully
INFO:routers.scheduler:Scheduler: Refreshing basic host list...
INFO:routers.scheduler:Scheduler: Refreshing OpManager devices...
INFO:routers.scheduler:Scheduler: Refreshing OpManager alerts...
INFO:routers.scheduler:Scheduler: Refreshing Meraki data...
INFO:routers.meraki:Meraki refresh: starting...
INFO:routers.findings:findings: refreshed — 36 total
INFO:routers.scheduler:Scheduler: findings refreshed — 36 findings
INFO:apscheduler.executors.default:Job "job_findings (trigger: interval[0:15:00], next run at: 2026-05-12 09:50:32 CDT)" executed successfully
INFO:routers.jira:Jira bulk prefetch: fetched 100 tickets so far
INFO:routers.meraki:Meraki: fetched 11 networks across 2 orgs.
INFO:routers.jira:Jira bulk prefetch: fetched 200 tickets so far
INFO:routers.jira:Jira bulk prefetch: fetched 300 tickets so far
INFO:routers.jira:Jira bulk prefetch: fetched 400 tickets so far
INFO:routers.jira:Jira bulk prefetch: fetched 500 tickets so far
INFO:routers.meraki:Meraki: fetched 215 devices.
INFO:routers.jira:Jira bulk prefetch: fetched 600 tickets so far
INFO:routers.jira:Jira bulk prefetch: fetched 700 tickets so far
INFO:routers.meraki:Meraki: fetched uplinks for 19 appliances.
INFO:routers.jira:Jira bulk prefetch: fetched 800 tickets so far
INFO:routers.jira:Jira bulk prefetch: fetched 900 tickets so far
INFO:routers.jira:Jira bulk prefetch: fetched 1000 tickets so far
INFO:routers.jira:Jira bulk prefetch: fetched 1100 tickets so far
INFO:routers.jira:Jira bulk prefetch: fetched 1200 tickets so far
INFO:routers.jira:Jira bulk prefetch: fetched 1300 tickets so far
INFO:routers.jira:Jira bulk prefetch: fetched 1396 tickets so far
INFO:routers.jira:Jira bulk prefetch: 1396 tickets indexed, 2234 words
INFO:routers.scheduler:Scheduler: Jira prefetch complete. 1396 ticket(s) fetched. 17/493 device(s) have open tickets.
INFO:apscheduler.executors.default:Job "job_jira_prefetch (trigger: interval[0:30:00], next run at: 2026-05-12 10:05:32 CDT)" executed successfully
INFO:routers.scheduler:Scheduler: OpManager alerts updated. Count: 8804
INFO:routers.scheduler:Scheduler: Basic host list updated.
INFO:apscheduler.executors.default:Job "job_basic_hosts (trigger: interval[0:30:00], next run at: 2026-05-12 10:05:32 CDT)" executed successfully
INFO:routers.scheduler:Scheduler: OpManager devices updated.
INFO:apscheduler.executors.default:Job "job_opmanager_devices (trigger: interval[0:15:00], next run at: 2026-05-12 09:50:32 CDT)" executed successfully
INFO:routers.scheduler:Scheduler: Basic VM list updated.
INFO:apscheduler.executors.default:Job "job_basic_vms (trigger: interval[0:30:00], next run at: 2026-05-12 10:05:32 CDT)" executed successfully
INFO:routers.meraki:Meraki: fetched 1908 clients.
INFO:routers.meraki:Meraki refresh complete. 11 networks, 215 devices, 19 uplink appliances, 1908 recent clients.
INFO:apscheduler.executors.default:Job "job_meraki_refresh (trigger: interval[0:15:00], next run at: 2026-05-12 09:50:32 CDT)" executed successfully
INFO:routers.jira:Jira bulk prefetch: fetched 100 tickets so far
INFO:routers.jira:Jira bulk prefetch: fetched 200 tickets so far
INFO:routers.jira:Jira bulk prefetch: fetched 300 tickets so far
INFO:routers.jira:Jira bulk prefetch: fetched 400 tickets so far
INFO:routers.jira:Jira bulk prefetch: fetched 500 tickets so far
INFO:routers.jira:Jira bulk prefetch: fetched 600 tickets so far
INFO:routers.jira:Jira bulk prefetch: fetched 700 tickets so far
INFO:routers.jira:Jira bulk prefetch: fetched 800 tickets so far
INFO:routers.jira:Jira bulk prefetch: fetched 900 tickets so far
INFO:routers.jira:Jira bulk prefetch: fetched 1000 tickets so far
INFO:routers.jira:Jira bulk prefetch: fetched 1100 tickets so far
INFO:routers.jira:Jira bulk prefetch: fetched 1200 tickets so far
INFO:routers.jira:Jira bulk prefetch: fetched 1300 tickets so far
INFO:routers.jira:Jira bulk prefetch: fetched 1396 tickets so far
INFO:routers.jira:Jira bulk prefetch: 1396 tickets indexed, 2234 words
INFO:routers.scheduler:Scheduler: Jira prefetch complete. 1396 ticket(s) fetched. 17/493 device(s) have open tickets.
INFO:apscheduler.executors.default:Job "job_opmanager_alerts (trigger: interval[0:05:00], next run at: 2026-05-12 09:40:32 CDT)" executed successfully
INFO:     127.0.0.1:58746 - "GET /infraportal/api/scheduler-status HTTP/1.1" 200 OK
INFO:     127.0.0.1:52303 - "GET /infraportal/api/scheduler-status HTTP/1.1" 200 OK
INFO:     127.0.0.1:62213 - "GET /infraportal/api/scheduler-status HTTP/1.1" 200 OK
INFO:     127.0.0.1:50186 - "GET /infraportal/api/scheduler-status HTTP/1.1" 200 OK
INFO:     127.0.0.1:60202 - "GET /infraportal/api/scheduler-status HTTP/1.1" 200 OK
INFO:     127.0.0.1:64587 - "GET /infraportal/api/scheduler-status HTTP/1.1" 200 OK
INFO:     127.0.0.1:52375 - "GET /infraportal/api/scheduler-status HTTP/1.1" 200 OK
INFO:     127.0.0.1:64070 - "GET /infraportal/api/scheduler-status HTTP/1.1" 200 OK
INFO:     127.0.0.1:56921 - "GET /infraportal/api/scheduler-status HTTP/1.1" 200 OK
INFO:     127.0.0.1:57969 - "GET /infraportal/api/scheduler-status HTTP/1.1" 200 OK
INFO:apscheduler.executors.default:Running job "job_opmanager_alerts (trigger: interval[0:05:00], next run at: 2026-05-12 09:45:32 CDT)" (scheduled at 2026-05-12 09:40:32.869815-05:00)
INFO:routers.scheduler:Scheduler: Refreshing OpManager alerts...
INFO:routers.scheduler:Scheduler: OpManager alerts updated. Count: 8805
INFO:routers.jira:Jira bulk prefetch: fetched 100 tickets so far
INFO:routers.jira:Jira bulk prefetch: fetched 200 tickets so far
INFO:routers.jira:Jira bulk prefetch: fetched 300 tickets so far
INFO:routers.jira:Jira bulk prefetch: fetched 400 tickets so far
INFO:routers.jira:Jira bulk prefetch: fetched 500 tickets so far
INFO:routers.jira:Jira bulk prefetch: fetched 600 tickets so far
INFO:routers.jira:Jira bulk prefetch: fetched 700 tickets so far
INFO:routers.jira:Jira bulk prefetch: fetched 800 tickets so far
INFO:routers.jira:Jira bulk prefetch: fetched 900 tickets so far
INFO:routers.jira:Jira bulk prefetch: fetched 1000 tickets so far
INFO:routers.jira:Jira bulk prefetch: fetched 1100 tickets so far
INFO:routers.jira:Jira bulk prefetch: fetched 1200 tickets so far
INFO:routers.jira:Jira bulk prefetch: fetched 1300 tickets so far
INFO:routers.jira:Jira bulk prefetch: fetched 1395 tickets so far
INFO:routers.jira:Jira bulk prefetch: 1395 tickets indexed, 2235 words
INFO:routers.scheduler:Scheduler: Jira prefetch complete. 1395 ticket(s) fetched. 14/479 device(s) have open tickets.
INFO:apscheduler.executors.default:Job "job_opmanager_alerts (trigger: interval[0:05:00], next run at: 2026-05-12 09:45:32 CDT)" executed successfully
INFO:     127.0.0.1:53012 - "GET /infraportal/api/scheduler-status HTTP/1.1" 200 OK
INFO:     127.0.0.1:50612 - "GET /infraportal/api/scheduler-status HTTP/1.1" 200 OK
INFO:     127.0.0.1:64552 - "GET /infraportal/api/scheduler-status HTTP/1.1" 200 OK
INFO:     127.0.0.1:52250 - "GET /infraportal/api/scheduler-status HTTP/1.1" 200 OK
INFO:     127.0.0.1:62889 - "GET /infraportal/api/scheduler-status HTTP/1.1" 200 OK
INFO:     127.0.0.1:63854 - "GET /infraportal/api/scheduler-status HTTP/1.1" 200 OK
INFO:     127.0.0.1:50058 - "GET /infraportal/api/scheduler-status HTTP/1.1" 200 OK
INFO:     127.0.0.1:58575 - "GET /infraportal/api/scheduler-status HTTP/1.1" 200 OK
INFO:     127.0.0.1:56840 - "GET /infraportal/api/scheduler-status HTTP/1.1" 200 OK
INFO:     127.0.0.1:60259 - "GET /infraportal/api/scheduler-status HTTP/1.1" 200 OK
INFO:apscheduler.executors.default:Running job "job_opmanager_alerts (trigger: interval[0:05:00], next run at: 2026-05-12 09:50:32 CDT)" (scheduled at 2026-05-12 09:45:32.869815-05:00)
INFO:routers.scheduler:Scheduler: Refreshing OpManager alerts...
INFO:routers.scheduler:Scheduler: OpManager alerts updated. Count: 8805
INFO:routers.jira:Jira bulk prefetch: fetched 100 tickets so far
INFO:routers.jira:Jira bulk prefetch: fetched 200 tickets so far
INFO:routers.jira:Jira bulk prefetch: fetched 300 tickets so far
INFO:routers.jira:Jira bulk prefetch: fetched 400 tickets so far
INFO:routers.jira:Jira bulk prefetch: fetched 500 tickets so far
INFO:routers.jira:Jira bulk prefetch: fetched 600 tickets so far
INFO:routers.jira:Jira bulk prefetch: fetched 700 tickets so far
INFO:routers.jira:Jira bulk prefetch: fetched 800 tickets so far
INFO:routers.jira:Jira bulk prefetch: fetched 900 tickets so far
INFO:routers.jira:Jira bulk prefetch: fetched 1000 tickets so far
INFO:routers.jira:Jira bulk prefetch: fetched 1100 tickets so far
INFO:routers.jira:Jira bulk prefetch: fetched 1200 tickets so far
INFO:routers.jira:Jira bulk prefetch: fetched 1300 tickets so far
INFO:routers.jira:Jira bulk prefetch: fetched 1396 tickets so far
INFO:routers.jira:Jira bulk prefetch: 1396 tickets indexed, 2238 words
INFO:routers.scheduler:Scheduler: Jira prefetch complete. 1396 ticket(s) fetched. 14/480 device(s) have open tickets.
INFO:apscheduler.executors.default:Job "job_opmanager_alerts (trigger: interval[0:05:00], next run at: 2026-05-12 09:50:32 CDT)" executed successfully
INFO:     127.0.0.1:63795 - "GET /infraportal/api/scheduler-status HTTP/1.1" 200 OK
INFO:     127.0.0.1:61200 - "GET /infraportal/api/scheduler-status HTTP/1.1" 200 OK
INFO:     127.0.0.1:52559 - "GET /infraportal/api/scheduler-status HTTP/1.1" 200 OK
INFO:     127.0.0.1:62049 - "GET /infraportal/api/scheduler-status HTTP/1.1" 200 OK
INFO:     127.0.0.1:49673 - "GET /infraportal/api/scheduler-status HTTP/1.1" 200 OK
INFO:     127.0.0.1:64818 - "GET /infraportal/api/scheduler-status HTTP/1.1" 200 OK
INFO:     127.0.0.1:55531 - "GET /infraportal/api/scheduler-status HTTP/1.1" 200 OK
INFO:     127.0.0.1:52896 - "GET /infraportal/api/scheduler-status HTTP/1.1" 200 OK
INFO:     127.0.0.1:49183 - "GET /infraportal/api/scheduler-status HTTP/1.1" 200 OK
INFO:     127.0.0.1:50852 - "GET /infraportal/api/scheduler-status HTTP/1.1" 200 OK
INFO:apscheduler.executors.default:Running job "job_opmanager_alerts (trigger: interval[0:05:00], next run at: 2026-05-12 09:55:32 CDT)" (scheduled at 2026-05-12 09:50:32.869815-05:00)
INFO:routers.scheduler:Scheduler: Refreshing OpManager alerts...
INFO:apscheduler.executors.default:Running job "job_citrix_power_unknown_check (trigger: interval[0:15:00], next run at: 2026-05-12 10:05:32 CDT)" (scheduled at 2026-05-12 09:50:32.870365-05:00)
INFO:routers.scheduler:Scheduler: Checking Citrix machine power states for unknowns...
INFO:apscheduler.executors.default:Running job "job_findings (trigger: interval[0:15:00], next run at: 2026-05-12 10:05:32 CDT)" (scheduled at 2026-05-12 09:50:32.870725-05:00)
INFO:apscheduler.executors.default:Running job "job_opmanager_devices (trigger: interval[0:15:00], next run at: 2026-05-12 10:05:32 CDT)" (scheduled at 2026-05-12 09:50:32.869862-05:00)
INFO:routers.scheduler:Scheduler: Power check complete. New unknowns: 0, Recovered: 0, Notified teams: none
INFO:apscheduler.executors.default:Running job "job_meraki_refresh (trigger: interval[0:15:00], next run at: 2026-05-12 10:05:32 CDT)" (scheduled at 2026-05-12 09:50:32.870540-05:00)
INFO:routers.scheduler:Scheduler: Refreshing Meraki data...
INFO:routers.meraki:Meraki refresh: starting...
INFO:routers.scheduler:Scheduler: Refreshing OpManager devices...
INFO:apscheduler.executors.default:Job "job_citrix_power_unknown_check (trigger: interval[0:15:00], next run at: 2026-05-12 10:05:32 CDT)" executed successfully
INFO:routers.findings:findings: refreshed — 36 total
INFO:routers.scheduler:Scheduler: findings refreshed — 36 findings
INFO:apscheduler.executors.default:Job "job_findings (trigger: interval[0:15:00], next run at: 2026-05-12 10:05:32 CDT)" executed successfully
INFO:routers.meraki:Meraki: fetched 11 networks across 2 orgs.
INFO:routers.meraki:Meraki: fetched 215 devices.
INFO:routers.meraki:Meraki: fetched uplinks for 19 appliances.
INFO:routers.scheduler:Scheduler: OpManager alerts updated. Count: 8805
INFO:routers.scheduler:Scheduler: OpManager devices updated.
INFO:apscheduler.executors.default:Job "job_opmanager_devices (trigger: interval[0:15:00], next run at: 2026-05-12 10:05:32 CDT)" executed successfully
INFO:routers.jira:Jira bulk prefetch: fetched 100 tickets so far
INFO:routers.jira:Jira bulk prefetch: fetched 200 tickets so far
INFO:routers.jira:Jira bulk prefetch: fetched 300 tickets so far
INFO:routers.meraki:Meraki: fetched 1885 clients.
INFO:routers.meraki:Meraki refresh complete. 11 networks, 215 devices, 19 uplink appliances, 1885 recent clients.
INFO:apscheduler.executors.default:Job "job_meraki_refresh (trigger: interval[0:15:00], next run at: 2026-05-12 10:05:32 CDT)" executed successfully
INFO:routers.jira:Jira bulk prefetch: fetched 400 tickets so far
INFO:routers.jira:Jira bulk prefetch: fetched 500 tickets so far
INFO:routers.jira:Jira bulk prefetch: fetched 600 tickets so far
INFO:routers.jira:Jira bulk prefetch: fetched 700 tickets so far
INFO:routers.jira:Jira bulk prefetch: fetched 800 tickets so far
INFO:routers.jira:Jira bulk prefetch: fetched 900 tickets so far
INFO:routers.jira:Jira bulk prefetch: fetched 1000 tickets so far
INFO:routers.jira:Jira bulk prefetch: fetched 1100 tickets so far
INFO:routers.jira:Jira bulk prefetch: fetched 1200 tickets so far
INFO:routers.jira:Jira bulk prefetch: fetched 1300 tickets so far
INFO:routers.jira:Jira bulk prefetch: fetched 1392 tickets so far
INFO:routers.jira:Jira bulk prefetch: 1392 tickets indexed, 2234 words
INFO:routers.scheduler:Scheduler: Jira prefetch complete. 1392 ticket(s) fetched. 14/480 device(s) have open tickets.
INFO:apscheduler.executors.default:Job "job_opmanager_alerts (trigger: interval[0:05:00], next run at: 2026-05-12 09:55:32 CDT)" executed successfully
INFO:     127.0.0.1:57456 - "GET /infraportal/api/scheduler-status HTTP/1.1" 200 OK
INFO:     127.0.0.1:53095 - "GET /infraportal/api/scheduler-status HTTP/1.1" 200 OK
INFO:     127.0.0.1:62969 - "GET /infraportal/api/scheduler-status HTTP/1.1" 200 OK
INFO:     127.0.0.1:52861 - "GET /infraportal/api/scheduler-status HTTP/1.1" 200 OK
INFO:     127.0.0.1:52291 - "GET /infraportal/api/scheduler-status HTTP/1.1" 200 OK
INFO:     127.0.0.1:49673 - "GET /infraportal/api/scheduler-status HTTP/1.1" 200 OK
INFO:     127.0.0.1:57034 - "GET /infraportal/api/scheduler-status HTTP/1.1" 200 OK
INFO:     127.0.0.1:55866 - "GET /infraportal/api/scheduler-status HTTP/1.1" 200 OK
INFO:     127.0.0.1:63389 - "GET /infraportal/api/scheduler-status HTTP/1.1" 200 OK
INFO:     127.0.0.1:65370 - "GET /infraportal/api/scheduler-status HTTP/1.1" 200 OK
INFO:apscheduler.executors.default:Running job "job_opmanager_alerts (trigger: interval[0:05:00], next run at: 2026-05-12 10:00:32 CDT)" (scheduled at 2026-05-12 09:55:32.869815-05:00)
INFO:routers.scheduler:Scheduler: Refreshing OpManager alerts...
INFO:routers.scheduler:Scheduler: OpManager alerts updated. Count: 8805
INFO:routers.jira:Jira bulk prefetch: fetched 100 tickets so far
INFO:routers.jira:Jira bulk prefetch: fetched 200 tickets so far
INFO:routers.jira:Jira bulk prefetch: fetched 300 tickets so far
INFO:routers.jira:Jira bulk prefetch: fetched 400 tickets so far
INFO:routers.jira:Jira bulk prefetch: fetched 500 tickets so far
INFO:routers.jira:Jira bulk prefetch: fetched 600 tickets so far
INFO:routers.jira:Jira bulk prefetch: fetched 700 tickets so far
INFO:routers.jira:Jira bulk prefetch: fetched 800 tickets so far
INFO:routers.jira:Jira bulk prefetch: fetched 900 tickets so far
INFO:routers.jira:Jira bulk prefetch: fetched 1000 tickets so far
INFO:routers.jira:Jira bulk prefetch: fetched 1100 tickets so far
INFO:routers.jira:Jira bulk prefetch: fetched 1200 tickets so far
INFO:routers.jira:Jira bulk prefetch: fetched 1300 tickets so far
INFO:routers.jira:Jira bulk prefetch: fetched 1392 tickets so far
INFO:routers.jira:Jira bulk prefetch: 1392 tickets indexed, 2232 words
INFO:routers.scheduler:Scheduler: Jira prefetch complete. 1392 ticket(s) fetched. 15/483 device(s) have open tickets.
INFO:apscheduler.executors.default:Job "job_opmanager_alerts (trigger: interval[0:05:00], next run at: 2026-05-12 10:00:32 CDT)" executed successfully
INFO:     127.0.0.1:53049 - "GET /infraportal/api/scheduler-status HTTP/1.1" 200 OK
INFO:     127.0.0.1:65347 - "GET /infraportal/api/scheduler-status HTTP/1.1" 200 OK
INFO:     127.0.0.1:55385 - "GET /infraportal/api/scheduler-status HTTP/1.1" 200 OK
INFO:     127.0.0.1:64216 - "GET /infraportal/api/scheduler-status HTTP/1.1" 200 OK
INFO:     127.0.0.1:59791 - "GET /infraportal/api/scheduler-status HTTP/1.1" 200 OK
INFO:     127.0.0.1:56153 - "GET /infraportal/api/scheduler-status HTTP/1.1" 200 OK
INFO:     127.0.0.1:59146 - "GET /infraportal/api/scheduler-status HTTP/1.1" 200 OK
INFO:     127.0.0.1:58957 - "GET /infraportal/api/scheduler-status HTTP/1.1" 200 OK
INFO:     127.0.0.1:61872 - "GET /infraportal/api/scheduler-status HTTP/1.1" 200 OK
INFO:     127.0.0.1:52261 - "GET /infraportal/api/scheduler-status HTTP/1.1" 200 OK
INFO:apscheduler.executors.default:Running job "job_opmanager_alerts (trigger: interval[0:05:00], next run at: 2026-05-12 10:05:32 CDT)" (scheduled at 2026-05-12 10:00:32.869815-05:00)
INFO:routers.scheduler:Scheduler: Refreshing OpManager alerts...
INFO:routers.scheduler:Scheduler: OpManager alerts updated. Count: 8805
INFO:routers.jira:Jira bulk prefetch: fetched 100 tickets so far
INFO:routers.jira:Jira bulk prefetch: fetched 200 tickets so far
INFO:routers.jira:Jira bulk prefetch: fetched 300 tickets so far
INFO:routers.jira:Jira bulk prefetch: fetched 400 tickets so far
INFO:routers.jira:Jira bulk prefetch: fetched 500 tickets so far
INFO:routers.jira:Jira bulk prefetch: fetched 600 tickets so far
INFO:routers.jira:Jira bulk prefetch: fetched 700 tickets so far
INFO:routers.jira:Jira bulk prefetch: fetched 800 tickets so far
INFO:routers.jira:Jira bulk prefetch: fetched 900 tickets so far
INFO:routers.jira:Jira bulk prefetch: fetched 1000 tickets so far
INFO:routers.jira:Jira bulk prefetch: fetched 1100 tickets so far
INFO:routers.jira:Jira bulk prefetch: fetched 1200 tickets so far
INFO:routers.jira:Jira bulk prefetch: fetched 1300 tickets so far
INFO:routers.jira:Jira bulk prefetch: fetched 1393 tickets so far
INFO:routers.jira:Jira bulk prefetch: 1393 tickets indexed, 2234 words
INFO:routers.scheduler:Scheduler: Jira prefetch complete. 1393 ticket(s) fetched. 15/483 device(s) have open tickets.
INFO:apscheduler.executors.default:Job "job_opmanager_alerts (trigger: interval[0:05:00], next run at: 2026-05-12 10:05:32 CDT)" executed successfully
INFO:     127.0.0.1:61419 - "GET /infraportal/api/scheduler-status HTTP/1.1" 200 OK
INFO:     127.0.0.1:51620 - "GET /infraportal/api/scheduler-status HTTP/1.1" 200 OK
INFO:     127.0.0.1:55557 - "GET /infraportal/api/scheduler-status HTTP/1.1" 200 OK
INFO:     127.0.0.1:61680 - "GET /infraportal/api/scheduler-status HTTP/1.1" 200 OK
INFO:     127.0.0.1:50015 - "GET /infraportal/api/scheduler-status HTTP/1.1" 200 OK
INFO:     127.0.0.1:51919 - "GET /infraportal/api/scheduler-status HTTP/1.1" 200 OK
INFO:     127.0.0.1:52192 - "GET /infraportal/api/scheduler-status HTTP/1.1" 200 OK
INFO:     127.0.0.1:50744 - "GET /infraportal/api/scheduler-status HTTP/1.1" 200 OK
INFO:     127.0.0.1:57865 - "GET /infraportal/api/scheduler-status HTTP/1.1" 200 OK
INFO:     127.0.0.1:53555 - "GET /infraportal/api/scheduler-status HTTP/1.1" 200 OK
INFO:apscheduler.executors.default:Running job "job_basic_vms (trigger: interval[0:30:00], next run at: 2026-05-12 10:35:32 CDT)" (scheduled at 2026-05-12 10:05:32.869376-05:00)
INFO:routers.scheduler:Scheduler: Refreshing basic VM list...
INFO:apscheduler.executors.default:Running job "job_detailed_vms (trigger: interval[2:00:00], next run at: 2026-05-12 12:05:32 CDT)" (scheduled at 2026-05-12 10:05:32.869601-05:00)
INFO:apscheduler.executors.default:Running job "job_disk_snapshots (trigger: interval[2:00:00], next run at: 2026-05-12 12:05:32 CDT)" (scheduled at 2026-05-12 10:05:32.869659-05:00)
INFO:apscheduler.executors.default:Running job "job_detailed_hosts (trigger: interval[2:00:00], next run at: 2026-05-12 12:05:32 CDT)" (scheduled at 2026-05-12 10:05:32.869771-05:00)
INFO:apscheduler.executors.default:Running job "job_opmanager_alerts (trigger: interval[0:05:00], next run at: 2026-05-12 10:10:32 CDT)" (scheduled at 2026-05-12 10:05:32.869815-05:00)
INFO:apscheduler.executors.default:Running job "job_opmanager_devices (trigger: interval[0:15:00], next run at: 2026-05-12 10:20:32 CDT)" (scheduled at 2026-05-12 10:05:32.869862-05:00)
INFO:apscheduler.executors.default:Running job "job_citrix_summary (trigger: interval[1:00:00], next run at: 2026-05-12 11:05:32 CDT)" (scheduled at 2026-05-12 10:05:32.870316-05:00)
INFO:apscheduler.executors.default:Running job "job_citrix_power_unknown_check (trigger: interval[0:15:00], next run at: 2026-05-12 10:20:32 CDT)" (scheduled at 2026-05-12 10:05:32.870365-05:00)
INFO:apscheduler.executors.default:Running job "job_jira_prefetch (trigger: interval[0:30:00], next run at: 2026-05-12 10:35:32 CDT)" (scheduled at 2026-05-12 10:05:32.869906-05:00)
INFO:apscheduler.executors.default:Running job "job_basic_hosts (trigger: interval[0:30:00], next run at: 2026-05-12 10:35:32 CDT)" (scheduled at 2026-05-12 10:05:32.869525-05:00)
INFO:routers.scheduler:Scheduler: Refreshing detailed VM data...
INFO:routers.scheduler:Scheduler: Refreshing disk snapshots...
INFO:routers.scheduler:Scheduler: Refreshing detailed host data...
INFO:routers.scheduler:Scheduler: Refreshing OpManager alerts...
INFO:routers.scheduler:Scheduler: Refreshing OpManager devices...
INFO:routers.scheduler:Scheduler: Refreshing Citrix summary...
INFO:routers.scheduler:Scheduler: Checking Citrix machine power states for unknowns...
INFO:routers.scheduler:Scheduler: Refreshing basic host list...
INFO:routers.scheduler:Scheduler: Power check complete. New unknowns: 0, Recovered: 0, Notified teams: none
INFO:apscheduler.executors.default:Job "job_citrix_power_unknown_check (trigger: interval[0:15:00], next run at: 2026-05-12 10:20:32 CDT)" executed successfully
INFO:apscheduler.executors.default:Running job "job_meraki_refresh (trigger: interval[0:15:00], next run at: 2026-05-12 10:20:32 CDT)" (scheduled at 2026-05-12 10:05:32.870540-05:00)
INFO:routers.scheduler:Scheduler: Refreshing Meraki data...
INFO:routers.meraki:Meraki refresh: starting...
INFO:routers.jira:Jira bulk prefetch: fetched 100 tickets so far
INFO:routers.meraki:Meraki: fetched 11 networks across 2 orgs.
INFO:routers.jira:Jira bulk prefetch: fetched 200 tickets so far
INFO:routers.jira:Jira bulk prefetch: fetched 300 tickets so far
INFO:routers.jira:Jira bulk prefetch: fetched 400 tickets so far
INFO:routers.meraki:Meraki: fetched 215 devices.
INFO:routers.jira:Jira bulk prefetch: fetched 500 tickets so far
INFO:routers.jira:Jira bulk prefetch: fetched 600 tickets so far
INFO:routers.meraki:Meraki: fetched uplinks for 19 appliances.
INFO:routers.jira:Jira bulk prefetch: fetched 700 tickets so far
INFO:routers.jira:Jira bulk prefetch: fetched 800 tickets so far
INFO:routers.jira:Jira bulk prefetch: fetched 900 tickets so far
INFO:routers.jira:Jira bulk prefetch: fetched 1000 tickets so far
INFO:routers.jira:Jira bulk prefetch: fetched 1100 tickets so far
INFO:routers.jira:Jira bulk prefetch: fetched 1200 tickets so far
INFO:routers.jira:Jira bulk prefetch: fetched 1300 tickets so far
INFO:routers.jira:Jira bulk prefetch: fetched 1394 tickets so far
INFO:routers.jira:Jira bulk prefetch: 1394 tickets indexed, 2231 words
INFO:routers.scheduler:Scheduler: Jira prefetch complete. 1394 ticket(s) fetched. 15/485 device(s) have open tickets.
INFO:apscheduler.executors.default:Job "job_jira_prefetch (trigger: interval[0:30:00], next run at: 2026-05-12 10:35:32 CDT)" executed successfully
WARNING:apscheduler.executors.default:Run time of job "job_findings (trigger: interval[0:15:00], next run at: 2026-05-12 10:20:32 CDT)" was missed by 0:00:08.243660
WARNING:apscheduler.executors.default:Run time of job "job_entra_refresh (trigger: interval[1:00:00], next run at: 2026-05-12 11:05:32 CDT)" was missed by 0:00:08.243682
INFO:routers.meraki:Meraki: fetched 1838 clients.
INFO:routers.meraki:Meraki refresh complete. 11 networks, 215 devices, 19 uplink appliances, 1838 recent clients.
INFO:apscheduler.executors.default:Job "job_meraki_refresh (trigger: interval[0:15:00], next run at: 2026-05-12 10:20:32 CDT)" executed successfully
INFO:routers.scheduler:Scheduler: OpManager alerts updated. Count: 8805
INFO:routers.scheduler:Scheduler: OpManager devices updated.
INFO:apscheduler.executors.default:Job "job_opmanager_devices (trigger: interval[0:15:00], next run at: 2026-05-12 10:20:32 CDT)" executed successfully
INFO:routers.scheduler:Scheduler: Basic VM list updated.
INFO:apscheduler.executors.default:Job "job_basic_vms (trigger: interval[0:30:00], next run at: 2026-05-12 10:35:32 CDT)" executed successfully
INFO:routers.scheduler:Scheduler: Citrix updated. Machines: 687, Sessions: 1099
INFO:apscheduler.executors.default:Job "job_citrix_summary (trigger: interval[1:00:00], next run at: 2026-05-12 11:05:32 CDT)" executed successfully
INFO:routers.scheduler:Scheduler: Basic host list updated.
INFO:apscheduler.executors.default:Job "job_basic_hosts (trigger: interval[0:30:00], next run at: 2026-05-12 10:35:32 CDT)" executed successfully
INFO:routers.jira:Jira bulk prefetch: fetched 100 tickets so far
INFO:routers.jira:Jira bulk prefetch: fetched 200 tickets so far
INFO:routers.jira:Jira bulk prefetch: fetched 300 tickets so far
INFO:routers.jira:Jira bulk prefetch: fetched 400 tickets so far
INFO:routers.jira:Jira bulk prefetch: fetched 500 tickets so far
INFO:routers.jira:Jira bulk prefetch: fetched 600 tickets so far
INFO:routers.jira:Jira bulk prefetch: fetched 700 tickets so far
INFO:routers.jira:Jira bulk prefetch: fetched 800 tickets so far
INFO:routers.jira:Jira bulk prefetch: fetched 900 tickets so far
INFO:routers.jira:Jira bulk prefetch: fetched 1000 tickets so far
INFO:routers.jira:Jira bulk prefetch: fetched 1100 tickets so far
INFO:routers.jira:Jira bulk prefetch: fetched 1200 tickets so far
INFO:routers.jira:Jira bulk prefetch: fetched 1300 tickets so far
INFO:routers.jira:Jira bulk prefetch: fetched 1395 tickets so far
INFO:routers.jira:Jira bulk prefetch: 1395 tickets indexed, 2231 words
INFO:routers.scheduler:Scheduler: Jira prefetch complete. 1395 ticket(s) fetched. 15/485 device(s) have open tickets.
INFO:apscheduler.executors.default:Job "job_opmanager_alerts (trigger: interval[0:05:00], next run at: 2026-05-12 10:10:32 CDT)" executed successfully
INFO:     127.0.0.1:51990 - "GET /infraportal/api/scheduler-status HTTP/1.1" 200 OK
INFO:     127.0.0.1:63640 - "GET /infraportal/api/scheduler-status HTTP/1.1" 200 OK
INFO:     127.0.0.1:56856 - "GET /infraportal/api/scheduler-status HTTP/1.1" 200 OK
INFO:     127.0.0.1:52586 - "GET /infraportal/api/scheduler-status HTTP/1.1" 200 OK
INFO:     127.0.0.1:57934 - "GET /infraportal/api/scheduler-status HTTP/1.1" 200 OK
INFO:     127.0.0.1:54924 - "GET /infraportal/api/scheduler-status HTTP/1.1" 200 OK
INFO:     127.0.0.1:64936 - "GET /infraportal/api/scheduler-status HTTP/1.1" 200 OK
INFO:     127.0.0.1:50913 - "GET /infraportal/api/scheduler-status HTTP/1.1" 200 OK
INFO:routers.scheduler:Scheduler: Detailed host data updated.
INFO:apscheduler.executors.default:Job "job_detailed_hosts (trigger: interval[2:00:00], next run at: 2026-05-12 12:05:32 CDT)" executed successfully
INFO:     127.0.0.1:56345 - "GET /infraportal/api/scheduler-status HTTP/1.1" 200 OK
INFO:     127.0.0.1:59793 - "GET /infraportal/api/scheduler-status HTTP/1.1" 200 OK
INFO:apscheduler.executors.default:Running job "job_opmanager_alerts (trigger: interval[0:05:00], next run at: 2026-05-12 10:15:32 CDT)" (scheduled at 2026-05-12 10:10:32.869815-05:00)
INFO:routers.scheduler:Scheduler: Refreshing OpManager alerts...
INFO:routers.scheduler:Scheduler: OpManager alerts updated. Count: 8805
INFO:routers.jira:Jira bulk prefetch: fetched 100 tickets so far
INFO:routers.jira:Jira bulk prefetch: fetched 200 tickets so far
INFO:routers.jira:Jira bulk prefetch: fetched 300 tickets so far
INFO:routers.jira:Jira bulk prefetch: fetched 400 tickets so far
INFO:routers.jira:Jira bulk prefetch: fetched 500 tickets so far
INFO:routers.jira:Jira bulk prefetch: fetched 600 tickets so far
INFO:routers.jira:Jira bulk prefetch: fetched 700 tickets so far
INFO:routers.jira:Jira bulk prefetch: fetched 800 tickets so far
INFO:routers.jira:Jira bulk prefetch: fetched 900 tickets so far
INFO:routers.jira:Jira bulk prefetch: fetched 1000 tickets so far
INFO:routers.jira:Jira bulk prefetch: fetched 1100 tickets so far
INFO:routers.jira:Jira bulk prefetch: fetched 1200 tickets so far
INFO:routers.jira:Jira bulk prefetch: fetched 1300 tickets so far
INFO:routers.jira:Jira bulk prefetch: fetched 1394 tickets so far
INFO:routers.jira:Jira bulk prefetch: 1394 tickets indexed, 2231 words
INFO:routers.scheduler:Scheduler: Jira prefetch complete. 1394 ticket(s) fetched. 15/487 device(s) have open tickets.
INFO:apscheduler.executors.default:Job "job_opmanager_alerts (trigger: interval[0:05:00], next run at: 2026-05-12 10:15:32 CDT)" executed successfully
INFO:     127.0.0.1:53692 - "GET /infraportal/api/scheduler-status HTTP/1.1" 200 OK
INFO:     127.0.0.1:54012 - "GET /infraportal/api/scheduler-status HTTP/1.1" 200 OK
INFO:     127.0.0.1:59184 - "GET /infraportal/api/scheduler-status HTTP/1.1" 200 OK
INFO:     127.0.0.1:62083 - "GET /infraportal/api/scheduler-status HTTP/1.1" 200 OK
INFO:routers.scheduler:Scheduler: Disk snapshots updated.
INFO:apscheduler.executors.default:Job "job_disk_snapshots (trigger: interval[2:00:00], next run at: 2026-05-12 12:05:32 CDT)" executed successfully
INFO:     127.0.0.1:59727 - "GET /infraportal/api/scheduler-status HTTP/1.1" 200 OK
INFO:     127.0.0.1:63033 - "GET /infraportal/api/scheduler-status HTTP/1.1" 200 OK
INFO:     127.0.0.1:58570 - "GET /infraportal/api/scheduler-status HTTP/1.1" 200 OK
INFO:     127.0.0.1:50436 - "GET /infraportal/api/scheduler-status HTTP/1.1" 200 OK
INFO:     127.0.0.1:54728 - "GET /infraportal/api/scheduler-status HTTP/1.1" 200 OK
INFO:     127.0.0.1:60373 - "GET /infraportal/api/scheduler-status HTTP/1.1" 200 OK
INFO:apscheduler.executors.default:Running job "job_opmanager_alerts (trigger: interval[0:05:00], next run at: 2026-05-12 10:20:32 CDT)" (scheduled at 2026-05-12 10:15:32.869815-05:00)
INFO:routers.scheduler:Scheduler: Refreshing OpManager alerts...
INFO:routers.scheduler:Scheduler: OpManager alerts updated. Count: 8805
INFO:routers.jira:Jira bulk prefetch: fetched 100 tickets so far
INFO:routers.jira:Jira bulk prefetch: fetched 200 tickets so far
INFO:routers.jira:Jira bulk prefetch: fetched 300 tickets so far
INFO:routers.jira:Jira bulk prefetch: fetched 400 tickets so far
INFO:routers.jira:Jira bulk prefetch: fetched 500 tickets so far
INFO:routers.jira:Jira bulk prefetch: fetched 600 tickets so far
INFO:routers.jira:Jira bulk prefetch: fetched 700 tickets so far
INFO:routers.jira:Jira bulk prefetch: fetched 800 tickets so far
INFO:routers.jira:Jira bulk prefetch: fetched 900 tickets so far
INFO:routers.jira:Jira bulk prefetch: fetched 1000 tickets so far
INFO:routers.jira:Jira bulk prefetch: fetched 1100 tickets so far
INFO:routers.jira:Jira bulk prefetch: fetched 1200 tickets so far
INFO:routers.jira:Jira bulk prefetch: fetched 1300 tickets so far
INFO:routers.jira:Jira bulk prefetch: fetched 1392 tickets so far
INFO:routers.jira:Jira bulk prefetch: 1392 tickets indexed, 2229 words
INFO:routers.scheduler:Scheduler: Jira prefetch complete. 1392 ticket(s) fetched. 15/488 device(s) have open tickets.
INFO:apscheduler.executors.default:Job "job_opmanager_alerts (trigger: interval[0:05:00], next run at: 2026-05-12 10:20:32 CDT)" executed successfully
INFO:     127.0.0.1:55645 - "GET /infraportal/api/scheduler-status HTTP/1.1" 200 OK
INFO:     127.0.0.1:64922 - "GET /infraportal/api/scheduler-status HTTP/1.1" 200 OK
INFO:     127.0.0.1:52263 - "GET /infraportal/api/scheduler-status HTTP/1.1" 200 OK
INFO:     127.0.0.1:58429 - "GET /infraportal/api/scheduler-status HTTP/1.1" 200 OK
INFO:     127.0.0.1:51857 - "GET /infraportal/api/scheduler-status HTTP/1.1" 200 OK
INFO:     127.0.0.1:57780 - "GET /infraportal/api/scheduler-status HTTP/1.1" 200 OK
INFO:     127.0.0.1:60055 - "GET /infraportal/api/scheduler-status HTTP/1.1" 200 OK
INFO:     127.0.0.1:49166 - "GET /infraportal/api/scheduler-status HTTP/1.1" 200 OK
INFO:     127.0.0.1:64812 - "GET /infraportal/api/scheduler-status HTTP/1.1" 200 OK
INFO:     127.0.0.1:56642 - "GET /infraportal/api/scheduler-status HTTP/1.1" 200 OK
INFO:apscheduler.executors.default:Running job "job_opmanager_alerts (trigger: interval[0:05:00], next run at: 2026-05-12 10:25:32 CDT)" (scheduled at 2026-05-12 10:20:32.869815-05:00)
INFO:routers.scheduler:Scheduler: Refreshing OpManager alerts...
INFO:apscheduler.executors.default:Running job "job_findings (trigger: interval[0:15:00], next run at: 2026-05-12 10:35:32 CDT)" (scheduled at 2026-05-12 10:20:32.870725-05:00)
INFO:apscheduler.executors.default:Running job "job_citrix_power_unknown_check (trigger: interval[0:15:00], next run at: 2026-05-12 10:35:32 CDT)" (scheduled at 2026-05-12 10:20:32.870365-05:00)
INFO:apscheduler.executors.default:Running job "job_opmanager_devices (trigger: interval[0:15:00], next run at: 2026-05-12 10:35:32 CDT)" (scheduled at 2026-05-12 10:20:32.869862-05:00)
INFO:apscheduler.executors.default:Running job "job_meraki_refresh (trigger: interval[0:15:00], next run at: 2026-05-12 10:35:32 CDT)" (scheduled at 2026-05-12 10:20:32.870540-05:00)
INFO:routers.scheduler:Scheduler: Refreshing Meraki data...
INFO:routers.meraki:Meraki refresh: starting...
INFO:routers.scheduler:Scheduler: Checking Citrix machine power states for unknowns...
INFO:routers.scheduler:Scheduler: Power check complete. New unknowns: 0, Recovered: 0, Notified teams: none
INFO:routers.scheduler:Scheduler: Refreshing OpManager devices...
INFO:apscheduler.executors.default:Job "job_citrix_power_unknown_check (trigger: interval[0:15:00], next run at: 2026-05-12 10:35:32 CDT)" executed successfully
INFO:routers.findings:findings: refreshed — 36 total
INFO:routers.scheduler:Scheduler: findings refreshed — 36 findings
INFO:apscheduler.executors.default:Job "job_findings (trigger: interval[0:15:00], next run at: 2026-05-12 10:35:32 CDT)" executed successfully
INFO:routers.meraki:Meraki: fetched 11 networks across 2 orgs.
INFO:routers.scheduler:Scheduler: OpManager devices updated.
INFO:apscheduler.executors.default:Job "job_opmanager_devices (trigger: interval[0:15:00], next run at: 2026-05-12 10:35:32 CDT)" executed successfully
INFO:routers.meraki:Meraki: fetched 215 devices.
INFO:routers.meraki:Meraki: fetched uplinks for 19 appliances.
INFO:routers.scheduler:Scheduler: OpManager alerts updated. Count: 8805
INFO:routers.jira:Jira bulk prefetch: fetched 100 tickets so far
INFO:routers.jira:Jira bulk prefetch: fetched 200 tickets so far
INFO:routers.jira:Jira bulk prefetch: fetched 300 tickets so far
INFO:routers.jira:Jira bulk prefetch: fetched 400 tickets so far
INFO:routers.jira:Jira bulk prefetch: fetched 500 tickets so far
INFO:routers.jira:Jira bulk prefetch: fetched 600 tickets so far
INFO:routers.jira:Jira bulk prefetch: fetched 700 tickets so far
INFO:routers.meraki:Meraki: fetched 1774 clients.
INFO:routers.meraki:Meraki refresh complete. 11 networks, 215 devices, 19 uplink appliances, 1774 recent clients.
INFO:apscheduler.executors.default:Job "job_meraki_refresh (trigger: interval[0:15:00], next run at: 2026-05-12 10:35:32 CDT)" executed successfully
INFO:routers.jira:Jira bulk prefetch: fetched 800 tickets so far
INFO:routers.jira:Jira bulk prefetch: fetched 900 tickets so far
INFO:routers.jira:Jira bulk prefetch: fetched 1000 tickets so far
INFO:routers.jira:Jira bulk prefetch: fetched 1100 tickets so far
INFO:routers.jira:Jira bulk prefetch: fetched 1200 tickets so far
INFO:routers.jira:Jira bulk prefetch: fetched 1300 tickets so far
INFO:routers.jira:Jira bulk prefetch: fetched 1393 tickets so far
INFO:routers.jira:Jira bulk prefetch: 1393 tickets indexed, 2230 words
INFO:routers.scheduler:Scheduler: Jira prefetch complete. 1393 ticket(s) fetched. 15/488 device(s) have open tickets.
INFO:apscheduler.executors.default:Job "job_opmanager_alerts (trigger: interval[0:05:00], next run at: 2026-05-12 10:25:32 CDT)" executed successfully
INFO:     127.0.0.1:50718 - "GET /infraportal/api/scheduler-status HTTP/1.1" 200 OK
INFO:     127.0.0.1:53768 - "GET /infraportal/api/scheduler-status HTTP/1.1" 200 OK
INFO:     127.0.0.1:56267 - "GET /infraportal/api/scheduler-status HTTP/1.1" 200 OK
INFO:     127.0.0.1:61849 - "GET /infraportal/api/scheduler-status HTTP/1.1" 200 OK
INFO:     127.0.0.1:53476 - "GET /infraportal/api/scheduler-status HTTP/1.1" 200 OK
INFO:     127.0.0.1:59681 - "GET /infraportal/api/scheduler-status HTTP/1.1" 200 OK
INFO:     127.0.0.1:63752 - "GET /infraportal/api/scheduler-status HTTP/1.1" 200 OK
INFO:     127.0.0.1:51257 - "GET /infraportal/api/scheduler-status HTTP/1.1" 200 OK
INFO:     127.0.0.1:64569 - "GET /infraportal/api/scheduler-status HTTP/1.1" 200 OK
INFO:     127.0.0.1:60362 - "GET /infraportal/api/scheduler-status HTTP/1.1" 200 OK
INFO:apscheduler.executors.default:Running job "job_opmanager_alerts (trigger: interval[0:05:00], next run at: 2026-05-12 10:30:32 CDT)" (scheduled at 2026-05-12 10:25:32.869815-05:00)
INFO:routers.scheduler:Scheduler: Refreshing OpManager alerts...
INFO:routers.scheduler:Scheduler: OpManager alerts updated. Count: 8806
INFO:routers.jira:Jira bulk prefetch: fetched 100 tickets so far
INFO:routers.jira:Jira bulk prefetch: fetched 200 tickets so far
INFO:routers.jira:Jira bulk prefetch: fetched 300 tickets so far
INFO:routers.jira:Jira bulk prefetch: fetched 400 tickets so far
INFO:routers.jira:Jira bulk prefetch: fetched 500 tickets so far
INFO:routers.jira:Jira bulk prefetch: fetched 600 tickets so far
INFO:routers.jira:Jira bulk prefetch: fetched 700 tickets so far
INFO:routers.jira:Jira bulk prefetch: fetched 800 tickets so far
INFO:routers.jira:Jira bulk prefetch: fetched 900 tickets so far
INFO:routers.jira:Jira bulk prefetch: fetched 1000 tickets so far
INFO:routers.jira:Jira bulk prefetch: fetched 1100 tickets so far
INFO:routers.jira:Jira bulk prefetch: fetched 1200 tickets so far
INFO:routers.jira:Jira bulk prefetch: fetched 1300 tickets so far
INFO:routers.jira:Jira bulk prefetch: fetched 1393 tickets so far
INFO:routers.jira:Jira bulk prefetch: 1393 tickets indexed, 2233 words
INFO:routers.scheduler:Scheduler: Jira prefetch complete. 1393 ticket(s) fetched. 17/491 device(s) have open tickets.
INFO:apscheduler.executors.default:Job "job_opmanager_alerts (trigger: interval[0:05:00], next run at: 2026-05-12 10:30:32 CDT)" executed successfully
INFO:     127.0.0.1:62278 - "GET /infraportal/api/scheduler-status HTTP/1.1" 200 OK
INFO:     127.0.0.1:62855 - "GET /infraportal/api/scheduler-status HTTP/1.1" 200 OK
INFO:     127.0.0.1:61249 - "GET /infraportal/api/scheduler-status HTTP/1.1" 200 OK
INFO:routers.scheduler:Scheduler: Detailed VM data updated.
INFO:apscheduler.executors.default:Job "job_detailed_vms (trigger: interval[2:00:00], next run at: 2026-05-12 12:05:32 CDT)" executed successfully
INFO:     127.0.0.1:58494 - "GET /infraportal/api/scheduler-status HTTP/1.1" 200 OK
INFO:     127.0.0.1:52827 - "GET /infraportal/api/scheduler-status HTTP/1.1" 200 OK
INFO:     127.0.0.1:52653 - "GET /infraportal/api/scheduler-status HTTP/1.1" 200 OK
INFO:     127.0.0.1:60002 - "GET /infraportal/api/scheduler-status HTTP/1.1" 200 OK
INFO:     127.0.0.1:58126 - "GET /infraportal/api/scheduler-status HTTP/1.1" 200 OK
INFO:     127.0.0.1:60554 - "GET /infraportal/api/scheduler-status HTTP/1.1" 200 OK
INFO:     127.0.0.1:49778 - "GET /infraportal/api/scheduler-status HTTP/1.1" 200 OK
INFO:apscheduler.executors.default:Running job "job_opmanager_alerts (trigger: interval[0:05:00], next run at: 2026-05-12 10:35:32 CDT)" (scheduled at 2026-05-12 10:30:32.869815-05:00)
INFO:routers.scheduler:Scheduler: Refreshing OpManager alerts...
INFO:routers.scheduler:Scheduler: OpManager alerts updated. Count: 8806
INFO:routers.jira:Jira bulk prefetch: fetched 100 tickets so far
INFO:routers.jira:Jira bulk prefetch: fetched 200 tickets so far
INFO:routers.jira:Jira bulk prefetch: fetched 300 tickets so far
INFO:routers.jira:Jira bulk prefetch: fetched 400 tickets so far
INFO:routers.jira:Jira bulk prefetch: fetched 500 tickets so far
INFO:routers.jira:Jira bulk prefetch: fetched 600 tickets so far
INFO:routers.jira:Jira bulk prefetch: fetched 700 tickets so far
INFO:routers.jira:Jira bulk prefetch: fetched 800 tickets so far
INFO:routers.jira:Jira bulk prefetch: fetched 900 tickets so far
INFO:routers.jira:Jira bulk prefetch: fetched 1000 tickets so far
INFO:routers.jira:Jira bulk prefetch: fetched 1100 tickets so far
INFO:routers.jira:Jira bulk prefetch: fetched 1200 tickets so far
INFO:routers.jira:Jira bulk prefetch: fetched 1300 tickets so far
INFO:routers.jira:Jira bulk prefetch: fetched 1396 tickets so far
INFO:routers.jira:Jira bulk prefetch: 1396 tickets indexed, 2235 words
INFO:routers.scheduler:Scheduler: Jira prefetch complete. 1396 ticket(s) fetched. 18/491 device(s) have open tickets.
INFO:apscheduler.executors.default:Job "job_opmanager_alerts (trigger: interval[0:05:00], next run at: 2026-05-12 10:35:32 CDT)" executed successfully
INFO:     127.0.0.1:54682 - "GET /infraportal/api/scheduler-status HTTP/1.1" 200 OK
INFO:     127.0.0.1:49243 - "GET /infraportal/api/scheduler-status HTTP/1.1" 200 OK
INFO:     127.0.0.1:51542 - "GET /infraportal/api/scheduler-status HTTP/1.1" 200 OK
INFO:     127.0.0.1:55232 - "GET /infraportal/api/scheduler-status HTTP/1.1" 200 OK
INFO:     127.0.0.1:60577 - "GET /infraportal/api/scheduler-status HTTP/1.1" 200 OK
INFO:     127.0.0.1:50650 - "GET /infraportal/api/scheduler-status HTTP/1.1" 200 OK
INFO:     127.0.0.1:63358 - "GET /infraportal/api/scheduler-status HTTP/1.1" 200 OK
INFO:     127.0.0.1:62468 - "GET /infraportal/api/scheduler-status HTTP/1.1" 200 OK
INFO:     127.0.0.1:53589 - "GET /infraportal/api/scheduler-status HTTP/1.1" 200 OK
INFO:     127.0.0.1:64233 - "GET /infraportal/api/scheduler-status HTTP/1.1" 200 OK
INFO:apscheduler.executors.default:Running job "job_basic_vms (trigger: interval[0:30:00], next run at: 2026-05-12 11:05:32 CDT)" (scheduled at 2026-05-12 10:35:32.869376-05:00)
INFO:routers.scheduler:Scheduler: Refreshing basic VM list...
INFO:apscheduler.executors.default:Running job "job_opmanager_alerts (trigger: interval[0:05:00], next run at: 2026-05-12 10:40:32 CDT)" (scheduled at 2026-05-12 10:35:32.869815-05:00)
INFO:apscheduler.executors.default:Running job "job_opmanager_devices (trigger: interval[0:15:00], next run at: 2026-05-12 10:50:32 CDT)" (scheduled at 2026-05-12 10:35:32.869862-05:00)
INFO:apscheduler.executors.default:Running job "job_jira_prefetch (trigger: interval[0:30:00], next run at: 2026-05-12 11:05:32 CDT)" (scheduled at 2026-05-12 10:35:32.869906-05:00)
INFO:apscheduler.executors.default:Running job "job_citrix_power_unknown_check (trigger: interval[0:15:00], next run at: 2026-05-12 10:50:32 CDT)" (scheduled at 2026-05-12 10:35:32.870365-05:00)
INFO:apscheduler.executors.default:Running job "job_meraki_refresh (trigger: interval[0:15:00], next run at: 2026-05-12 10:50:32 CDT)" (scheduled at 2026-05-12 10:35:32.870540-05:00)
INFO:apscheduler.executors.default:Running job "job_basic_hosts (trigger: interval[0:30:00], next run at: 2026-05-12 11:05:32 CDT)" (scheduled at 2026-05-12 10:35:32.869525-05:00)
INFO:routers.scheduler:Scheduler: Refreshing OpManager alerts...
INFO:routers.scheduler:Scheduler: Refreshing OpManager devices...
INFO:routers.scheduler:Scheduler: Checking Citrix machine power states for unknowns...
INFO:routers.scheduler:Scheduler: Power check complete. New unknowns: 0, Recovered: 0, Notified teams: none
INFO:routers.scheduler:Scheduler: Refreshing basic host list...
INFO:apscheduler.executors.default:Job "job_citrix_power_unknown_check (trigger: interval[0:15:00], next run at: 2026-05-12 10:50:32 CDT)" executed successfully
INFO:routers.scheduler:Scheduler: Refreshing Meraki data...
INFO:routers.meraki:Meraki refresh: starting...
INFO:apscheduler.executors.default:Running job "job_findings (trigger: interval[0:15:00], next run at: 2026-05-12 10:50:32 CDT)" (scheduled at 2026-05-12 10:35:32.870725-05:00)
INFO:routers.findings:findings: refreshed — 36 total
INFO:routers.scheduler:Scheduler: findings refreshed — 36 findings
INFO:apscheduler.executors.default:Job "job_findings (trigger: interval[0:15:00], next run at: 2026-05-12 10:50:32 CDT)" executed successfully
INFO:routers.jira:Jira bulk prefetch: fetched 100 tickets so far
INFO:routers.meraki:Meraki: fetched 11 networks across 2 orgs.
INFO:routers.jira:Jira bulk prefetch: fetched 200 tickets so far
INFO:routers.scheduler:Scheduler: OpManager devices updated.
INFO:apscheduler.executors.default:Job "job_opmanager_devices (trigger: interval[0:15:00], next run at: 2026-05-12 10:50:32 CDT)" executed successfully
INFO:routers.jira:Jira bulk prefetch: fetched 300 tickets so far
INFO:routers.jira:Jira bulk prefetch: fetched 400 tickets so far
INFO:routers.jira:Jira bulk prefetch: fetched 500 tickets so far
INFO:routers.meraki:Meraki: fetched 215 devices.
INFO:routers.jira:Jira bulk prefetch: fetched 600 tickets so far
INFO:routers.jira:Jira bulk prefetch: fetched 700 tickets so far
INFO:routers.meraki:Meraki: fetched uplinks for 19 appliances.
INFO:routers.jira:Jira bulk prefetch: fetched 800 tickets so far
INFO:routers.jira:Jira bulk prefetch: fetched 900 tickets so far
INFO:routers.jira:Jira bulk prefetch: fetched 1000 tickets so far
INFO:routers.jira:Jira bulk prefetch: fetched 1100 tickets so far
INFO:routers.jira:Jira bulk prefetch: fetched 1200 tickets so far
INFO:routers.jira:Jira bulk prefetch: fetched 1300 tickets so far
INFO:routers.jira:Jira bulk prefetch: fetched 1395 tickets so far
INFO:routers.jira:Jira bulk prefetch: 1395 tickets indexed, 2231 words
INFO:routers.scheduler:Scheduler: Jira prefetch complete. 1395 ticket(s) fetched. 17/490 device(s) have open tickets.
INFO:apscheduler.executors.default:Job "job_jira_prefetch (trigger: interval[0:30:00], next run at: 2026-05-12 11:05:32 CDT)" executed successfully
INFO:routers.scheduler:Scheduler: OpManager alerts updated. Count: 8806
INFO:routers.scheduler:Scheduler: Basic host list updated.
INFO:apscheduler.executors.default:Job "job_basic_hosts (trigger: interval[0:30:00], next run at: 2026-05-12 11:05:32 CDT)" executed successfully
INFO:routers.scheduler:Scheduler: Basic VM list updated.
INFO:apscheduler.executors.default:Job "job_basic_vms (trigger: interval[0:30:00], next run at: 2026-05-12 11:05:32 CDT)" executed successfully
INFO:routers.jira:Jira bulk prefetch: fetched 100 tickets so far
INFO:routers.jira:Jira bulk prefetch: fetched 200 tickets so far
INFO:routers.jira:Jira bulk prefetch: fetched 300 tickets so far
INFO:routers.jira:Jira bulk prefetch: fetched 400 tickets so far
INFO:routers.jira:Jira bulk prefetch: fetched 500 tickets so far
INFO:routers.jira:Jira bulk prefetch: fetched 600 tickets so far
INFO:routers.jira:Jira bulk prefetch: fetched 700 tickets so far
INFO:routers.jira:Jira bulk prefetch: fetched 800 tickets so far
INFO:routers.jira:Jira bulk prefetch: fetched 900 tickets so far
INFO:routers.meraki:Meraki: fetched 1736 clients.
INFO:routers.meraki:Meraki refresh complete. 11 networks, 215 devices, 19 uplink appliances, 1736 recent clients.
INFO:apscheduler.executors.default:Job "job_meraki_refresh (trigger: interval[0:15:00], next run at: 2026-05-12 10:50:32 CDT)" executed successfully
INFO:routers.jira:Jira bulk prefetch: fetched 1000 tickets so far
INFO:routers.jira:Jira bulk prefetch: fetched 1100 tickets so far
INFO:routers.jira:Jira bulk prefetch: fetched 1200 tickets so far
INFO:routers.jira:Jira bulk prefetch: fetched 1300 tickets so far
INFO:routers.jira:Jira bulk prefetch: fetched 1395 tickets so far
INFO:routers.jira:Jira bulk prefetch: 1395 tickets indexed, 2231 words
INFO:routers.scheduler:Scheduler: Jira prefetch complete. 1395 ticket(s) fetched. 17/490 device(s) have open tickets.
INFO:apscheduler.executors.default:Job "job_opmanager_alerts (trigger: interval[0:05:00], next run at: 2026-05-12 10:40:32 CDT)" executed successfully
INFO:     127.0.0.1:62030 - "GET /infraportal/api/scheduler-status HTTP/1.1" 200 OK
INFO:     127.0.0.1:61457 - "GET /infraportal/api/scheduler-status HTTP/1.1" 200 OK
INFO:     127.0.0.1:58997 - "GET /infraportal/api/scheduler-status HTTP/1.1" 200 OK
INFO:     127.0.0.1:57473 - "GET /infraportal/api/scheduler-status HTTP/1.1" 200 OK
INFO:     127.0.0.1:49262 - "GET /infraportal/api/scheduler-status HTTP/1.1" 200 OK
INFO:     127.0.0.1:56384 - "GET /infraportal/api/scheduler-status HTTP/1.1" 200 OK
INFO:     127.0.0.1:64667 - "GET /infraportal/api/scheduler-status HTTP/1.1" 200 OK
INFO:     127.0.0.1:49247 - "GET /infraportal/api/scheduler-status HTTP/1.1" 200 OK
INFO:     127.0.0.1:62040 - "GET /infraportal/api/scheduler-status HTTP/1.1" 200 OK
INFO:     127.0.0.1:61802 - "GET /infraportal/api/scheduler-status HTTP/1.1" 200 OK
INFO:apscheduler.executors.default:Running job "job_opmanager_alerts (trigger: interval[0:05:00], next run at: 2026-05-12 10:45:32 CDT)" (scheduled at 2026-05-12 10:40:32.869815-05:00)
INFO:routers.scheduler:Scheduler: Refreshing OpManager alerts...
INFO:routers.scheduler:Scheduler: OpManager alerts updated. Count: 8806
INFO:routers.jira:Jira bulk prefetch: fetched 100 tickets so far
INFO:routers.jira:Jira bulk prefetch: fetched 200 tickets so far
INFO:routers.jira:Jira bulk prefetch: fetched 300 tickets so far
INFO:routers.jira:Jira bulk prefetch: fetched 400 tickets so far
INFO:routers.jira:Jira bulk prefetch: fetched 500 tickets so far
INFO:routers.jira:Jira bulk prefetch: fetched 600 tickets so far
INFO:routers.jira:Jira bulk prefetch: fetched 700 tickets so far
INFO:routers.jira:Jira bulk prefetch: fetched 800 tickets so far
INFO:routers.jira:Jira bulk prefetch: fetched 900 tickets so far
INFO:routers.jira:Jira bulk prefetch: fetched 1000 tickets so far
INFO:routers.jira:Jira bulk prefetch: fetched 1100 tickets so far
INFO:routers.jira:Jira bulk prefetch: fetched 1200 tickets so far
INFO:routers.jira:Jira bulk prefetch: fetched 1300 tickets so far
INFO:routers.jira:Jira bulk prefetch: fetched 1395 tickets so far
INFO:routers.jira:Jira bulk prefetch: 1395 tickets indexed, 2233 words
INFO:routers.scheduler:Scheduler: Jira prefetch complete. 1395 ticket(s) fetched. 15/488 device(s) have open tickets.
INFO:apscheduler.executors.default:Job "job_opmanager_alerts (trigger: interval[0:05:00], next run at: 2026-05-12 10:45:32 CDT)" executed successfully
INFO:     127.0.0.1:62607 - "GET /infraportal/api/scheduler-status HTTP/1.1" 200 OK
INFO:     127.0.0.1:57159 - "GET /infraportal/api/scheduler-status HTTP/1.1" 200 OK
INFO:     127.0.0.1:64944 - "GET /infraportal/api/scheduler-status HTTP/1.1" 200 OK
INFO:     127.0.0.1:55170 - "GET /infraportal/api/scheduler-status HTTP/1.1" 200 OK
INFO:     127.0.0.1:61639 - "GET /infraportal/api/scheduler-status HTTP/1.1" 200 OK
INFO:     127.0.0.1:56423 - "GET /infraportal/api/scheduler-status HTTP/1.1" 200 OK
INFO:     127.0.0.1:51956 - "GET /infraportal/api/scheduler-status HTTP/1.1" 200 OK
INFO:     127.0.0.1:60659 - "GET /infraportal/api/scheduler-status HTTP/1.1" 200 OK
INFO:     127.0.0.1:54510 - "GET /infraportal/api/scheduler-status HTTP/1.1" 200 OK
INFO:     127.0.0.1:57991 - "GET /infraportal/api/scheduler-status HTTP/1.1" 200 OK
INFO:apscheduler.executors.default:Running job "job_opmanager_alerts (trigger: interval[0:05:00], next run at: 2026-05-12 10:50:32 CDT)" (scheduled at 2026-05-12 10:45:32.869815-05:00)
INFO:routers.scheduler:Scheduler: Refreshing OpManager alerts...
INFO:routers.scheduler:Scheduler: OpManager alerts updated. Count: 8806
INFO:routers.jira:Jira bulk prefetch: fetched 100 tickets so far
INFO:routers.jira:Jira bulk prefetch: fetched 200 tickets so far
INFO:routers.jira:Jira bulk prefetch: fetched 300 tickets so far
INFO:routers.jira:Jira bulk prefetch: fetched 400 tickets so far
INFO:routers.jira:Jira bulk prefetch: fetched 500 tickets so far
INFO:routers.jira:Jira bulk prefetch: fetched 600 tickets so far
INFO:routers.jira:Jira bulk prefetch: fetched 700 tickets so far
INFO:routers.jira:Jira bulk prefetch: fetched 800 tickets so far
INFO:routers.jira:Jira bulk prefetch: fetched 900 tickets so far
INFO:routers.jira:Jira bulk prefetch: fetched 1000 tickets so far
INFO:routers.jira:Jira bulk prefetch: fetched 1100 tickets so far
INFO:routers.jira:Jira bulk prefetch: fetched 1200 tickets so far
INFO:routers.jira:Jira bulk prefetch: fetched 1300 tickets so far
INFO:routers.jira:Jira bulk prefetch: fetched 1394 tickets so far
INFO:routers.jira:Jira bulk prefetch: 1394 tickets indexed, 2230 words
INFO:routers.scheduler:Scheduler: Jira prefetch complete. 1394 ticket(s) fetched. 15/488 device(s) have open tickets.
INFO:apscheduler.executors.default:Job "job_opmanager_alerts (trigger: interval[0:05:00], next run at: 2026-05-12 10:50:32 CDT)" executed successfully
INFO:     127.0.0.1:59066 - "GET /infraportal/api/scheduler-status HTTP/1.1" 200 OK
INFO:     127.0.0.1:60901 - "GET /infraportal/api/scheduler-status HTTP/1.1" 200 OK
INFO:     127.0.0.1:63793 - "GET /infraportal/api/scheduler-status HTTP/1.1" 200 OK
INFO:     127.0.0.1:53825 - "GET /infraportal/api/scheduler-status HTTP/1.1" 200 OK
INFO:     127.0.0.1:62546 - "GET /infraportal/api/scheduler-status HTTP/1.1" 200 OK
INFO:     127.0.0.1:61280 - "GET /infraportal/api/scheduler-status HTTP/1.1" 200 OK
INFO:     127.0.0.1:57587 - "GET /infraportal/api/scheduler-status HTTP/1.1" 200 OK
INFO:     127.0.0.1:53910 - "GET /infraportal/api/scheduler-status HTTP/1.1" 200 OK
INFO:     127.0.0.1:55496 - "GET /infraportal/api/scheduler-status HTTP/1.1" 200 OK
INFO:     127.0.0.1:55851 - "GET /infraportal/api/scheduler-status HTTP/1.1" 200 OK
INFO:apscheduler.executors.default:Running job "job_opmanager_alerts (trigger: interval[0:05:00], next run at: 2026-05-12 10:55:32 CDT)" (scheduled at 2026-05-12 10:50:32.869815-05:00)
INFO:routers.scheduler:Scheduler: Refreshing OpManager alerts...
INFO:apscheduler.executors.default:Running job "job_citrix_power_unknown_check (trigger: interval[0:15:00], next run at: 2026-05-12 11:05:32 CDT)" (scheduled at 2026-05-12 10:50:32.870365-05:00)
INFO:routers.scheduler:Scheduler: Checking Citrix machine power states for unknowns...
INFO:apscheduler.executors.default:Running job "job_findings (trigger: interval[0:15:00], next run at: 2026-05-12 11:05:32 CDT)" (scheduled at 2026-05-12 10:50:32.870725-05:00)
INFO:apscheduler.executors.default:Running job "job_opmanager_devices (trigger: interval[0:15:00], next run at: 2026-05-12 11:05:32 CDT)" (scheduled at 2026-05-12 10:50:32.869862-05:00)
INFO:routers.scheduler:Scheduler: Power check complete. New unknowns: 0, Recovered: 0, Notified teams: none
INFO:apscheduler.executors.default:Running job "job_meraki_refresh (trigger: interval[0:15:00], next run at: 2026-05-12 11:05:32 CDT)" (scheduled at 2026-05-12 10:50:32.870540-05:00)
INFO:routers.scheduler:Scheduler: Refreshing Meraki data...
INFO:routers.meraki:Meraki refresh: starting...
INFO:routers.scheduler:Scheduler: Refreshing OpManager devices...
INFO:apscheduler.executors.default:Job "job_citrix_power_unknown_check (trigger: interval[0:15:00], next run at: 2026-05-12 11:05:32 CDT)" executed successfully
INFO:routers.findings:findings: refreshed — 36 total
INFO:routers.scheduler:Scheduler: findings refreshed — 36 findings
INFO:apscheduler.executors.default:Job "job_findings (trigger: interval[0:15:00], next run at: 2026-05-12 11:05:32 CDT)" executed successfully
INFO:routers.meraki:Meraki: fetched 11 networks across 2 orgs.
INFO:routers.meraki:Meraki: fetched 215 devices.
INFO:routers.meraki:Meraki: fetched uplinks for 19 appliances.
INFO:routers.scheduler:Scheduler: OpManager devices updated.
INFO:apscheduler.executors.default:Job "job_opmanager_devices (trigger: interval[0:15:00], next run at: 2026-05-12 11:05:32 CDT)" executed successfully
INFO:routers.scheduler:Scheduler: OpManager alerts updated. Count: 8806
INFO:routers.meraki:Meraki: fetched 1672 clients.
INFO:routers.meraki:Meraki refresh complete. 11 networks, 215 devices, 19 uplink appliances, 1672 recent clients.
INFO:apscheduler.executors.default:Job "job_meraki_refresh (trigger: interval[0:15:00], next run at: 2026-05-12 11:05:32 CDT)" executed successfully
INFO:routers.jira:Jira bulk prefetch: fetched 100 tickets so far
INFO:routers.jira:Jira bulk prefetch: fetched 200 tickets so far
INFO:routers.jira:Jira bulk prefetch: fetched 300 tickets so far
INFO:routers.jira:Jira bulk prefetch: fetched 400 tickets so far
INFO:routers.jira:Jira bulk prefetch: fetched 500 tickets so far
INFO:routers.jira:Jira bulk prefetch: fetched 600 tickets so far
INFO:routers.jira:Jira bulk prefetch: fetched 700 tickets so far
INFO:routers.jira:Jira bulk prefetch: fetched 800 tickets so far
INFO:routers.jira:Jira bulk prefetch: fetched 900 tickets so far
INFO:routers.jira:Jira bulk prefetch: fetched 1000 tickets so far
INFO:routers.jira:Jira bulk prefetch: fetched 1100 tickets so far
INFO:routers.jira:Jira bulk prefetch: fetched 1200 tickets so far
INFO:routers.jira:Jira bulk prefetch: fetched 1300 tickets so far
INFO:routers.jira:Jira bulk prefetch: fetched 1395 tickets so far
INFO:routers.jira:Jira bulk prefetch: 1395 tickets indexed, 2230 words
INFO:routers.scheduler:Scheduler: Jira prefetch complete. 1395 ticket(s) fetched. 15/489 device(s) have open tickets.
INFO:apscheduler.executors.default:Job "job_opmanager_alerts (trigger: interval[0:05:00], next run at: 2026-05-12 10:55:32 CDT)" executed successfully
INFO:     127.0.0.1:58396 - "GET /infraportal/api/scheduler-status HTTP/1.1" 200 OK
INFO:     127.0.0.1:54942 - "GET /infraportal/api/scheduler-status HTTP/1.1" 200 OK
INFO:     127.0.0.1:59408 - "GET /infraportal/api/scheduler-status HTTP/1.1" 200 OK
INFO:     127.0.0.1:53509 - "GET /infraportal/api/scheduler-status HTTP/1.1" 200 OK
INFO:     127.0.0.1:49760 - "GET /infraportal/api/scheduler-status HTTP/1.1" 200 OK
INFO:     127.0.0.1:60597 - "GET /infraportal/api/scheduler-status HTTP/1.1" 200 OK
INFO:     127.0.0.1:59834 - "GET /infraportal/api/scheduler-status HTTP/1.1" 200 OK
INFO:     127.0.0.1:54899 - "GET /infraportal/api/scheduler-status HTTP/1.1" 200 OK
INFO:     127.0.0.1:52184 - "GET /infraportal/api/scheduler-status HTTP/1.1" 200 OK
INFO:     127.0.0.1:64836 - "GET /infraportal/api/scheduler-status HTTP/1.1" 200 OK
INFO:apscheduler.executors.default:Running job "job_opmanager_alerts (trigger: interval[0:05:00], next run at: 2026-05-12 11:00:32 CDT)" (scheduled at 2026-05-12 10:55:32.869815-05:00)
INFO:routers.scheduler:Scheduler: Refreshing OpManager alerts...
INFO:routers.scheduler:Scheduler: OpManager alerts updated. Count: 8806
INFO:routers.jira:Jira bulk prefetch: fetched 100 tickets so far
INFO:routers.jira:Jira bulk prefetch: fetched 200 tickets so far
INFO:routers.jira:Jira bulk prefetch: fetched 300 tickets so far
INFO:routers.jira:Jira bulk prefetch: fetched 400 tickets so far
INFO:routers.jira:Jira bulk prefetch: fetched 500 tickets so far
INFO:routers.jira:Jira bulk prefetch: fetched 600 tickets so far
INFO:routers.jira:Jira bulk prefetch: fetched 700 tickets so far
INFO:routers.jira:Jira bulk prefetch: fetched 800 tickets so far
INFO:routers.jira:Jira bulk prefetch: fetched 900 tickets so far
INFO:routers.jira:Jira bulk prefetch: fetched 1000 tickets so far
INFO:routers.jira:Jira bulk prefetch: fetched 1100 tickets so far
INFO:routers.jira:Jira bulk prefetch: fetched 1200 tickets so far
INFO:routers.jira:Jira bulk prefetch: fetched 1300 tickets so far
INFO:routers.jira:Jira bulk prefetch: fetched 1396 tickets so far
INFO:routers.jira:Jira bulk prefetch: 1396 tickets indexed, 2230 words
INFO:routers.scheduler:Scheduler: Jira prefetch complete. 1396 ticket(s) fetched. 15/488 device(s) have open tickets.
INFO:apscheduler.executors.default:Job "job_opmanager_alerts (trigger: interval[0:05:00], next run at: 2026-05-12 11:00:32 CDT)" executed successfully
INFO:     127.0.0.1:54826 - "GET /infraportal/api/scheduler-status HTTP/1.1" 200 OK
INFO:     127.0.0.1:53907 - "GET /infraportal/api/scheduler-status HTTP/1.1" 200 OK
INFO:     127.0.0.1:51842 - "GET /infraportal/api/scheduler-status HTTP/1.1" 200 OK
INFO:     127.0.0.1:59593 - "GET /infraportal/api/scheduler-status HTTP/1.1" 200 OK
INFO:     127.0.0.1:50143 - "GET /infraportal/api/scheduler-status HTTP/1.1" 200 OK
INFO:     127.0.0.1:61764 - "GET /infraportal/api/scheduler-status HTTP/1.1" 200 OK
INFO:     127.0.0.1:49393 - "GET /infraportal/api/scheduler-status HTTP/1.1" 200 OK
INFO:     127.0.0.1:50931 - "GET /infraportal/api/scheduler-status HTTP/1.1" 200 OK
INFO:     127.0.0.1:50817 - "GET /infraportal/api/scheduler-status HTTP/1.1" 200 OK
INFO:     127.0.0.1:51728 - "GET /infraportal/api/scheduler-status HTTP/1.1" 200 OK
INFO:apscheduler.executors.default:Running job "job_opmanager_alerts (trigger: interval[0:05:00], next run at: 2026-05-12 11:05:32 CDT)" (scheduled at 2026-05-12 11:00:32.869815-05:00)
INFO:routers.scheduler:Scheduler: Refreshing OpManager alerts...
INFO:routers.scheduler:Scheduler: OpManager alerts updated. Count: 8806
INFO:routers.jira:Jira bulk prefetch: fetched 100 tickets so far
INFO:routers.jira:Jira bulk prefetch: fetched 200 tickets so far
INFO:routers.jira:Jira bulk prefetch: fetched 300 tickets so far
INFO:routers.jira:Jira bulk prefetch: fetched 400 tickets so far
INFO:routers.jira:Jira bulk prefetch: fetched 500 tickets so far
INFO:routers.jira:Jira bulk prefetch: fetched 600 tickets so far
INFO:routers.jira:Jira bulk prefetch: fetched 700 tickets so far
INFO:routers.jira:Jira bulk prefetch: fetched 800 tickets so far
INFO:routers.jira:Jira bulk prefetch: fetched 900 tickets so far
INFO:routers.jira:Jira bulk prefetch: fetched 1000 tickets so far
INFO:routers.jira:Jira bulk prefetch: fetched 1100 tickets so far
INFO:routers.jira:Jira bulk prefetch: fetched 1200 tickets so far
INFO:routers.jira:Jira bulk prefetch: fetched 1300 tickets so far
INFO:routers.jira:Jira bulk prefetch: fetched 1394 tickets so far
INFO:routers.jira:Jira bulk prefetch: 1394 tickets indexed, 2230 words
INFO:routers.scheduler:Scheduler: Jira prefetch complete. 1394 ticket(s) fetched. 15/487 device(s) have open tickets.
INFO:apscheduler.executors.default:Job "job_opmanager_alerts (trigger: interval[0:05:00], next run at: 2026-05-12 11:05:32 CDT)" executed successfully
INFO:     127.0.0.1:49705 - "GET /infraportal/api/scheduler-status HTTP/1.1" 200 OK
INFO:     127.0.0.1:61375 - "GET /infraportal/api/scheduler-status HTTP/1.1" 200 OK
INFO:     127.0.0.1:57155 - "GET /infraportal/api/scheduler-status HTTP/1.1" 200 OK
INFO:     127.0.0.1:62033 - "GET /infraportal/api/scheduler-status HTTP/1.1" 200 OK
INFO:     127.0.0.1:61780 - "GET /infraportal/api/scheduler-status HTTP/1.1" 200 OK
INFO:     127.0.0.1:50397 - "GET /infraportal/api/scheduler-status HTTP/1.1" 200 OK
INFO:     127.0.0.1:53451 - "GET /infraportal/api/scheduler-status HTTP/1.1" 200 OK
INFO:     127.0.0.1:62781 - "GET /infraportal/api/scheduler-status HTTP/1.1" 200 OK
INFO:     127.0.0.1:56242 - "GET /infraportal/api/scheduler-status HTTP/1.1" 200 OK
INFO:     127.0.0.1:50416 - "GET /infraportal/api/scheduler-status HTTP/1.1" 200 OK
INFO:apscheduler.executors.default:Running job "job_basic_vms (trigger: interval[0:30:00], next run at: 2026-05-12 11:35:32 CDT)" (scheduled at 2026-05-12 11:05:32.869376-05:00)
INFO:routers.scheduler:Scheduler: Refreshing basic VM list...
INFO:apscheduler.executors.default:Running job "job_opmanager_alerts (trigger: interval[0:05:00], next run at: 2026-05-12 11:10:32 CDT)" (scheduled at 2026-05-12 11:05:32.869815-05:00)
INFO:apscheduler.executors.default:Running job "job_opmanager_devices (trigger: interval[0:15:00], next run at: 2026-05-12 11:20:32 CDT)" (scheduled at 2026-05-12 11:05:32.869862-05:00)
INFO:apscheduler.executors.default:Running job "job_citrix_summary (trigger: interval[1:00:00], next run at: 2026-05-12 12:05:32 CDT)" (scheduled at 2026-05-12 11:05:32.870316-05:00)
INFO:apscheduler.executors.default:Running job "job_citrix_power_unknown_check (trigger: interval[0:15:00], next run at: 2026-05-12 11:20:32 CDT)" (scheduled at 2026-05-12 11:05:32.870365-05:00)
INFO:apscheduler.executors.default:Running job "job_jira_prefetch (trigger: interval[0:30:00], next run at: 2026-05-12 11:35:32 CDT)" (scheduled at 2026-05-12 11:05:32.869906-05:00)
INFO:apscheduler.executors.default:Running job "job_meraki_refresh (trigger: interval[0:15:00], next run at: 2026-05-12 11:20:32 CDT)" (scheduled at 2026-05-12 11:05:32.870540-05:00)
INFO:apscheduler.executors.default:Running job "job_findings (trigger: interval[0:15:00], next run at: 2026-05-12 11:20:32 CDT)" (scheduled at 2026-05-12 11:05:32.870725-05:00)
INFO:apscheduler.executors.default:Running job "job_entra_refresh (trigger: interval[1:00:00], next run at: 2026-05-12 12:05:32 CDT)" (scheduled at 2026-05-12 11:05:32.870773-05:00)
INFO:apscheduler.executors.default:Running job "job_basic_hosts (trigger: interval[0:30:00], next run at: 2026-05-12 11:35:32 CDT)" (scheduled at 2026-05-12 11:05:32.869525-05:00)
INFO:routers.scheduler:Scheduler: Refreshing OpManager alerts...
INFO:routers.scheduler:Scheduler: Refreshing OpManager devices...
INFO:routers.scheduler:Scheduler: Refreshing Citrix summary...
INFO:routers.scheduler:Scheduler: Checking Citrix machine power states for unknowns...
INFO:routers.scheduler:Scheduler: Refreshing Meraki data...
INFO:routers.scheduler:Scheduler: Refreshing Entra / M365 data...
INFO:routers.scheduler:Scheduler: Refreshing basic host list...
INFO:routers.scheduler:Scheduler: Power check complete. New unknowns: 0, Recovered: 0, Notified teams: none
INFO:routers.meraki:Meraki refresh: starting...
INFO:apscheduler.executors.default:Job "job_citrix_power_unknown_check (trigger: interval[0:15:00], next run at: 2026-05-12 11:20:32 CDT)" executed successfully
INFO:routers.findings:findings: refreshed — 36 total
INFO:routers.scheduler:Scheduler: findings refreshed — 36 findings
INFO:apscheduler.executors.default:Job "job_findings (trigger: interval[0:15:00], next run at: 2026-05-12 11:20:32 CDT)" executed successfully
INFO:httpx:HTTP Request: POST https://login.microsoftonline.com/c0d9a159-18ab-4c31-a5a5-f4d0b805de7d/oauth2/v2.0/token "HTTP/1.1 200 OK"
INFO:routers.jira:Jira bulk prefetch: fetched 100 tickets so far
INFO:httpx:HTTP Request: GET https://graph.microsoft.com/v1.0/subscribedSkus "HTTP/1.1 200 OK"
INFO:routers.jira:Jira bulk prefetch: fetched 200 tickets so far
INFO:routers.meraki:Meraki: fetched 11 networks across 2 orgs.
INFO:routers.jira:Jira bulk prefetch: fetched 300 tickets so far
INFO:routers.jira:Jira bulk prefetch: fetched 400 tickets so far
INFO:routers.jira:Jira bulk prefetch: fetched 500 tickets so far
INFO:routers.meraki:Meraki: fetched 215 devices.
INFO:routers.jira:Jira bulk prefetch: fetched 600 tickets so far
INFO:routers.jira:Jira bulk prefetch: fetched 700 tickets so far
INFO:routers.scheduler:Scheduler: OpManager devices updated.
INFO:apscheduler.executors.default:Job "job_opmanager_devices (trigger: interval[0:15:00], next run at: 2026-05-12 11:20:32 CDT)" executed successfully
INFO:routers.meraki:Meraki: fetched uplinks for 19 appliances.
INFO:routers.jira:Jira bulk prefetch: fetched 800 tickets so far
INFO:routers.jira:Jira bulk prefetch: fetched 900 tickets so far
INFO:routers.jira:Jira bulk prefetch: fetched 1000 tickets so far
INFO:routers.jira:Jira bulk prefetch: fetched 1100 tickets so far
INFO:routers.jira:Jira bulk prefetch: fetched 1200 tickets so far
INFO:routers.jira:Jira bulk prefetch: fetched 1300 tickets so far
INFO:routers.jira:Jira bulk prefetch: fetched 1394 tickets so far
INFO:routers.jira:Jira bulk prefetch: 1394 tickets indexed, 2230 words
INFO:routers.scheduler:Scheduler: Jira prefetch complete. 1394 ticket(s) fetched. 15/485 device(s) have open tickets.
INFO:apscheduler.executors.default:Job "job_jira_prefetch (trigger: interval[0:30:00], next run at: 2026-05-12 11:35:32 CDT)" executed successfully
INFO:routers.scheduler:Scheduler: OpManager alerts updated. Count: 8806
INFO:routers.scheduler:Scheduler: Basic host list updated.
INFO:apscheduler.executors.default:Job "job_basic_hosts (trigger: interval[0:30:00], next run at: 2026-05-12 11:35:32 CDT)" executed successfully
INFO:routers.scheduler:Scheduler: Basic VM list updated.
INFO:apscheduler.executors.default:Job "job_basic_vms (trigger: interval[0:30:00], next run at: 2026-05-12 11:35:32 CDT)" executed successfully
INFO:routers.scheduler:Scheduler: Citrix updated. Machines: 687, Sessions: 1095
INFO:apscheduler.executors.default:Job "job_citrix_summary (trigger: interval[1:00:00], next run at: 2026-05-12 12:05:32 CDT)" executed successfully
INFO:routers.jira:Jira bulk prefetch: fetched 100 tickets so far
INFO:routers.meraki:Meraki: fetched 1683 clients.
INFO:routers.meraki:Meraki refresh complete. 11 networks, 215 devices, 19 uplink appliances, 1683 recent clients.
INFO:apscheduler.executors.default:Job "job_meraki_refresh (trigger: interval[0:15:00], next run at: 2026-05-12 11:20:32 CDT)" executed successfully
INFO:routers.jira:Jira bulk prefetch: fetched 200 tickets so far
INFO:routers.jira:Jira bulk prefetch: fetched 300 tickets so far
INFO:routers.jira:Jira bulk prefetch: fetched 400 tickets so far
INFO:routers.jira:Jira bulk prefetch: fetched 500 tickets so far
INFO:routers.jira:Jira bulk prefetch: fetched 600 tickets so far
INFO:routers.jira:Jira bulk prefetch: fetched 700 tickets so far
INFO:routers.jira:Jira bulk prefetch: fetched 800 tickets so far
INFO:routers.jira:Jira bulk prefetch: fetched 900 tickets so far
INFO:routers.jira:Jira bulk prefetch: fetched 1000 tickets so far
INFO:routers.jira:Jira bulk prefetch: fetched 1100 tickets so far
INFO:routers.jira:Jira bulk prefetch: fetched 1200 tickets so far
INFO:routers.jira:Jira bulk prefetch: fetched 1300 tickets so far
INFO:routers.jira:Jira bulk prefetch: fetched 1394 tickets so far
INFO:routers.jira:Jira bulk prefetch: 1394 tickets indexed, 2230 words
INFO:routers.scheduler:Scheduler: Jira prefetch complete. 1394 ticket(s) fetched. 15/485 device(s) have open tickets.
INFO:apscheduler.executors.default:Job "job_opmanager_alerts (trigger: interval[0:05:00], next run at: 2026-05-12 11:10:32 CDT)" executed successfully
INFO:httpx:HTTP Request: GET https://graph.microsoft.com/v1.0/users?%24select=id%2CdisplayName%2CuserPrincipalName%2CaccountEnabled%2CuserType%2CsignInActivity%2CassignedLicenses%2CcreatedDateTime%2Cmail&%24top=999&%24count=true "HTTP/1.1 200 OK"
INFO:httpx:HTTP Request: GET https://graph.microsoft.com/v1.0/users?$select=id%2cdisplayName%2cuserPrincipalName%2caccountEnabled%2cuserType%2csignInActivity%2cassignedLicenses%2ccreatedDateTime%2cmail&$top=999&$count=true&$skiptoken=m~AQAoOzE0NTM2ZjY3NmUwODRlMGI5OWNmYjUxZTFmNWY5MDkzOzswOzA7Ow "HTTP/1.1 200 OK"
INFO:     127.0.0.1:64070 - "GET /infraportal/api/scheduler-status HTTP/1.1" 200 OK
INFO:httpx:HTTP Request: GET https://graph.microsoft.com/v1.0/users?$select=id%2cdisplayName%2cuserPrincipalName%2caccountEnabled%2cuserType%2csignInActivity%2cassignedLicenses%2ccreatedDateTime%2cmail&$top=999&$count=true&$skiptoken=m~AQAoOzI4NTc0ZjI0MGY2YTRmYjU5ZGJmNzVmNzRiZTQ3NDJlOzswOzA7Ow "HTTP/1.1 200 OK"
INFO:     127.0.0.1:53990 - "GET /infraportal/api/scheduler-status HTTP/1.1" 200 OK
INFO:httpx:HTTP Request: GET https://graph.microsoft.com/v1.0/users?$select=id%2cdisplayName%2cuserPrincipalName%2caccountEnabled%2cuserType%2csignInActivity%2cassignedLicenses%2ccreatedDateTime%2cmail&$top=999&$count=true&$skiptoken=m~AQAoOzNiZTU2M2U2MjgxYjQzOTg5OTI1ZWE3OGI2ZGFlNWYwOzswOzA7Ow "HTTP/1.1 200 OK"
INFO:httpx:HTTP Request: GET https://graph.microsoft.com/v1.0/users?$select=id%2cdisplayName%2cuserPrincipalName%2caccountEnabled%2cuserType%2csignInActivity%2cassignedLicenses%2ccreatedDateTime%2cmail&$top=999&$count=true&$skiptoken=m~AQAoOzUxNGRhZmRhZTNhYTQ0NjY5MTFkZjEzMjIwMzI3NTI0OzswOzA7Ow "HTTP/1.1 200 OK"
INFO:httpx:HTTP Request: GET https://graph.microsoft.com/v1.0/users?$select=id%2cdisplayName%2cuserPrincipalName%2caccountEnabled%2cuserType%2csignInActivity%2cassignedLicenses%2ccreatedDateTime%2cmail&$top=999&$count=true&$skiptoken=m~AQAoOzY1ODQ5YTE4N2ZhMDQ2MDdhN2FjNzMyMGZjOGI4MWQ1OzswOzA7Ow "HTTP/1.1 200 OK"
INFO:     127.0.0.1:65094 - "GET /infraportal/api/scheduler-status HTTP/1.1" 200 OK
INFO:httpx:HTTP Request: GET https://graph.microsoft.com/v1.0/users?$select=id%2cdisplayName%2cuserPrincipalName%2caccountEnabled%2cuserType%2csignInActivity%2cassignedLicenses%2ccreatedDateTime%2cmail&$top=999&$count=true&$skiptoken=m~AQAoOzdhMjdkN2Q1YjgyNDRlNTlhNTNiMDQyODZhN2Y0ZjUzOzswOzA7Ow "HTTP/1.1 200 OK"
INFO:httpx:HTTP Request: GET https://graph.microsoft.com/v1.0/users?$select=id%2cdisplayName%2cuserPrincipalName%2caccountEnabled%2cuserType%2csignInActivity%2cassignedLicenses%2ccreatedDateTime%2cmail&$top=999&$count=true&$skiptoken=m~AQAoOzhlMjI2M2U4MGM1NDRhMTNhYTQyNTgxODZkMjc2NzgwOzswOzA7Ow "HTTP/1.1 200 OK"
INFO:httpx:HTTP Request: GET https://graph.microsoft.com/v1.0/users?$select=id%2cdisplayName%2cuserPrincipalName%2caccountEnabled%2cuserType%2csignInActivity%2cassignedLicenses%2ccreatedDateTime%2cmail&$top=999&$count=true&$skiptoken=m~AQAoO2ExNWE1Nzc0ZGRlNTRiZGRhMjhlMzQzMjVkZDhlY2RhOzswOzA7Ow "HTTP/1.1 200 OK"
INFO:httpx:HTTP Request: GET https://graph.microsoft.com/v1.0/users?$select=id%2cdisplayName%2cuserPrincipalName%2caccountEnabled%2cuserType%2csignInActivity%2cassignedLicenses%2ccreatedDateTime%2cmail&$top=999&$count=true&$skiptoken=m~AQAoO2I2NmViZGU2MmVmYzRmY2VhYWJiZWQ1ZWZkZDQ0MDQ3OzswOzA7Ow "HTTP/1.1 200 OK"
INFO:httpx:HTTP Request: GET https://graph.microsoft.com/v1.0/users?$select=id%2cdisplayName%2cuserPrincipalName%2caccountEnabled%2cuserType%2csignInActivity%2cassignedLicenses%2ccreatedDateTime%2cmail&$top=999&$count=true&$skiptoken=m~AQAoO2NhOWU5NWRiYmE4OTQ1Mjg4ODY2ZTBkNjcwYzZhNGQ5OzswOzA7Ow "HTTP/1.1 200 OK"
INFO:     127.0.0.1:60092 - "GET /infraportal/api/scheduler-status HTTP/1.1" 200 OK
INFO:httpx:HTTP Request: GET https://graph.microsoft.com/v1.0/users?$select=id%2cdisplayName%2cuserPrincipalName%2caccountEnabled%2cuserType%2csignInActivity%2cassignedLicenses%2ccreatedDateTime%2cmail&$top=999&$count=true&$skiptoken=m~AQAoO2RlZjFmZDk2MzU1NTQ0ODk4ZTg4NzMxYzA2NDc1ZjE4OzswOzA7Ow "HTTP/1.1 200 OK"
INFO:httpx:HTTP Request: GET https://graph.microsoft.com/v1.0/users?$select=id%2cdisplayName%2cuserPrincipalName%2caccountEnabled%2cuserType%2csignInActivity%2cassignedLicenses%2ccreatedDateTime%2cmail&$top=999&$count=true&$skiptoken=m~AQAoO2YzMGFlMTNjNTJkYTRjMGZiYWNjYjg4MDJiZDQ2MGJhOzswOzA7Ow "HTTP/1.1 200 OK"
INFO:httpx:HTTP Request: GET https://graph.microsoft.com/v1.0/groups?%24select=id%2CdisplayName%2CgroupTypes%2CsecurityEnabled%2CmailEnabled%2CmembershipRule%2CcreatedDateTime&%24top=999 "HTTP/1.1 200 OK"
INFO:httpx:HTTP Request: GET https://graph.microsoft.com/v1.0/groups?$select=id%2cdisplayName%2cgroupTypes%2csecurityEnabled%2cmailEnabled%2cmembershipRule%2ccreatedDateTime&$top=999&$skiptoken=RFNwdAIAAQAAACpHcm91cF8wZTMwNDVhMy0xOTIxLTQ0MTctOWMxNC1kZjRiMTFiYzVjNGQqR3JvdXBfMGUzMDQ1YTMtMTkyMS00NDE3LTljMTQtZGY0YjExYmM1YzRkAAAAAAAAAAAAAAA "HTTP/1.1 200 OK"
INFO:httpx:HTTP Request: GET https://graph.microsoft.com/v1.0/groups?$select=id%2cdisplayName%2cgroupTypes%2csecurityEnabled%2cmailEnabled%2cmembershipRule%2ccreatedDateTime&$top=999&$skiptoken=RFNwdAIAACpHcm91cF8wZTMwNWQyOS1hMmUzLTQ3NTktODQ1NS0yOGE3ZmQxN2E0ZjIqR3JvdXBfMGUzMDVkMjktYTJlMy00NzU5LTg0NTUtMjhhN2ZkMTdhNGYyACpHcm91cF8xYzYzMzc5NS03MWNlLTRjOWQtYmI0OC0xMTJhYzI5ZmZkZDQqR3JvdXBfMWM2MzM3OTUtNzFjZS00YzlkLWJiNDgtMTEyYWMyOWZmZGQ0AAAAAAAAAAAAAAA "HTTP/1.1 200 OK"
INFO:httpx:HTTP Request: GET https://graph.microsoft.com/v1.0/groups?$select=id%2cdisplayName%2cgroupTypes%2csecurityEnabled%2cmailEnabled%2cmembershipRule%2ccreatedDateTime&$top=999&$skiptoken=RFNwdAIAACpHcm91cF8xYzY4NjEzNC1iY2Y4LTRhNDItOTJkNC1iZGI0ZGE5YTIxZGIqR3JvdXBfMWM2ODYxMzQtYmNmOC00YTQyLTkyZDQtYmRiNGRhOWEyMWRiACpHcm91cF8yOWMwYTJiMi0yZTE0LTQ2OWEtYjE5Mi00MGJjYzVmYmNjYTUqR3JvdXBfMjljMGEyYjItMmUxNC00NjlhLWIxOTItNDBiY2M1ZmJjY2E1AAAAAAAAAAAAAAA "HTTP/1.1 200 OK"
INFO:httpx:HTTP Request: GET https://graph.microsoft.com/v1.0/groups?$select=id%2cdisplayName%2cgroupTypes%2csecurityEnabled%2cmailEnabled%2cmembershipRule%2ccreatedDateTime&$top=999&$skiptoken=RFNwdAIAACpHcm91cF8yOWM4ZThhMS0zNjQ1LTQyNTUtYmExOC00ZjMzYmFkNzNlOTEqR3JvdXBfMjljOGU4YTEtMzY0NS00MjU1LWJhMTgtNGYzM2JhZDczZTkxACpHcm91cF8zNzIxYTEyNS0zYmQ5LTRkMzMtYmU0MS03YWE3YzVlNjZmNGMqR3JvdXBfMzcyMWExMjUtM2JkOS00ZDMzLWJlNDEtN2FhN2M1ZTY2ZjRjAAAAAAAAAAAAAAA "HTTP/1.1 200 OK"
INFO:httpx:HTTP Request: GET https://graph.microsoft.com/v1.0/groups?$select=id%2cdisplayName%2cgroupTypes%2csecurityEnabled%2cmailEnabled%2cmembershipRule%2ccreatedDateTime&$top=999&$skiptoken=RFNwdAIAACpHcm91cF8zNzI1YTQyZi1lODJiLTRkMDEtYjQ2NC1iYzdmN2I4MTIyNzYqR3JvdXBfMzcyNWE0MmYtZTgyYi00ZDAxLWI0NjQtYmM3ZjdiODEyMjc2ACpHcm91cF80NDkyYWQ4ZC1hYWY5LTQ3ZTktOWU0Yi04ZGZhZWUzMGY0M2QqR3JvdXBfNDQ5MmFkOGQtYWFmOS00N2U5LTllNGItOGRmYWVlMzBmNDNkAAAAAAAAAAAAAAA "HTTP/1.1 200 OK"
INFO:httpx:HTTP Request: GET https://graph.microsoft.com/v1.0/groups?$select=id%2cdisplayName%2cgroupTypes%2csecurityEnabled%2cmailEnabled%2cmembershipRule%2ccreatedDateTime&$top=999&$skiptoken=RFNwdAIAACpHcm91cF80NDk1N2IwYi0wMGQ0LTQ1ZDQtYWI2Yi0yODk5ZTk2Y2Q2MjcqR3JvdXBfNDQ5NTdiMGItMDBkNC00NWQ0LWFiNmItMjg5OWU5NmNkNjI3ACpHcm91cF81MWI5YzU5MC02NmU2LTRlYjUtYWFlOC04NmY2YjljZTM1M2UqR3JvdXBfNTFiOWM1OTAtNjZlNi00ZWI1LWFhZTgtODZmNmI5Y2UzNTNlAAAAAAAAAAAAAAA "HTTP/1.1 200 OK"
INFO:httpx:HTTP Request: GET https://graph.microsoft.com/v1.0/groups?$select=id%2cdisplayName%2cgroupTypes%2csecurityEnabled%2cmailEnabled%2cmembershipRule%2ccreatedDateTime&$top=999&$skiptoken=RFNwdAIAACpHcm91cF81MWI5ZmQ0YS1kZTkxLTQ5YmUtYTU1Mi05YTI2ZDdkMGJhNzIqR3JvdXBfNTFiOWZkNGEtZGU5MS00OWJlLWE1NTItOWEyNmQ3ZDBiYTcyACpHcm91cF81ZTY4NzI3Zi1iNGNmLTRiOGQtYThlMC1lODI2NWZjZjk0ZWMqR3JvdXBfNWU2ODcyN2YtYjRjZi00YjhkLWE4ZTAtZTgyNjVmY2Y5NGVjAAAAAAAAAAAAAAA "HTTP/1.1 200 OK"
INFO:httpx:HTTP Request: GET https://graph.microsoft.com/v1.0/groups?$select=id%2cdisplayName%2cgroupTypes%2csecurityEnabled%2cmailEnabled%2cmembershipRule%2ccreatedDateTime&$top=999&$skiptoken=RFNwdAIAACpHcm91cF81ZTZlNTM1Yi1jMzNjLTQ0ZmMtYTdjNC03ZWUwYzMwNDg5YTIqR3JvdXBfNWU2ZTUzNWItYzMzYy00NGZjLWE3YzQtN2VlMGMzMDQ4OWEyACpHcm91cF82Yzk2MDNjOS0zODA2LTRlYjQtOGI1Zi01NTc4OGYyMTBlM2QqR3JvdXBfNmM5NjAzYzktMzgwNi00ZWI0LThiNWYtNTU3ODhmMjEwZTNkAAAAAAAAAAAAAAA "HTTP/1.1 200 OK"
INFO:httpx:HTTP Request: GET https://graph.microsoft.com/v1.0/groups?$select=id%2cdisplayName%2cgroupTypes%2csecurityEnabled%2cmailEnabled%2cmembershipRule%2ccreatedDateTime&$top=999&$skiptoken=RFNwdAIAACpHcm91cF82Yzk2YWVmMy0xMjA3LTRhYWQtODIwMC0wNzhmOTU0Zjc1MTcqR3JvdXBfNmM5NmFlZjMtMTIwNy00YWFkLTgyMDAtMDc4Zjk1NGY3NTE3ACpHcm91cF83OWY0ZDk0ZS03NjM2LTQ5ZjQtYTM5Yi1kNGUxYWM4YmI3ZTgqR3JvdXBfNzlmNGQ5NGUtNzYzNi00OWY0LWEzOWItZDRlMWFjOGJiN2U4AAAAAAAAAAAAAAA "HTTP/1.1 200 OK"
INFO:httpx:HTTP Request: GET https://graph.microsoft.com/v1.0/groups?$select=id%2cdisplayName%2cgroupTypes%2csecurityEnabled%2cmailEnabled%2cmembershipRule%2ccreatedDateTime&$top=999&$skiptoken=RFNwdAIAACpHcm91cF83OWY1YjQ3MS1lMWJmLTQ3Y2YtYTFiMy05ODBiOTRjNWQ4ZjYqR3JvdXBfNzlmNWI0NzEtZTFiZi00N2NmLWExYjMtOTgwYjk0YzVkOGY2ACpHcm91cF84NzJhMWZlNS0zOTg2LTRkZjAtYWU5NC01Mjk1ZmNiZTQzMWUqR3JvdXBfODcyYTFmZTUtMzk4Ni00ZGYwLWFlOTQtNTI5NWZjYmU0MzFlAAAAAAAAAAAAAAA "HTTP/1.1 200 OK"
INFO:httpx:HTTP Request: GET https://graph.microsoft.com/v1.0/groups?$select=id%2cdisplayName%2cgroupTypes%2csecurityEnabled%2cmailEnabled%2cmembershipRule%2ccreatedDateTime&$top=999&$skiptoken=RFNwdAIAACpHcm91cF84NzJjNjFhYi1kYmVjLTQzMTMtOTU1Ni0zODU4NmU5MWM3ZTMqR3JvdXBfODcyYzYxYWItZGJlYy00MzEzLTk1NTYtMzg1ODZlOTFjN2UzACpHcm91cF85NTE4Y2I0Ni0yNDNkLTQyODItOGFhZC03MDRmNGViNjI5OWEqR3JvdXBfOTUxOGNiNDYtMjQzZC00MjgyLThhYWQtNzA0ZjRlYjYyOTlhAAAAAAAAAAAAAAA "HTTP/1.1 200 OK"
INFO:httpx:HTTP Request: GET https://graph.microsoft.com/v1.0/groups?$select=id%2cdisplayName%2cgroupTypes%2csecurityEnabled%2cmailEnabled%2cmembershipRule%2ccreatedDateTime&$top=999&$skiptoken=RFNwdAIAACpHcm91cF85NTFkZjk4OC03NWFjLTRiYTQtYjc1My1lMTcyZDJhOWY3ODkqR3JvdXBfOTUxZGY5ODgtNzVhYy00YmE0LWI3NTMtZTE3MmQyYTlmNzg5ACpHcm91cF9hMjQ3ZDYyOS1lZTFmLTRhMDItOWJhOC1jZDI0N2M2ZjE0NGYqR3JvdXBfYTI0N2Q2MjktZWUxZi00YTAyLTliYTgtY2QyNDdjNmYxNDRmAAAAAAAAAAAAAAA "HTTP/1.1 200 OK"
INFO:httpx:HTTP Request: GET https://graph.microsoft.com/v1.0/groups?$select=id%2cdisplayName%2cgroupTypes%2csecurityEnabled%2cmailEnabled%2cmembershipRule%2ccreatedDateTime&$top=999&$skiptoken=RFNwdAIAACpHcm91cF9hMjQ4YjBhZi1kMzg2LTRlMTYtOGMxNS00MTBkZmRiM2Y4NmUqR3JvdXBfYTI0OGIwYWYtZDM4Ni00ZTE2LThjMTUtNDEwZGZkYjNmODZlACpHcm91cF9hZjYzMzViMS03MzZlLTQzNGMtODViMi0wZDJjMTYwNTc5N2EqR3JvdXBfYWY2MzM1YjEtNzM2ZS00MzRjLTg1YjItMGQyYzE2MDU3OTdhAAAAAAAAAAAAAAA "HTTP/1.1 200 OK"
INFO:httpx:HTTP Request: GET https://graph.microsoft.com/v1.0/groups?$select=id%2cdisplayName%2cgroupTypes%2csecurityEnabled%2cmailEnabled%2cmembershipRule%2ccreatedDateTime&$top=999&$skiptoken=RFNwdAIAACpHcm91cF9hZjZkMjVmMC03ODJiLTQ2ZDAtOTBjYy05ZmU3ZmZjNTQ5NWMqR3JvdXBfYWY2ZDI1ZjAtNzgyYi00NmQwLTkwY2MtOWZlN2ZmYzU0OTVjACpHcm91cF9iY2Q5ODIzZC0zMGNjLTRlYTMtYTgxMC1hYzQzZGJlYTYxN2IqR3JvdXBfYmNkOTgyM2QtMzBjYy00ZWEzLWE4MTAtYWM0M2RiZWE2MTdiAAAAAAAAAAAAAAA "HTTP/1.1 200 OK"
INFO:     127.0.0.1:64734 - "GET /infraportal/api/scheduler-status HTTP/1.1" 200 OK
INFO:httpx:HTTP Request: GET https://graph.microsoft.com/v1.0/groups?$select=id%2cdisplayName%2cgroupTypes%2csecurityEnabled%2cmailEnabled%2cmembershipRule%2ccreatedDateTime&$top=999&$skiptoken=RFNwdAIAACpHcm91cF9iY2RhNmYwYy1iMjA1LTQ4MTQtYTNmYS1kNzc5NmQ3MGFmNTkqR3JvdXBfYmNkYTZmMGMtYjIwNS00ODE0LWEzZmEtZDc3OTZkNzBhZjU5ACpHcm91cF9jYTZmNGQ2Ni1lZWVhLTQ2NjAtYWM2Zi1lMmNlZjI2YzRiYmEqR3JvdXBfY2E2ZjRkNjYtZWVlYS00NjYwLWFjNmYtZTJjZWYyNmM0YmJhAAAAAAAAAAAAAAA "HTTP/1.1 200 OK"
INFO:httpx:HTTP Request: GET https://graph.microsoft.com/v1.0/groups?$select=id%2cdisplayName%2cgroupTypes%2csecurityEnabled%2cmailEnabled%2cmembershipRule%2ccreatedDateTime&$top=999&$skiptoken=RFNwdAIAACpHcm91cF9jYTcxNWNlNC05ODJhLTRkYzMtOGVhMS02MjVlNTc4NThmNTAqR3JvdXBfY2E3MTVjZTQtOTgyYS00ZGMzLThlYTEtNjI1ZTU3ODU4ZjUwACpHcm91cF9kN2NkYThmYS04ZDY4LTRhYWEtYjlhNS04NjAyN2FmODU5MWYqR3JvdXBfZDdjZGE4ZmEtOGQ2OC00YWFhLWI5YTUtODYwMjdhZjg1OTFmAAAAAAAAAAAAAAA "HTTP/1.1 200 OK"
INFO:httpx:HTTP Request: GET https://graph.microsoft.com/v1.0/groups?$select=id%2cdisplayName%2cgroupTypes%2csecurityEnabled%2cmailEnabled%2cmembershipRule%2ccreatedDateTime&$top=999&$skiptoken=RFNwdAIAACpHcm91cF9kN2Q0MTgzNC00Y2E0LTQwOWEtYjU4ZC1jZWM2YzZhZTA3MGQqR3JvdXBfZDdkNDE4MzQtNGNhNC00MDlhLWI1OGQtY2VjNmM2YWUwNzBkACpHcm91cF9lNGM4MWQ5Ni1jZDZiLTRhY2ItOTVlMS1kYzQ0YmVlNzRjZTUqR3JvdXBfZTRjODFkOTYtY2Q2Yi00YWNiLTk1ZTEtZGM0NGJlZTc0Y2U1AAAAAAAAAAAAAAA "HTTP/1.1 200 OK"
INFO:httpx:HTTP Request: GET https://graph.microsoft.com/v1.0/groups?$select=id%2cdisplayName%2cgroupTypes%2csecurityEnabled%2cmailEnabled%2cmembershipRule%2ccreatedDateTime&$top=999&$skiptoken=RFNwdAIAACpHcm91cF9lNGNhNDlkNi1hODBiLTQxNjYtYTA3Ny1mZDU4NDZhMTIwYTIqR3JvdXBfZTRjYTQ5ZDYtYTgwYi00MTY2LWEwNzctZmQ1ODQ2YTEyMGEyACpHcm91cF9mMjRjMGY3Ni03NDYwLTQ1M2UtYWNjNy04NmIyMmFmOGUwMDUqR3JvdXBfZjI0YzBmNzYtNzQ2MC00NTNlLWFjYzctODZiMjJhZjhlMDA1AAAAAAAAAAAAAAA "HTTP/1.1 200 OK"
INFO:httpx:HTTP Request: GET https://graph.microsoft.com/v1.0/groups?$select=id%2cdisplayName%2cgroupTypes%2csecurityEnabled%2cmailEnabled%2cmembershipRule%2ccreatedDateTime&$top=999&$skiptoken=RFNwdAIAACpHcm91cF9mMjU3NmY4My1kZjI3LTQ1NzAtYTY1OS1kM2M3Yzk2ZmRlNTkqR3JvdXBfZjI1NzZmODMtZGYyNy00NTcwLWE2NTktZDNjN2M5NmZkZTU5ACpHcm91cF9mZjlhOTQxOC1iOGM5LTQ1MjQtOWNiMC05NmJmMzYxMWEwNTcqR3JvdXBfZmY5YTk0MTgtYjhjOS00NTI0LTljYjAtOTZiZjM2MTFhMDU3AAAAAAAAAAAAAAA "HTTP/1.1 200 OK"
INFO:httpx:HTTP Request: GET https://graph.microsoft.com/v1.0/applications?%24select=id%2CdisplayName%2CappId%2CcreatedDateTime%2CpasswordCredentials%2CkeyCredentials%2CsignInAudience&%24top=999 "HTTP/1.1 200 OK"
INFO:httpx:HTTP Request: GET https://graph.microsoft.com/v1.0/reports/getMailboxUsageDetail(period='D30') "HTTP/1.1 302 Found"
INFO:httpx:HTTP Request: GET https://reportsncu.office.com/data/v1.0/download?token=eyJhbGciOiJSUzI1NiIsImtpZCI6IkY5QjU0NEU5N0Y1OERGOUM2RUNBQTVERTYyOEQ5RDgwNEE1M0YzRUEiLCJ0eXAiOiJKV1QifQ.eyJ0aWQiOiJjMGQ5YTE1OS0xOGFiLTRjMzEtYTVhNS1mNGQwYjgwNWRlN2QiLCJlbnQiOiJnZXRNYWlsYm94VXNhZ2VEZXRhaWwiLCJhcHAiOiI4NmNkOWVjZi00YTE3LTQ1NGYtYjY5ZC04N2JjNDQ4NGUyZjEiLCJjaWQiOiJBMjU4QTZBQTRCQTc0RUExQjFDRjQwREM3OUNBREQyRSIsImd2ZXIiOiJWMSIsImFnZyI6Ik0zMCIsImRhdGUiOiIiLCJ0dmVyIjoiVjEuMCIsInJlcSI6InJlcG9ydHNuY3Uub2ZmaWNlLmNvbSIsInBvciI6IjQ0MyIsIm5iZiI6MTc3ODYwMjA4MywiZXhwIjoxNzc4NjAyMjAzLCJpYXQiOjE3Nzg2MDIwODMsImlzcyI6IjUwN2JjOWRhLWM0ZTItNDBjYi05NmE3LWFjOTBkZjkyNjg1YyIsImF1ZCI6InJlcG9ydHNuY3Uub2ZmaWNlLmNvbSJ9.PKqc5Y0vFoS-6_sV1NZu7Im4YTXhz5ALXQtdNl-MGNvB5LCNjUKob7E96C2gbKlmkLUxpEsh4dXVJTFgzL28vYQFkNXBUQV1T43aa4p65_A60g8AD18V50ALut7zCb1J_20mt6Pm5-JagAulIjSKvYa1ma9e749mDMhzQyc-DCDcABfyqrbDMyHvmcjTIJGHE66bNsRMIPvColj2yuGeAlYk08Vti592nvktZqvdNjbvz8yr6fTmThFarSyfTZxyBjsOwMQWIk9MbnQJVX_46Agr33zubGQFSUhIH3dKaiVSpOFQPD_ew1VpZkRJ6mlXubQnyn3Z9JDnOFdBA3Byaw "HTTP/1.1 200 OK"
INFO:httpx:HTTP Request: GET https://graph.microsoft.com/v1.0/identityProtection/riskyUsers?%24filter=riskState+ne+%27dismissed%27+and+riskState+ne+%27remediated%27&%24top=50 "HTTP/1.1 200 OK"
INFO:httpx:HTTP Request: GET https://graph.microsoft.com/v1.0/identityProtection/riskyUsers?$filter=riskState+ne+%27dismissed%27+and+riskState+ne+%27remediated%27&$top=50&$skiptoken=f38623b6a27023cfdfcd37acd1fdcc17eb2a74af6c58fcc7bb1a066d1be92b93_50 "HTTP/1.1 200 OK"
INFO:httpx:HTTP Request: GET https://graph.microsoft.com/v1.0/identityProtection/riskyUsers?$filter=riskState+ne+%27dismissed%27+and+riskState+ne+%27remediated%27&$top=50&$skiptoken=6137727bef640ff1e27ca0542e2704c45133bb9ab8df8d68ab4a2cdf6fd87fa7_100 "HTTP/1.1 200 OK"
INFO:httpx:HTTP Request: GET https://graph.microsoft.com/v1.0/identityProtection/riskyUsers?$filter=riskState+ne+%27dismissed%27+and+riskState+ne+%27remediated%27&$top=50&$skiptoken=f6834ceaa8e7baa243a6d44969f9805f4b49596ba82e6e73d8ffaf3b530ea2aa_150 "HTTP/1.1 200 OK"
INFO:httpx:HTTP Request: GET https://graph.microsoft.com/v1.0/identityProtection/riskyUsers?$filter=riskState+ne+%27dismissed%27+and+riskState+ne+%27remediated%27&$top=50&$skiptoken=a2be8d614ae97152132c9278aef5c48aa6a97a21800ff11c82e2dc86cbeaa7f3_200 "HTTP/1.1 200 OK"
INFO:httpx:HTTP Request: GET https://graph.microsoft.com/v1.0/identityProtection/riskyUsers?$filter=riskState+ne+%27dismissed%27+and+riskState+ne+%27remediated%27&$top=50&$skiptoken=45c12f3139ec3de80aa4d00b07eec26d620a9e8b9a8ebcec82723fde05f227ef_250 "HTTP/1.1 200 OK"
INFO:httpx:HTTP Request: GET https://graph.microsoft.com/v1.0/identityProtection/riskyUsers?$filter=riskState+ne+%27dismissed%27+and+riskState+ne+%27remediated%27&$top=50&$skiptoken=ceb80fceed721448bb58ab6fa889d94f1e9a9482a372a7539d2b152e21e7d366_300 "HTTP/1.1 200 OK"
INFO:httpx:HTTP Request: GET https://graph.microsoft.com/v1.0/identityProtection/riskyUsers?$filter=riskState+ne+%27dismissed%27+and+riskState+ne+%27remediated%27&$top=50&$skiptoken=45716480b8864a27b9fa459957513bd47942abb343e15d0aa83a518805e08496_350 "HTTP/1.1 200 OK"
INFO:httpx:HTTP Request: GET https://graph.microsoft.com/v1.0/identityProtection/riskyUsers?$filter=riskState+ne+%27dismissed%27+and+riskState+ne+%27remediated%27&$top=50&$skiptoken=0d5d45bf756d05ccd6d144202344a53c5bf1e9839b8cf47e97c67d2fbf8c6287_400 "HTTP/1.1 200 OK"
INFO:httpx:HTTP Request: GET https://graph.microsoft.com/v1.0/identityProtection/riskyUsers?$filter=riskState+ne+%27dismissed%27+and+riskState+ne+%27remediated%27&$top=50&$skiptoken=a3d6ada2ad8a8d670d75e5520c3d3887064bc0391d484fbc962920535de8269d_450 "HTTP/1.1 200 OK"
INFO:httpx:HTTP Request: GET https://graph.microsoft.com/v1.0/identityProtection/riskyUsers?$filter=riskState+ne+%27dismissed%27+and+riskState+ne+%27remediated%27&$top=50&$skiptoken=f23abe2431fa771fd3a0c207c861ec578f384174d38ec1487578300db014c2cd_500 "HTTP/1.1 200 OK"
INFO:httpx:HTTP Request: GET https://graph.microsoft.com/v1.0/identityProtection/riskyUsers?$filter=riskState+ne+%27dismissed%27+and+riskState+ne+%27remediated%27&$top=50&$skiptoken=d04a3430e0b0ef32dd6fdcab0874146bfddea7c36ffcc38186564f6e1d509928_550 "HTTP/1.1 200 OK"
INFO:httpx:HTTP Request: GET https://graph.microsoft.com/v1.0/identity/conditionalAccess/policies "HTTP/1.1 200 OK"
INFO:routers.entra:Entra refresh complete: {'licenses': 38, 'users': 12604, 'groups': 19015, 'apps': 356, 'mailbox': 5041, 'risky': 584, 'ca_policies': 25}
INFO:routers.scheduler:Scheduler: Entra refresh complete: {'licenses': 38, 'users': 12604, 'groups': 19015, 'apps': 356, 'mailbox': 5041, 'risky': 584, 'ca_policies': 25}
INFO:apscheduler.executors.default:Job "job_entra_refresh (trigger: interval[1:00:00], next run at: 2026-05-12 12:05:32 CDT)" executed successfully
INFO:     127.0.0.1:59279 - "GET /infraportal/api/scheduler-status HTTP/1.1" 200 OK
INFO:     127.0.0.1:53562 - "GET /infraportal/api/scheduler-status HTTP/1.1" 200 OK
INFO:     127.0.0.1:51344 - "GET /infraportal/api/scheduler-status HTTP/1.1" 200 OK
INFO:     127.0.0.1:54579 - "GET /infraportal/api/scheduler-status HTTP/1.1" 200 OK
INFO:     127.0.0.1:50981 - "GET /infraportal/api/scheduler-status HTTP/1.1" 200 OK
INFO:apscheduler.executors.default:Running job "job_opmanager_alerts (trigger: interval[0:05:00], next run at: 2026-05-12 11:15:32 CDT)" (scheduled at 2026-05-12 11:10:32.869815-05:00)
INFO:routers.scheduler:Scheduler: Refreshing OpManager alerts...
INFO:routers.scheduler:Scheduler: OpManager alerts updated. Count: 8807
INFO:routers.jira:Jira bulk prefetch: fetched 100 tickets so far
INFO:routers.jira:Jira bulk prefetch: fetched 200 tickets so far
INFO:routers.jira:Jira bulk prefetch: fetched 300 tickets so far
INFO:routers.jira:Jira bulk prefetch: fetched 400 tickets so far
INFO:routers.jira:Jira bulk prefetch: fetched 500 tickets so far
INFO:routers.jira:Jira bulk prefetch: fetched 600 tickets so far
INFO:routers.jira:Jira bulk prefetch: fetched 700 tickets so far
INFO:routers.jira:Jira bulk prefetch: fetched 800 tickets so far
INFO:routers.jira:Jira bulk prefetch: fetched 900 tickets so far
INFO:routers.jira:Jira bulk prefetch: fetched 1000 tickets so far
INFO:routers.jira:Jira bulk prefetch: fetched 1100 tickets so far
INFO:routers.jira:Jira bulk prefetch: fetched 1200 tickets so far
INFO:routers.jira:Jira bulk prefetch: fetched 1300 tickets so far
INFO:routers.jira:Jira bulk prefetch: fetched 1394 tickets so far
INFO:routers.jira:Jira bulk prefetch: 1394 tickets indexed, 2230 words
INFO:routers.scheduler:Scheduler: Jira prefetch complete. 1394 ticket(s) fetched. 14/479 device(s) have open tickets.
INFO:apscheduler.executors.default:Job "job_opmanager_alerts (trigger: interval[0:05:00], next run at: 2026-05-12 11:15:32 CDT)" executed successfully
INFO:     127.0.0.1:63101 - "GET /infraportal/api/scheduler-status HTTP/1.1" 200 OK
INFO:     127.0.0.1:62069 - "GET /infraportal/api/scheduler-status HTTP/1.1" 200 OK
INFO:     127.0.0.1:52132 - "GET /infraportal/api/scheduler-status HTTP/1.1" 200 OK
INFO:     127.0.0.1:57670 - "GET /infraportal/api/scheduler-status HTTP/1.1" 200 OK
INFO:     127.0.0.1:54071 - "GET /infraportal/api/scheduler-status HTTP/1.1" 200 OK
INFO:     127.0.0.1:53339 - "GET /infraportal/api/scheduler-status HTTP/1.1" 200 OK
INFO:     127.0.0.1:63506 - "GET /infraportal/api/scheduler-status HTTP/1.1" 200 OK
INFO:     127.0.0.1:58683 - "GET /infraportal/api/scheduler-status HTTP/1.1" 200 OK
INFO:     127.0.0.1:55074 - "GET /infraportal/api/scheduler-status HTTP/1.1" 200 OK
INFO:     127.0.0.1:62274 - "GET /infraportal/api/scheduler-status HTTP/1.1" 200 OK
INFO:apscheduler.executors.default:Running job "job_opmanager_alerts (trigger: interval[0:05:00], next run at: 2026-05-12 11:20:32 CDT)" (scheduled at 2026-05-12 11:15:32.869815-05:00)
INFO:routers.scheduler:Scheduler: Refreshing OpManager alerts...
INFO:routers.scheduler:Scheduler: OpManager alerts updated. Count: 8807
INFO:routers.jira:Jira bulk prefetch: fetched 100 tickets so far
INFO:routers.jira:Jira bulk prefetch: fetched 200 tickets so far
INFO:routers.jira:Jira bulk prefetch: fetched 300 tickets so far
INFO:routers.jira:Jira bulk prefetch: fetched 400 tickets so far
INFO:routers.jira:Jira bulk prefetch: fetched 500 tickets so far
INFO:routers.jira:Jira bulk prefetch: fetched 600 tickets so far
INFO:routers.jira:Jira bulk prefetch: fetched 700 tickets so far
INFO:routers.jira:Jira bulk prefetch: fetched 800 tickets so far
INFO:routers.jira:Jira bulk prefetch: fetched 900 tickets so far
INFO:routers.jira:Jira bulk prefetch: fetched 1000 tickets so far
INFO:routers.jira:Jira bulk prefetch: fetched 1100 tickets so far
INFO:routers.jira:Jira bulk prefetch: fetched 1200 tickets so far
INFO:routers.jira:Jira bulk prefetch: fetched 1300 tickets so far
INFO:routers.jira:Jira bulk prefetch: fetched 1394 tickets so far
INFO:routers.jira:Jira bulk prefetch: 1394 tickets indexed, 2230 words
INFO:routers.scheduler:Scheduler: Jira prefetch complete. 1394 ticket(s) fetched. 13/476 device(s) have open tickets.
INFO:apscheduler.executors.default:Job "job_opmanager_alerts (trigger: interval[0:05:00], next run at: 2026-05-12 11:20:32 CDT)" executed successfully
INFO:     127.0.0.1:63200 - "GET /infraportal/api/scheduler-status HTTP/1.1" 200 OK
INFO:     127.0.0.1:63172 - "GET /infraportal/api/scheduler-status HTTP/1.1" 200 OK
INFO:     127.0.0.1:50927 - "GET /infraportal/api/scheduler-status HTTP/1.1" 200 OK
INFO:     127.0.0.1:64299 - "GET /infraportal/api/scheduler-status HTTP/1.1" 200 OK
INFO:     127.0.0.1:59562 - "GET /infraportal/api/scheduler-status HTTP/1.1" 200 OK
INFO:     127.0.0.1:57905 - "GET /infraportal/api/scheduler-status HTTP/1.1" 200 OK
INFO:     127.0.0.1:58403 - "GET /infraportal/api/scheduler-status HTTP/1.1" 200 OK
INFO:     127.0.0.1:63791 - "GET /infraportal/api/scheduler-status HTTP/1.1" 200 OK
INFO:     127.0.0.1:57058 - "GET /infraportal/api/scheduler-status HTTP/1.1" 200 OK
INFO:     127.0.0.1:53832 - "GET /infraportal/api/scheduler-status HTTP/1.1" 200 OK
INFO:apscheduler.executors.default:Running job "job_opmanager_alerts (trigger: interval[0:05:00], next run at: 2026-05-12 11:25:32 CDT)" (scheduled at 2026-05-12 11:20:32.869815-05:00)
INFO:routers.scheduler:Scheduler: Refreshing OpManager alerts...
INFO:apscheduler.executors.default:Running job "job_findings (trigger: interval[0:15:00], next run at: 2026-05-12 11:35:32 CDT)" (scheduled at 2026-05-12 11:20:32.870725-05:00)
INFO:apscheduler.executors.default:Running job "job_citrix_power_unknown_check (trigger: interval[0:15:00], next run at: 2026-05-12 11:35:32 CDT)" (scheduled at 2026-05-12 11:20:32.870365-05:00)
INFO:apscheduler.executors.default:Running job "job_opmanager_devices (trigger: interval[0:15:00], next run at: 2026-05-12 11:35:32 CDT)" (scheduled at 2026-05-12 11:20:32.869862-05:00)
INFO:apscheduler.executors.default:Running job "job_meraki_refresh (trigger: interval[0:15:00], next run at: 2026-05-12 11:35:32 CDT)" (scheduled at 2026-05-12 11:20:32.870540-05:00)
INFO:routers.scheduler:Scheduler: Refreshing Meraki data...
INFO:routers.meraki:Meraki refresh: starting...
INFO:routers.scheduler:Scheduler: Checking Citrix machine power states for unknowns...
INFO:routers.scheduler:Scheduler: Power check complete. New unknowns: 0, Recovered: 0, Notified teams: none
INFO:apscheduler.executors.default:Job "job_citrix_power_unknown_check (trigger: interval[0:15:00], next run at: 2026-05-12 11:35:32 CDT)" executed successfully
INFO:routers.scheduler:Scheduler: Refreshing OpManager devices...
INFO:routers.findings:findings: refreshed — 36 total
INFO:routers.scheduler:Scheduler: findings refreshed — 36 findings
INFO:apscheduler.executors.default:Job "job_findings (trigger: interval[0:15:00], next run at: 2026-05-12 11:35:32 CDT)" executed successfully
INFO:routers.meraki:Meraki: fetched 11 networks across 2 orgs.
INFO:routers.meraki:Meraki: fetched 215 devices.
INFO:routers.meraki:Meraki: fetched uplinks for 19 appliances.
INFO:routers.scheduler:Scheduler: OpManager alerts updated. Count: 8809
INFO:routers.scheduler:Scheduler: OpManager devices updated.
INFO:apscheduler.executors.default:Job "job_opmanager_devices (trigger: interval[0:15:00], next run at: 2026-05-12 11:35:32 CDT)" executed successfully
INFO:routers.jira:Jira bulk prefetch: fetched 100 tickets so far
INFO:routers.jira:Jira bulk prefetch: fetched 200 tickets so far
INFO:routers.meraki:Meraki: fetched 1690 clients.
INFO:routers.meraki:Meraki refresh complete. 11 networks, 215 devices, 19 uplink appliances, 1690 recent clients.
INFO:apscheduler.executors.default:Job "job_meraki_refresh (trigger: interval[0:15:00], next run at: 2026-05-12 11:35:32 CDT)" executed successfully
INFO:routers.jira:Jira bulk prefetch: fetched 300 tickets so far
INFO:routers.jira:Jira bulk prefetch: fetched 400 tickets so far
INFO:routers.jira:Jira bulk prefetch: fetched 500 tickets so far
INFO:routers.jira:Jira bulk prefetch: fetched 600 tickets so far
INFO:routers.jira:Jira bulk prefetch: fetched 700 tickets so far
INFO:routers.jira:Jira bulk prefetch: fetched 800 tickets so far
INFO:routers.jira:Jira bulk prefetch: fetched 900 tickets so far
INFO:routers.jira:Jira bulk prefetch: fetched 1000 tickets so far
INFO:routers.jira:Jira bulk prefetch: fetched 1100 tickets so far
INFO:routers.jira:Jira bulk prefetch: fetched 1200 tickets so far
INFO:routers.jira:Jira bulk prefetch: fetched 1300 tickets so far
INFO:routers.jira:Jira bulk prefetch: fetched 1393 tickets so far
INFO:routers.jira:Jira bulk prefetch: 1393 tickets indexed, 2229 words
INFO:routers.scheduler:Scheduler: Jira prefetch complete. 1393 ticket(s) fetched. 14/479 device(s) have open tickets.
INFO:apscheduler.executors.default:Job "job_opmanager_alerts (trigger: interval[0:05:00], next run at: 2026-05-12 11:25:32 CDT)" executed successfully
INFO:     127.0.0.1:64000 - "GET /infraportal/api/scheduler-status HTTP/1.1" 200 OK
INFO:     127.0.0.1:51367 - "GET /infraportal/api/scheduler-status HTTP/1.1" 200 OK
INFO:     127.0.0.1:65512 - "GET /infraportal/api/scheduler-status HTTP/1.1" 200 OK
INFO:     127.0.0.1:49699 - "GET /infraportal/api/scheduler-status HTTP/1.1" 200 OK
INFO:     127.0.0.1:55002 - "GET /infraportal/api/scheduler-status HTTP/1.1" 200 OK
INFO:     127.0.0.1:50382 - "GET /infraportal/api/scheduler-status HTTP/1.1" 200 OK
INFO:     127.0.0.1:64191 - "GET /infraportal/api/scheduler-status HTTP/1.1" 200 OK
INFO:     127.0.0.1:60582 - "GET /infraportal/api/scheduler-status HTTP/1.1" 200 OK
INFO:     127.0.0.1:57464 - "GET /infraportal/api/scheduler-status HTTP/1.1" 200 OK
INFO:     127.0.0.1:49673 - "GET /infraportal/api/scheduler-status HTTP/1.1" 200 OK
INFO:apscheduler.executors.default:Running job "job_opmanager_alerts (trigger: interval[0:05:00], next run at: 2026-05-12 11:30:32 CDT)" (scheduled at 2026-05-12 11:25:32.869815-05:00)
INFO:routers.scheduler:Scheduler: Refreshing OpManager alerts...
INFO:routers.scheduler:Scheduler: OpManager alerts updated. Count: 8810
INFO:routers.jira:Jira bulk prefetch: fetched 100 tickets so far
INFO:routers.jira:Jira bulk prefetch: fetched 200 tickets so far
INFO:routers.jira:Jira bulk prefetch: fetched 300 tickets so far
INFO:routers.jira:Jira bulk prefetch: fetched 400 tickets so far
INFO:routers.jira:Jira bulk prefetch: fetched 500 tickets so far
INFO:routers.jira:Jira bulk prefetch: fetched 600 tickets so far
INFO:routers.jira:Jira bulk prefetch: fetched 700 tickets so far
INFO:routers.jira:Jira bulk prefetch: fetched 800 tickets so far
INFO:routers.jira:Jira bulk prefetch: fetched 900 tickets so far
INFO:routers.jira:Jira bulk prefetch: fetched 1000 tickets so far
INFO:routers.jira:Jira bulk prefetch: fetched 1100 tickets so far
INFO:routers.jira:Jira bulk prefetch: fetched 1200 tickets so far
INFO:routers.jira:Jira bulk prefetch: fetched 1300 tickets so far
INFO:routers.jira:Jira bulk prefetch: fetched 1390 tickets so far
INFO:routers.jira:Jira bulk prefetch: 1390 tickets indexed, 2227 words
INFO:routers.scheduler:Scheduler: Jira prefetch complete. 1390 ticket(s) fetched. 15/485 device(s) have open tickets.
INFO:apscheduler.executors.default:Job "job_opmanager_alerts (trigger: interval[0:05:00], next run at: 2026-05-12 11:30:32 CDT)" executed successfully
INFO:     127.0.0.1:61742 - "GET /infraportal/api/scheduler-status HTTP/1.1" 200 OK
INFO:     127.0.0.1:55330 - "GET /infraportal/api/scheduler-status HTTP/1.1" 200 OK
INFO:     127.0.0.1:64486 - "GET /infraportal/api/scheduler-status HTTP/1.1" 200 OK
INFO:     127.0.0.1:55815 - "GET /infraportal/api/scheduler-status HTTP/1.1" 200 OK
INFO:     127.0.0.1:63453 - "GET /infraportal/api/scheduler-status HTTP/1.1" 200 OK
INFO:     127.0.0.1:60871 - "GET /infraportal/api/scheduler-status HTTP/1.1" 200 OK
INFO:     127.0.0.1:52250 - "GET /infraportal/api/scheduler-status HTTP/1.1" 200 OK
INFO:     127.0.0.1:62781 - "GET /infraportal/api/scheduler-status HTTP/1.1" 200 OK
INFO:     127.0.0.1:65326 - "GET /infraportal/api/scheduler-status HTTP/1.1" 200 OK
INFO:     127.0.0.1:51148 - "GET /infraportal/api/scheduler-status HTTP/1.1" 200 OK
INFO:apscheduler.executors.default:Running job "job_opmanager_alerts (trigger: interval[0:05:00], next run at: 2026-05-12 11:35:32 CDT)" (scheduled at 2026-05-12 11:30:32.869815-05:00)
INFO:routers.scheduler:Scheduler: Refreshing OpManager alerts...
INFO:routers.scheduler:Scheduler: OpManager alerts updated. Count: 8815
INFO:routers.jira:Jira bulk prefetch: fetched 100 tickets so far
INFO:routers.jira:Jira bulk prefetch: fetched 200 tickets so far
INFO:routers.jira:Jira bulk prefetch: fetched 300 tickets so far
INFO:routers.jira:Jira bulk prefetch: fetched 400 tickets so far
INFO:routers.jira:Jira bulk prefetch: fetched 500 tickets so far
INFO:routers.jira:Jira bulk prefetch: fetched 600 tickets so far
INFO:routers.jira:Jira bulk prefetch: fetched 700 tickets so far
INFO:routers.jira:Jira bulk prefetch: fetched 800 tickets so far
INFO:routers.jira:Jira bulk prefetch: fetched 900 tickets so far
INFO:routers.jira:Jira bulk prefetch: fetched 1000 tickets so far
INFO:routers.jira:Jira bulk prefetch: fetched 1100 tickets so far
INFO:routers.jira:Jira bulk prefetch: fetched 1200 tickets so far
INFO:routers.jira:Jira bulk prefetch: fetched 1300 tickets so far
INFO:routers.jira:Jira bulk prefetch: fetched 1392 tickets so far
INFO:routers.jira:Jira bulk prefetch: 1392 tickets indexed, 2229 words
INFO:routers.scheduler:Scheduler: Jira prefetch complete. 1392 ticket(s) fetched. 16/489 device(s) have open tickets.
INFO:apscheduler.executors.default:Job "job_opmanager_alerts (trigger: interval[0:05:00], next run at: 2026-05-12 11:35:32 CDT)" executed successfully
INFO:     127.0.0.1:61561 - "GET /infraportal/api/scheduler-status HTTP/1.1" 200 OK
INFO:     127.0.0.1:51481 - "GET /infraportal/api/scheduler-status HTTP/1.1" 200 OK
INFO:     127.0.0.1:58361 - "GET /infraportal/api/scheduler-status HTTP/1.1" 200 OK
INFO:     127.0.0.1:62615 - "GET /infraportal/api/scheduler-status HTTP/1.1" 200 OK
INFO:     127.0.0.1:59992 - "GET /infraportal/api/scheduler-status HTTP/1.1" 200 OK
INFO:     127.0.0.1:59342 - "GET /infraportal/api/scheduler-status HTTP/1.1" 200 OK
INFO:     127.0.0.1:61287 - "GET /infraportal/api/scheduler-status HTTP/1.1" 200 OK
INFO:     127.0.0.1:52864 - "GET /infraportal/api/scheduler-status HTTP/1.1" 200 OK
INFO:     127.0.0.1:57256 - "GET /infraportal/api/scheduler-status HTTP/1.1" 200 OK
INFO:     127.0.0.1:55859 - "GET /infraportal/api/scheduler-status HTTP/1.1" 200 OK
INFO:apscheduler.executors.default:Running job "job_basic_vms (trigger: interval[0:30:00], next run at: 2026-05-12 12:05:32 CDT)" (scheduled at 2026-05-12 11:35:32.869376-05:00)
INFO:routers.scheduler:Scheduler: Refreshing basic VM list...
INFO:apscheduler.executors.default:Running job "job_basic_hosts (trigger: interval[0:30:00], next run at: 2026-05-12 12:05:32 CDT)" (scheduled at 2026-05-12 11:35:32.869525-05:00)
INFO:routers.scheduler:Scheduler: Refreshing basic host list...
INFO:apscheduler.executors.default:Running job "job_jira_prefetch (trigger: interval[0:30:00], next run at: 2026-05-12 12:05:32 CDT)" (scheduled at 2026-05-12 11:35:32.869906-05:00)
INFO:apscheduler.executors.default:Running job "job_meraki_refresh (trigger: interval[0:15:00], next run at: 2026-05-12 11:50:32 CDT)" (scheduled at 2026-05-12 11:35:32.870540-05:00)
INFO:apscheduler.executors.default:Running job "job_findings (trigger: interval[0:15:00], next run at: 2026-05-12 11:50:32 CDT)" (scheduled at 2026-05-12 11:35:32.870725-05:00)
INFO:apscheduler.executors.default:Running job "job_opmanager_devices (trigger: interval[0:15:00], next run at: 2026-05-12 11:50:32 CDT)" (scheduled at 2026-05-12 11:35:32.869862-05:00)
INFO:apscheduler.executors.default:Running job "job_citrix_power_unknown_check (trigger: interval[0:15:00], next run at: 2026-05-12 11:50:32 CDT)" (scheduled at 2026-05-12 11:35:32.870365-05:00)
INFO:apscheduler.executors.default:Running job "job_opmanager_alerts (trigger: interval[0:05:00], next run at: 2026-05-12 11:40:32 CDT)" (scheduled at 2026-05-12 11:35:32.869815-05:00)
INFO:routers.scheduler:Scheduler: Refreshing Meraki data...
INFO:routers.meraki:Meraki refresh: starting...
INFO:routers.scheduler:Scheduler: Refreshing OpManager devices...
INFO:routers.scheduler:Scheduler: Checking Citrix machine power states for unknowns...
INFO:routers.scheduler:Scheduler: Power check complete. New unknowns: 0, Recovered: 0, Notified teams: none
INFO:apscheduler.executors.default:Job "job_citrix_power_unknown_check (trigger: interval[0:15:00], next run at: 2026-05-12 11:50:32 CDT)" executed successfully
INFO:routers.scheduler:Scheduler: Refreshing OpManager alerts...
INFO:routers.findings:findings: refreshed — 36 total
INFO:routers.scheduler:Scheduler: findings refreshed — 36 findings
INFO:apscheduler.executors.default:Job "job_findings (trigger: interval[0:15:00], next run at: 2026-05-12 11:50:32 CDT)" executed successfully
INFO:routers.jira:Jira bulk prefetch: fetched 100 tickets so far
INFO:routers.meraki:Meraki: fetched 11 networks across 2 orgs.
INFO:routers.jira:Jira bulk prefetch: fetched 200 tickets so far
INFO:routers.jira:Jira bulk prefetch: fetched 300 tickets so far
INFO:routers.jira:Jira bulk prefetch: fetched 400 tickets so far
INFO:routers.jira:Jira bulk prefetch: fetched 500 tickets so far
INFO:routers.meraki:Meraki: fetched 215 devices.
INFO:routers.jira:Jira bulk prefetch: fetched 600 tickets so far
INFO:routers.jira:Jira bulk prefetch: fetched 700 tickets so far
INFO:routers.meraki:Meraki: fetched uplinks for 19 appliances.
INFO:routers.jira:Jira bulk prefetch: fetched 800 tickets so far
INFO:routers.jira:Jira bulk prefetch: fetched 900 tickets so far
INFO:routers.jira:Jira bulk prefetch: fetched 1000 tickets so far
INFO:routers.jira:Jira bulk prefetch: fetched 1100 tickets so far
INFO:routers.jira:Jira bulk prefetch: fetched 1200 tickets so far
INFO:routers.jira:Jira bulk prefetch: fetched 1300 tickets so far
INFO:routers.jira:Jira bulk prefetch: fetched 1391 tickets so far
INFO:routers.jira:Jira bulk prefetch: 1391 tickets indexed, 2229 words
INFO:routers.scheduler:Scheduler: Jira prefetch complete. 1391 ticket(s) fetched. 17/492 device(s) have open tickets.
INFO:apscheduler.executors.default:Job "job_jira_prefetch (trigger: interval[0:30:00], next run at: 2026-05-12 12:05:32 CDT)" executed successfully
INFO:routers.meraki:Meraki: fetched 1680 clients.
INFO:routers.meraki:Meraki refresh complete. 11 networks, 215 devices, 19 uplink appliances, 1680 recent clients.
INFO:apscheduler.executors.default:Job "job_meraki_refresh (trigger: interval[0:15:00], next run at: 2026-05-12 11:50:32 CDT)" executed successfully
INFO:routers.scheduler:Scheduler: OpManager alerts updated. Count: 8815
INFO:routers.scheduler:Scheduler: Basic VM list updated.
INFO:apscheduler.executors.default:Job "job_basic_vms (trigger: interval[0:30:00], next run at: 2026-05-12 12:05:32 CDT)" executed successfully
INFO:routers.scheduler:Scheduler: Basic host list updated.
INFO:apscheduler.executors.default:Job "job_basic_hosts (trigger: interval[0:30:00], next run at: 2026-05-12 12:05:32 CDT)" executed successfully
INFO:routers.scheduler:Scheduler: OpManager devices updated.
INFO:apscheduler.executors.default:Job "job_opmanager_devices (trigger: interval[0:15:00], next run at: 2026-05-12 11:50:32 CDT)" executed successfully
INFO:routers.jira:Jira bulk prefetch: fetched 100 tickets so far
INFO:routers.jira:Jira bulk prefetch: fetched 200 tickets so far
INFO:routers.jira:Jira bulk prefetch: fetched 300 tickets so far
INFO:routers.jira:Jira bulk prefetch: fetched 400 tickets so far
INFO:routers.jira:Jira bulk prefetch: fetched 500 tickets so far
INFO:routers.jira:Jira bulk prefetch: fetched 600 tickets so far
INFO:routers.jira:Jira bulk prefetch: fetched 700 tickets so far
INFO:routers.jira:Jira bulk prefetch: fetched 800 tickets so far
INFO:routers.jira:Jira bulk prefetch: fetched 900 tickets so far
INFO:routers.jira:Jira bulk prefetch: fetched 1000 tickets so far
INFO:routers.jira:Jira bulk prefetch: fetched 1100 tickets so far
INFO:routers.jira:Jira bulk prefetch: fetched 1200 tickets so far
INFO:routers.jira:Jira bulk prefetch: fetched 1300 tickets so far
INFO:routers.jira:Jira bulk prefetch: fetched 1391 tickets so far
INFO:routers.jira:Jira bulk prefetch: 1391 tickets indexed, 2229 words
INFO:routers.scheduler:Scheduler: Jira prefetch complete. 1391 ticket(s) fetched. 17/492 device(s) have open tickets.
INFO:apscheduler.executors.default:Job "job_opmanager_alerts (trigger: interval[0:05:00], next run at: 2026-05-12 11:40:32 CDT)" executed successfully
INFO:     127.0.0.1:53841 - "GET /infraportal/api/scheduler-status HTTP/1.1" 200 OK
INFO:     127.0.0.1:56196 - "GET /infraportal/api/scheduler-status HTTP/1.1" 200 OK
INFO:     127.0.0.1:56359 - "GET /infraportal/api/scheduler-status HTTP/1.1" 200 OK
INFO:     127.0.0.1:65351 - "GET /infraportal/api/scheduler-status HTTP/1.1" 200 OK
INFO:     127.0.0.1:52224 - "GET /infraportal/api/scheduler-status HTTP/1.1" 200 OK
INFO:     127.0.0.1:59257 - "GET /infraportal/api/scheduler-status HTTP/1.1" 200 OK
INFO:     127.0.0.1:56144 - "GET /infraportal/api/scheduler-status HTTP/1.1" 200 OK
INFO:     127.0.0.1:65138 - "GET /infraportal/api/scheduler-status HTTP/1.1" 200 OK
INFO:     127.0.0.1:56464 - "GET /infraportal/api/scheduler-status HTTP/1.1" 200 OK
INFO:     127.0.0.1:65106 - "GET /infraportal/api/scheduler-status HTTP/1.1" 200 OK
INFO:apscheduler.executors.default:Running job "job_opmanager_alerts (trigger: interval[0:05:00], next run at: 2026-05-12 11:45:32 CDT)" (scheduled at 2026-05-12 11:40:32.869815-05:00)
INFO:routers.scheduler:Scheduler: Refreshing OpManager alerts...
INFO:routers.scheduler:Scheduler: OpManager alerts updated. Count: 8815
INFO:routers.jira:Jira bulk prefetch: fetched 100 tickets so far
INFO:routers.jira:Jira bulk prefetch: fetched 200 tickets so far
INFO:routers.jira:Jira bulk prefetch: fetched 300 tickets so far
INFO:routers.jira:Jira bulk prefetch: fetched 400 tickets so far
INFO:routers.jira:Jira bulk prefetch: fetched 500 tickets so far
INFO:routers.jira:Jira bulk prefetch: fetched 600 tickets so far
INFO:routers.jira:Jira bulk prefetch: fetched 700 tickets so far
INFO:routers.jira:Jira bulk prefetch: fetched 800 tickets so far
INFO:routers.jira:Jira bulk prefetch: fetched 900 tickets so far
INFO:routers.jira:Jira bulk prefetch: fetched 1000 tickets so far
INFO:routers.jira:Jira bulk prefetch: fetched 1100 tickets so far
INFO:routers.jira:Jira bulk prefetch: fetched 1200 tickets so far
INFO:routers.jira:Jira bulk prefetch: fetched 1300 tickets so far
INFO:     127.0.0.1:56171 - "GET /infraportal/api/scheduler-status HTTP/1.1" 200 OK
INFO:routers.jira:Jira bulk prefetch: fetched 1391 tickets so far
INFO:routers.jira:Jira bulk prefetch: 1391 tickets indexed, 2229 words
INFO:routers.scheduler:Scheduler: Jira prefetch complete. 1391 ticket(s) fetched. 18/497 device(s) have open tickets.
INFO:apscheduler.executors.default:Job "job_opmanager_alerts (trigger: interval[0:05:00], next run at: 2026-05-12 11:45:32 CDT)" executed successfully
INFO:     127.0.0.1:61903 - "GET /infraportal/api/scheduler-status HTTP/1.1" 200 OK
INFO:     127.0.0.1:51204 - "GET /infraportal/api/scheduler-status HTTP/1.1" 200 OK
INFO:     127.0.0.1:63581 - "GET /infraportal/api/scheduler-status HTTP/1.1" 200 OK
INFO:     127.0.0.1:52195 - "GET /infraportal/api/scheduler-status HTTP/1.1" 200 OK
INFO:     127.0.0.1:54372 - "GET /infraportal/api/scheduler-status HTTP/1.1" 200 OK
INFO:     127.0.0.1:56490 - "GET /infraportal/api/scheduler-status HTTP/1.1" 200 OK
INFO:     127.0.0.1:63657 - "GET /infraportal/api/scheduler-status HTTP/1.1" 200 OK
INFO:     127.0.0.1:62904 - "GET /infraportal/api/scheduler-status HTTP/1.1" 200 OK
INFO:     127.0.0.1:59000 - "GET /infraportal/api/scheduler-status HTTP/1.1" 200 OK
INFO:apscheduler.executors.default:Running job "job_opmanager_alerts (trigger: interval[0:05:00], next run at: 2026-05-12 11:50:32 CDT)" (scheduled at 2026-05-12 11:45:32.869815-05:00)
INFO:routers.scheduler:Scheduler: Refreshing OpManager alerts...
INFO:routers.scheduler:Scheduler: OpManager alerts updated. Count: 8815
INFO:routers.jira:Jira bulk prefetch: fetched 100 tickets so far
INFO:routers.jira:Jira bulk prefetch: fetched 200 tickets so far
INFO:routers.jira:Jira bulk prefetch: fetched 300 tickets so far
INFO:routers.jira:Jira bulk prefetch: fetched 400 tickets so far
INFO:routers.jira:Jira bulk prefetch: fetched 500 tickets so far
INFO:routers.jira:Jira bulk prefetch: fetched 600 tickets so far
INFO:routers.jira:Jira bulk prefetch: fetched 700 tickets so far
INFO:routers.jira:Jira bulk prefetch: fetched 800 tickets so far
INFO:routers.jira:Jira bulk prefetch: fetched 900 tickets so far
INFO:routers.jira:Jira bulk prefetch: fetched 1000 tickets so far
INFO:routers.jira:Jira bulk prefetch: fetched 1100 tickets so far
INFO:routers.jira:Jira bulk prefetch: fetched 1200 tickets so far
INFO:routers.jira:Jira bulk prefetch: fetched 1300 tickets so far
INFO:routers.jira:Jira bulk prefetch: fetched 1393 tickets so far
INFO:routers.jira:Jira bulk prefetch: 1393 tickets indexed, 2231 words
INFO:routers.scheduler:Scheduler: Jira prefetch complete. 1393 ticket(s) fetched. 18/497 device(s) have open tickets.
INFO:apscheduler.executors.default:Job "job_opmanager_alerts (trigger: interval[0:05:00], next run at: 2026-05-12 11:50:32 CDT)" executed successfully
INFO:     127.0.0.1:50280 - "GET /infraportal/api/scheduler-status HTTP/1.1" 200 OK
INFO:     127.0.0.1:52209 - "GET /infraportal/api/scheduler-status HTTP/1.1" 200 OK
INFO:     127.0.0.1:58813 - "GET /infraportal/api/scheduler-status HTTP/1.1" 200 OK
INFO:     127.0.0.1:49674 - "GET /infraportal/api/scheduler-status HTTP/1.1" 200 OK
INFO:     127.0.0.1:63974 - "GET /infraportal/api/scheduler-status HTTP/1.1" 200 OK
INFO:     127.0.0.1:64709 - "GET /infraportal/api/scheduler-status HTTP/1.1" 200 OK
INFO:     127.0.0.1:51591 - "GET /infraportal/api/scheduler-status HTTP/1.1" 200 OK
INFO:     127.0.0.1:62549 - "GET /infraportal/api/scheduler-status HTTP/1.1" 200 OK
INFO:     127.0.0.1:57727 - "GET /infraportal/api/scheduler-status HTTP/1.1" 200 OK
INFO:     127.0.0.1:64691 - "GET /infraportal/api/scheduler-status HTTP/1.1" 200 OK
INFO:apscheduler.executors.default:Running job "job_opmanager_alerts (trigger: interval[0:05:00], next run at: 2026-05-12 11:55:32 CDT)" (scheduled at 2026-05-12 11:50:32.869815-05:00)
INFO:routers.scheduler:Scheduler: Refreshing OpManager alerts...
INFO:apscheduler.executors.default:Running job "job_meraki_refresh (trigger: interval[0:15:00], next run at: 2026-05-12 12:05:32 CDT)" (scheduled at 2026-05-12 11:50:32.870540-05:00)
INFO:apscheduler.executors.default:Running job "job_findings (trigger: interval[0:15:00], next run at: 2026-05-12 12:05:32 CDT)" (scheduled at 2026-05-12 11:50:32.870725-05:00)
INFO:apscheduler.executors.default:Running job "job_opmanager_devices (trigger: interval[0:15:00], next run at: 2026-05-12 12:05:32 CDT)" (scheduled at 2026-05-12 11:50:32.869862-05:00)
INFO:apscheduler.executors.default:Running job "job_citrix_power_unknown_check (trigger: interval[0:15:00], next run at: 2026-05-12 12:05:32 CDT)" (scheduled at 2026-05-12 11:50:32.870365-05:00)
INFO:routers.scheduler:Scheduler: Refreshing Meraki data...
INFO:routers.meraki:Meraki refresh: starting...
INFO:routers.scheduler:Scheduler: Refreshing OpManager devices...
INFO:routers.scheduler:Scheduler: Checking Citrix machine power states for unknowns...
INFO:routers.scheduler:Scheduler: Power check complete. New unknowns: 0, Recovered: 0, Notified teams: none
INFO:apscheduler.executors.default:Job "job_citrix_power_unknown_check (trigger: interval[0:15:00], next run at: 2026-05-12 12:05:32 CDT)" executed successfully
INFO:routers.findings:findings: refreshed — 36 total
INFO:routers.scheduler:Scheduler: findings refreshed — 36 findings
INFO:apscheduler.executors.default:Job "job_findings (trigger: interval[0:15:00], next run at: 2026-05-12 12:05:32 CDT)" executed successfully
INFO:routers.meraki:Meraki: fetched 11 networks across 2 orgs.
INFO:routers.meraki:Meraki: fetched 215 devices.
INFO:routers.meraki:Meraki: fetched uplinks for 19 appliances.
INFO:routers.meraki:Meraki: fetched 1649 clients.
INFO:routers.meraki:Meraki refresh complete. 11 networks, 215 devices, 19 uplink appliances, 1649 recent clients.
INFO:apscheduler.executors.default:Job "job_meraki_refresh (trigger: interval[0:15:00], next run at: 2026-05-12 12:05:32 CDT)" executed successfully
INFO:routers.scheduler:Scheduler: OpManager alerts updated. Count: 8815
INFO:routers.scheduler:Scheduler: OpManager devices updated.
INFO:apscheduler.executors.default:Job "job_opmanager_devices (trigger: interval[0:15:00], next run at: 2026-05-12 12:05:32 CDT)" executed successfully
INFO:routers.jira:Jira bulk prefetch: fetched 100 tickets so far
INFO:routers.jira:Jira bulk prefetch: fetched 200 tickets so far
INFO:routers.jira:Jira bulk prefetch: fetched 300 tickets so far
INFO:routers.jira:Jira bulk prefetch: fetched 400 tickets so far
INFO:routers.jira:Jira bulk prefetch: fetched 500 tickets so far
INFO:routers.jira:Jira bulk prefetch: fetched 600 tickets so far
INFO:routers.jira:Jira bulk prefetch: fetched 700 tickets so far
INFO:routers.jira:Jira bulk prefetch: fetched 800 tickets so far
INFO:routers.jira:Jira bulk prefetch: fetched 900 tickets so far
INFO:routers.jira:Jira bulk prefetch: fetched 1000 tickets so far
INFO:routers.jira:Jira bulk prefetch: fetched 1100 tickets so far
INFO:routers.jira:Jira bulk prefetch: fetched 1200 tickets so far
INFO:routers.jira:Jira bulk prefetch: fetched 1300 tickets so far
INFO:routers.jira:Jira bulk prefetch: fetched 1394 tickets so far
INFO:routers.jira:Jira bulk prefetch: 1394 tickets indexed, 2232 words
INFO:routers.scheduler:Scheduler: Jira prefetch complete. 1394 ticket(s) fetched. 17/496 device(s) have open tickets.
INFO:apscheduler.executors.default:Job "job_opmanager_alerts (trigger: interval[0:05:00], next run at: 2026-05-12 11:55:32 CDT)" executed successfully
INFO:     127.0.0.1:60628 - "GET /infraportal/api/scheduler-status HTTP/1.1" 200 OK
INFO:     127.0.0.1:64072 - "GET /infraportal/api/scheduler-status HTTP/1.1" 200 OK
INFO:     127.0.0.1:60620 - "GET /infraportal/api/scheduler-status HTTP/1.1" 200 OK
INFO:     127.0.0.1:64436 - "GET /infraportal/api/scheduler-status HTTP/1.1" 200 OK
INFO:     127.0.0.1:63281 - "GET /infraportal/api/scheduler-status HTTP/1.1" 200 OK
INFO:     127.0.0.1:57633 - "GET /infraportal/api/scheduler-status HTTP/1.1" 200 OK
INFO:     127.0.0.1:65466 - "GET /infraportal/api/scheduler-status HTTP/1.1" 200 OK
INFO:     127.0.0.1:58357 - "GET /infraportal/api/scheduler-status HTTP/1.1" 200 OK
INFO:     127.0.0.1:49809 - "GET /infraportal/api/scheduler-status HTTP/1.1" 200 OK
INFO:     127.0.0.1:56154 - "GET /infraportal/api/scheduler-status HTTP/1.1" 200 OK
INFO:apscheduler.executors.default:Running job "job_opmanager_alerts (trigger: interval[0:05:00], next run at: 2026-05-12 12:00:32 CDT)" (scheduled at 2026-05-12 11:55:32.869815-05:00)
INFO:routers.scheduler:Scheduler: Refreshing OpManager alerts...
INFO:routers.scheduler:Scheduler: OpManager alerts updated. Count: 8815
INFO:routers.jira:Jira bulk prefetch: fetched 100 tickets so far
INFO:routers.jira:Jira bulk prefetch: fetched 200 tickets so far
INFO:routers.jira:Jira bulk prefetch: fetched 300 tickets so far
INFO:routers.jira:Jira bulk prefetch: fetched 400 tickets so far
INFO:routers.jira:Jira bulk prefetch: fetched 500 tickets so far
INFO:routers.jira:Jira bulk prefetch: fetched 600 tickets so far
INFO:routers.jira:Jira bulk prefetch: fetched 700 tickets so far
INFO:routers.jira:Jira bulk prefetch: fetched 800 tickets so far
INFO:routers.jira:Jira bulk prefetch: fetched 900 tickets so far
INFO:routers.jira:Jira bulk prefetch: fetched 1000 tickets so far
INFO:routers.jira:Jira bulk prefetch: fetched 1100 tickets so far
INFO:routers.jira:Jira bulk prefetch: fetched 1200 tickets so far
INFO:routers.jira:Jira bulk prefetch: fetched 1300 tickets so far
INFO:routers.jira:Jira bulk prefetch: fetched 1396 tickets so far
INFO:routers.jira:Jira bulk prefetch: 1396 tickets indexed, 2232 words
INFO:routers.scheduler:Scheduler: Jira prefetch complete. 1396 ticket(s) fetched. 16/489 device(s) have open tickets.
INFO:apscheduler.executors.default:Job "job_opmanager_alerts (trigger: interval[0:05:00], next run at: 2026-05-12 12:00:32 CDT)" executed successfully
INFO:     127.0.0.1:58322 - "GET /infraportal/api/scheduler-status HTTP/1.1" 200 OK
INFO:     127.0.0.1:51582 - "GET /infraportal/api/scheduler-status HTTP/1.1" 200 OK
INFO:     127.0.0.1:49984 - "GET /infraportal/api/scheduler-status HTTP/1.1" 200 OK
INFO:     127.0.0.1:64741 - "GET /infraportal/api/scheduler-status HTTP/1.1" 200 OK
INFO:     127.0.0.1:51340 - "GET /infraportal/api/scheduler-status HTTP/1.1" 200 OK
INFO:     127.0.0.1:51356 - "GET /infraportal/api/scheduler-status HTTP/1.1" 200 OK
INFO:     127.0.0.1:63099 - "GET /infraportal/api/scheduler-status HTTP/1.1" 200 OK
INFO:     127.0.0.1:55249 - "GET /infraportal/api/scheduler-status HTTP/1.1" 200 OK
INFO:     127.0.0.1:49323 - "GET /infraportal/api/scheduler-status HTTP/1.1" 200 OK
INFO:     127.0.0.1:49331 - "GET /infraportal/api/scheduler-status HTTP/1.1" 200 OK
INFO:apscheduler.executors.default:Running job "job_opmanager_alerts (trigger: interval[0:05:00], next run at: 2026-05-12 12:05:32 CDT)" (scheduled at 2026-05-12 12:00:32.869815-05:00)
INFO:routers.scheduler:Scheduler: Refreshing OpManager alerts...
INFO:routers.scheduler:Scheduler: OpManager alerts updated. Count: 8815
INFO:routers.jira:Jira bulk prefetch: fetched 100 tickets so far
INFO:routers.jira:Jira bulk prefetch: fetched 200 tickets so far
INFO:routers.jira:Jira bulk prefetch: fetched 300 tickets so far
INFO:routers.jira:Jira bulk prefetch: fetched 400 tickets so far
INFO:routers.jira:Jira bulk prefetch: fetched 500 tickets so far
INFO:routers.jira:Jira bulk prefetch: fetched 600 tickets so far
INFO:routers.jira:Jira bulk prefetch: fetched 700 tickets so far
INFO:routers.jira:Jira bulk prefetch: fetched 800 tickets so far
INFO:routers.jira:Jira bulk prefetch: fetched 900 tickets so far
INFO:routers.jira:Jira bulk prefetch: fetched 1000 tickets so far
INFO:routers.jira:Jira bulk prefetch: fetched 1100 tickets so far
INFO:routers.jira:Jira bulk prefetch: fetched 1200 tickets so far
INFO:routers.jira:Jira bulk prefetch: fetched 1300 tickets so far
INFO:routers.jira:Jira bulk prefetch: fetched 1397 tickets so far
INFO:routers.jira:Jira bulk prefetch: 1397 tickets indexed, 2232 words
INFO:routers.scheduler:Scheduler: Jira prefetch complete. 1397 ticket(s) fetched. 16/486 device(s) have open tickets.
INFO:apscheduler.executors.default:Job "job_opmanager_alerts (trigger: interval[0:05:00], next run at: 2026-05-12 12:05:32 CDT)" executed successfully
INFO:     127.0.0.1:65084 - "GET /infraportal/api/scheduler-status HTTP/1.1" 200 OK
INFO:     127.0.0.1:60237 - "GET /infraportal/api/scheduler-status HTTP/1.1" 200 OK
INFO:     127.0.0.1:56331 - "GET /infraportal/api/scheduler-status HTTP/1.1" 200 OK
INFO:     127.0.0.1:52841 - "GET /infraportal/api/scheduler-status HTTP/1.1" 200 OK
INFO:     127.0.0.1:54558 - "GET /infraportal/api/scheduler-status HTTP/1.1" 200 OK
INFO:     127.0.0.1:63977 - "GET /infraportal/api/scheduler-status HTTP/1.1" 200 OK
INFO:     127.0.0.1:65298 - "GET /infraportal/api/scheduler-status HTTP/1.1" 200 OK
INFO:     127.0.0.1:51292 - "GET /infraportal/api/scheduler-status HTTP/1.1" 200 OK
INFO:     127.0.0.1:65009 - "GET /infraportal/api/scheduler-status HTTP/1.1" 200 OK
INFO:     127.0.0.1:63312 - "GET /infraportal/api/scheduler-status HTTP/1.1" 200 OK
INFO:apscheduler.executors.default:Running job "job_basic_vms (trigger: interval[0:30:00], next run at: 2026-05-12 12:35:32 CDT)" (scheduled at 2026-05-12 12:05:32.869376-05:00)
INFO:routers.scheduler:Scheduler: Refreshing basic VM list...
INFO:apscheduler.executors.default:Running job "job_detailed_vms (trigger: interval[2:00:00], next run at: 2026-05-12 14:05:32 CDT)" (scheduled at 2026-05-12 12:05:32.869601-05:00)
INFO:routers.scheduler:Scheduler: Refreshing detailed VM data...
INFO:apscheduler.executors.default:Running job "job_untagged_vms (trigger: interval[4:00:00], next run at: 2026-05-12 16:05:32 CDT)" (scheduled at 2026-05-12 12:05:32.869721-05:00)
INFO:apscheduler.executors.default:Running job "job_detailed_hosts (trigger: interval[2:00:00], next run at: 2026-05-12 14:05:32 CDT)" (scheduled at 2026-05-12 12:05:32.869771-05:00)
INFO:apscheduler.executors.default:Running job "job_opmanager_alerts (trigger: interval[0:05:00], next run at: 2026-05-12 12:10:32 CDT)" (scheduled at 2026-05-12 12:05:32.869815-05:00)
INFO:apscheduler.executors.default:Running job "job_opmanager_devices (trigger: interval[0:15:00], next run at: 2026-05-12 12:20:32 CDT)" (scheduled at 2026-05-12 12:05:32.869862-05:00)
INFO:apscheduler.executors.default:Running job "job_jira_prefetch (trigger: interval[0:30:00], next run at: 2026-05-12 12:35:32 CDT)" (scheduled at 2026-05-12 12:05:32.869906-05:00)
INFO:apscheduler.executors.default:Running job "job_ad_summary (trigger: interval[4:00:00], next run at: 2026-05-12 16:05:32 CDT)" (scheduled at 2026-05-12 12:05:32.869982-05:00)
INFO:apscheduler.executors.default:Running job "job_basic_hosts (trigger: interval[0:30:00], next run at: 2026-05-12 12:35:32 CDT)" (scheduled at 2026-05-12 12:05:32.869525-05:00)
INFO:apscheduler.executors.default:Running job "job_disk_snapshots (trigger: interval[2:00:00], next run at: 2026-05-12 14:05:32 CDT)" (scheduled at 2026-05-12 12:05:32.869659-05:00)
INFO:routers.scheduler:Scheduler: Refreshing untagged VM check...
INFO:routers.scheduler:Scheduler: Refreshing detailed host data...
INFO:routers.scheduler:Scheduler: Refreshing OpManager alerts...
INFO:routers.scheduler:Scheduler: Refreshing OpManager devices...
INFO:routers.scheduler:Scheduler: Refreshing AD summary...
INFO:routers.scheduler:Scheduler: Refreshing basic host list...
INFO:routers.scheduler:Scheduler: Refreshing disk snapshots...
INFO:routers.jira:Jira bulk prefetch: fetched 100 tickets so far
INFO:routers.jira:Jira bulk prefetch: fetched 200 tickets so far
INFO:routers.jira:Jira bulk prefetch: fetched 300 tickets so far
INFO:routers.jira:Jira bulk prefetch: fetched 400 tickets so far
INFO:routers.jira:Jira bulk prefetch: fetched 500 tickets so far
INFO:routers.jira:Jira bulk prefetch: fetched 600 tickets so far
INFO:routers.jira:Jira bulk prefetch: fetched 700 tickets so far
INFO:routers.jira:Jira bulk prefetch: fetched 800 tickets so far
INFO:routers.jira:Jira bulk prefetch: fetched 900 tickets so far
INFO:routers.jira:Jira bulk prefetch: fetched 1000 tickets so far
INFO:routers.jira:Jira bulk prefetch: fetched 1100 tickets so far
INFO:routers.jira:Jira bulk prefetch: fetched 1200 tickets so far
INFO:routers.jira:Jira bulk prefetch: fetched 1300 tickets so far
INFO:routers.jira:Jira bulk prefetch: fetched 1396 tickets so far
INFO:routers.jira:Jira bulk prefetch: 1396 tickets indexed, 2230 words
INFO:routers.scheduler:Scheduler: Jira prefetch complete. 1396 ticket(s) fetched. 16/482 device(s) have open tickets.
INFO:apscheduler.executors.default:Job "job_jira_prefetch (trigger: interval[0:30:00], next run at: 2026-05-12 12:35:32 CDT)" executed successfully
WARNING:apscheduler.executors.default:Run time of job "job_cert_summary (trigger: interval[4:00:00], next run at: 2026-05-12 16:05:32 CDT)" was missed by 0:00:07.898848
WARNING:apscheduler.executors.default:Run time of job "job_cert_expiring (trigger: interval[4:00:00], next run at: 2026-05-12 16:05:32 CDT)" was missed by 0:00:07.899048
WARNING:apscheduler.executors.default:Run time of job "job_cert_dc_certs (trigger: interval[4:00:00], next run at: 2026-05-12 16:05:32 CDT)" was missed by 0:00:07.899156
WARNING:apscheduler.executors.default:Run time of job "job_citrix_summary (trigger: interval[1:00:00], next run at: 2026-05-12 13:05:32 CDT)" was missed by 0:00:07.899203
WARNING:apscheduler.executors.default:Run time of job "job_citrix_power_unknown_check (trigger: interval[0:15:00], next run at: 2026-05-12 12:20:32 CDT)" was missed by 0:00:07.899227
WARNING:apscheduler.executors.default:Run time of job "job_meraki_refresh (trigger: interval[0:15:00], next run at: 2026-05-12 12:20:32 CDT)" was missed by 0:00:07.899145
WARNING:apscheduler.executors.default:Run time of job "job_findings (trigger: interval[0:15:00], next run at: 2026-05-12 12:20:32 CDT)" was missed by 0:00:07.899087
WARNING:apscheduler.executors.default:Run time of job "job_entra_refresh (trigger: interval[1:00:00], next run at: 2026-05-12 13:05:32 CDT)" was missed by 0:00:07.899192
INFO:routers.scheduler:Scheduler: OpManager alerts updated. Count: 8815
INFO:routers.scheduler:Scheduler: AD summary updated.
INFO:apscheduler.executors.default:Job "job_ad_summary (trigger: interval[4:00:00], next run at: 2026-05-12 16:05:32 CDT)" executed successfully
INFO:routers.scheduler:Scheduler: Basic VM list updated.
INFO:apscheduler.executors.default:Job "job_basic_vms (trigger: interval[0:30:00], next run at: 2026-05-12 12:35:32 CDT)" executed successfully
INFO:routers.scheduler:Scheduler: OpManager devices updated.
INFO:apscheduler.executors.default:Job "job_opmanager_devices (trigger: interval[0:15:00], next run at: 2026-05-12 12:20:32 CDT)" executed successfully
INFO:routers.scheduler:Scheduler: Basic host list updated.
INFO:apscheduler.executors.default:Job "job_basic_hosts (trigger: interval[0:30:00], next run at: 2026-05-12 12:35:32 CDT)" executed successfully
INFO:routers.jira:Jira bulk prefetch: fetched 100 tickets so far
INFO:routers.jira:Jira bulk prefetch: fetched 200 tickets so far
INFO:routers.jira:Jira bulk prefetch: fetched 300 tickets so far
INFO:routers.jira:Jira bulk prefetch: fetched 400 tickets so far
INFO:routers.jira:Jira bulk prefetch: fetched 500 tickets so far
INFO:routers.jira:Jira bulk prefetch: fetched 600 tickets so far
INFO:     127.0.0.1:65212 - "GET /infraportal/api/scheduler-status HTTP/1.1" 200 OK
INFO:routers.jira:Jira bulk prefetch: fetched 700 tickets so far
INFO:routers.jira:Jira bulk prefetch: fetched 800 tickets so far
INFO:routers.jira:Jira bulk prefetch: fetched 900 tickets so far
INFO:routers.jira:Jira bulk prefetch: fetched 1000 tickets so far
INFO:routers.jira:Jira bulk prefetch: fetched 1100 tickets so far
INFO:routers.jira:Jira bulk prefetch: fetched 1200 tickets so far
INFO:routers.jira:Jira bulk prefetch: fetched 1300 tickets so far
INFO:routers.jira:Jira bulk prefetch: fetched 1396 tickets so far
INFO:routers.jira:Jira bulk prefetch: 1396 tickets indexed, 2230 words
INFO:routers.scheduler:Scheduler: Jira prefetch complete. 1396 ticket(s) fetched. 16/482 device(s) have open tickets.
INFO:apscheduler.executors.default:Job "job_opmanager_alerts (trigger: interval[0:05:00], next run at: 2026-05-12 12:10:32 CDT)" executed successfully
INFO:     127.0.0.1:55574 - "GET /infraportal/api/scheduler-status HTTP/1.1" 200 OK
INFO:     127.0.0.1:64189 - "GET /infraportal/api/scheduler-status HTTP/1.1" 200 OK
INFO:     127.0.0.1:64590 - "GET /infraportal/api/scheduler-status HTTP/1.1" 200 OK
INFO:     127.0.0.1:57194 - "GET /infraportal/api/scheduler-status HTTP/1.1" 200 OK
INFO:     127.0.0.1:57668 - "GET /infraportal/api/scheduler-status HTTP/1.1" 200 OK
INFO:     127.0.0.1:56725 - "GET /infraportal/api/scheduler-status HTTP/1.1" 200 OK
INFO:     127.0.0.1:54082 - "GET /infraportal/api/scheduler-status HTTP/1.1" 200 OK
INFO:     127.0.0.1:52011 - "GET /infraportal/api/scheduler-status HTTP/1.1" 200 OK
INFO:routers.scheduler:Scheduler: Detailed host data updated.
INFO:apscheduler.executors.default:Job "job_detailed_hosts (trigger: interval[2:00:00], next run at: 2026-05-12 14:05:32 CDT)" executed successfully
INFO:     127.0.0.1:63668 - "GET /infraportal/api/scheduler-status HTTP/1.1" 200 OK
INFO:apscheduler.executors.default:Running job "job_opmanager_alerts (trigger: interval[0:05:00], next run at: 2026-05-12 12:15:32 CDT)" (scheduled at 2026-05-12 12:10:32.869815-05:00)
INFO:routers.scheduler:Scheduler: Refreshing OpManager alerts...
INFO:routers.scheduler:Scheduler: OpManager alerts updated. Count: 8815
INFO:routers.jira:Jira bulk prefetch: fetched 100 tickets so far
INFO:routers.jira:Jira bulk prefetch: fetched 200 tickets so far
INFO:routers.jira:Jira bulk prefetch: fetched 300 tickets so far
INFO:routers.jira:Jira bulk prefetch: fetched 400 tickets so far
INFO:routers.jira:Jira bulk prefetch: fetched 500 tickets so far
INFO:routers.jira:Jira bulk prefetch: fetched 600 tickets so far
INFO:routers.jira:Jira bulk prefetch: fetched 700 tickets so far
INFO:routers.jira:Jira bulk prefetch: fetched 800 tickets so far
INFO:routers.jira:Jira bulk prefetch: fetched 900 tickets so far
INFO:routers.jira:Jira bulk prefetch: fetched 1000 tickets so far
INFO:routers.jira:Jira bulk prefetch: fetched 1100 tickets so far
INFO:routers.jira:Jira bulk prefetch: fetched 1200 tickets so far
INFO:routers.jira:Jira bulk prefetch: fetched 1300 tickets so far
INFO:routers.jira:Jira bulk prefetch: fetched 1396 tickets so far
INFO:routers.jira:Jira bulk prefetch: 1396 tickets indexed, 2230 words
INFO:routers.scheduler:Scheduler: Jira prefetch complete. 1396 ticket(s) fetched. 17/484 device(s) have open tickets.
INFO:apscheduler.executors.default:Job "job_opmanager_alerts (trigger: interval[0:05:00], next run at: 2026-05-12 12:15:32 CDT)" executed successfully
INFO:     127.0.0.1:58417 - "GET /infraportal/api/scheduler-status HTTP/1.1" 200 OK
INFO:     127.0.0.1:63191 - "GET /infraportal/api/scheduler-status HTTP/1.1" 200 OK
INFO:routers.scheduler:Scheduler: Untagged VM check updated.
INFO:apscheduler.executors.default:Job "job_untagged_vms (trigger: interval[4:00:00], next run at: 2026-05-12 16:05:32 CDT)" executed successfully
INFO:     127.0.0.1:50825 - "GET /infraportal/api/scheduler-status HTTP/1.1" 200 OK
INFO:     127.0.0.1:59618 - "GET /infraportal/api/scheduler-status HTTP/1.1" 200 OK
INFO:     127.0.0.1:57653 - "GET /infraportal/api/scheduler-status HTTP/1.1" 200 OK
INFO:routers.scheduler:Scheduler: Disk snapshots updated.
INFO:apscheduler.executors.default:Job "job_disk_snapshots (trigger: interval[2:00:00], next run at: 2026-05-12 14:05:32 CDT)" executed successfully
INFO:     127.0.0.1:57190 - "GET /infraportal/api/scheduler-status HTTP/1.1" 200 OK
INFO:     127.0.0.1:51199 - "GET /infraportal/api/scheduler-status HTTP/1.1" 200 OK
INFO:     127.0.0.1:53611 - "GET /infraportal/api/scheduler-status HTTP/1.1" 200 OK
INFO:     127.0.0.1:53867 - "GET /infraportal/api/scheduler-status HTTP/1.1" 200 OK
INFO:     127.0.0.1:50671 - "GET /infraportal/api/scheduler-status HTTP/1.1" 200 OK
INFO:apscheduler.executors.default:Running job "job_opmanager_alerts (trigger: interval[0:05:00], next run at: 2026-05-12 12:20:32 CDT)" (scheduled at 2026-05-12 12:15:32.869815-05:00)
INFO:routers.scheduler:Scheduler: Refreshing OpManager alerts...
INFO:routers.scheduler:Scheduler: OpManager alerts updated. Count: 8815
INFO:routers.jira:Jira bulk prefetch: fetched 100 tickets so far
INFO:routers.jira:Jira bulk prefetch: fetched 200 tickets so far
INFO:routers.jira:Jira bulk prefetch: fetched 300 tickets so far
INFO:routers.jira:Jira bulk prefetch: fetched 400 tickets so far
INFO:routers.jira:Jira bulk prefetch: fetched 500 tickets so far
INFO:routers.jira:Jira bulk prefetch: fetched 600 tickets so far
INFO:routers.jira:Jira bulk prefetch: fetched 700 tickets so far
INFO:routers.jira:Jira bulk prefetch: fetched 800 tickets so far
INFO:routers.jira:Jira bulk prefetch: fetched 900 tickets so far
INFO:routers.jira:Jira bulk prefetch: fetched 1000 tickets so far
INFO:routers.jira:Jira bulk prefetch: fetched 1100 tickets so far
INFO:routers.jira:Jira bulk prefetch: fetched 1200 tickets so far
INFO:routers.jira:Jira bulk prefetch: fetched 1300 tickets so far
INFO:routers.jira:Jira bulk prefetch: fetched 1397 tickets so far
INFO:routers.jira:Jira bulk prefetch: 1397 tickets indexed, 2233 words
INFO:routers.scheduler:Scheduler: Jira prefetch complete. 1397 ticket(s) fetched. 17/483 device(s) have open tickets.
INFO:apscheduler.executors.default:Job "job_opmanager_alerts (trigger: interval[0:05:00], next run at: 2026-05-12 12:20:32 CDT)" executed successfully
INFO:     127.0.0.1:61046 - "GET /infraportal/api/scheduler-status HTTP/1.1" 200 OK
INFO:     127.0.0.1:55497 - "GET /infraportal/api/scheduler-status HTTP/1.1" 200 OK
INFO:     127.0.0.1:64088 - "GET /infraportal/api/scheduler-status HTTP/1.1" 200 OK
INFO:     127.0.0.1:50797 - "GET /infraportal/api/scheduler-status HTTP/1.1" 200 OK
INFO:     127.0.0.1:56249 - "GET /infraportal/api/scheduler-status HTTP/1.1" 200 OK
INFO:     127.0.0.1:56443 - "GET /infraportal/api/scheduler-status HTTP/1.1" 200 OK
INFO:     127.0.0.1:55695 - "GET /infraportal/api/scheduler-status HTTP/1.1" 200 OK
INFO:     127.0.0.1:51111 - "GET /infraportal/api/scheduler-status HTTP/1.1" 200 OK
INFO:     127.0.0.1:60929 - "GET /infraportal/api/scheduler-status HTTP/1.1" 200 OK
INFO:     127.0.0.1:51537 - "GET /infraportal/api/scheduler-status HTTP/1.1" 200 OK
INFO:apscheduler.executors.default:Running job "job_opmanager_alerts (trigger: interval[0:05:00], next run at: 2026-05-12 12:25:32 CDT)" (scheduled at 2026-05-12 12:20:32.869815-05:00)
INFO:routers.scheduler:Scheduler: Refreshing OpManager alerts...
INFO:apscheduler.executors.default:Running job "job_citrix_power_unknown_check (trigger: interval[0:15:00], next run at: 2026-05-12 12:35:32 CDT)" (scheduled at 2026-05-12 12:20:32.870365-05:00)
INFO:routers.scheduler:Scheduler: Checking Citrix machine power states for unknowns...
INFO:routers.scheduler:Scheduler: Power check complete. New unknowns: 0, Recovered: 0, Notified teams: none
INFO:apscheduler.executors.default:Running job "job_opmanager_devices (trigger: interval[0:15:00], next run at: 2026-05-12 12:35:32 CDT)" (scheduled at 2026-05-12 12:20:32.869862-05:00)
INFO:apscheduler.executors.default:Running job "job_meraki_refresh (trigger: interval[0:15:00], next run at: 2026-05-12 12:35:32 CDT)" (scheduled at 2026-05-12 12:20:32.870540-05:00)
INFO:apscheduler.executors.default:Running job "job_findings (trigger: interval[0:15:00], next run at: 2026-05-12 12:35:32 CDT)" (scheduled at 2026-05-12 12:20:32.870725-05:00)
INFO:apscheduler.executors.default:Job "job_citrix_power_unknown_check (trigger: interval[0:15:00], next run at: 2026-05-12 12:35:32 CDT)" executed successfully
INFO:routers.scheduler:Scheduler: Refreshing OpManager devices...
INFO:routers.scheduler:Scheduler: Refreshing Meraki data...
INFO:routers.meraki:Meraki refresh: starting...
INFO:routers.findings:findings: refreshed — 36 total
INFO:routers.scheduler:Scheduler: findings refreshed — 36 findings
INFO:apscheduler.executors.default:Job "job_findings (trigger: interval[0:15:00], next run at: 2026-05-12 12:35:32 CDT)" executed successfully
INFO:routers.meraki:Meraki: fetched 11 networks across 2 orgs.
INFO:routers.meraki:Meraki: fetched 215 devices.
INFO:routers.meraki:Meraki: fetched uplinks for 19 appliances.
INFO:routers.scheduler:Scheduler: OpManager alerts updated. Count: 8815
INFO:routers.scheduler:Scheduler: OpManager devices updated.
INFO:apscheduler.executors.default:Job "job_opmanager_devices (trigger: interval[0:15:00], next run at: 2026-05-12 12:35:32 CDT)" executed successfully
INFO:routers.meraki:Meraki: fetched 1446 clients.
INFO:routers.meraki:Meraki refresh complete. 11 networks, 215 devices, 19 uplink appliances, 1446 recent clients.
INFO:apscheduler.executors.default:Job "job_meraki_refresh (trigger: interval[0:15:00], next run at: 2026-05-12 12:35:32 CDT)" executed successfully
INFO:routers.jira:Jira bulk prefetch: fetched 100 tickets so far
INFO:routers.jira:Jira bulk prefetch: fetched 200 tickets so far
INFO:routers.jira:Jira bulk prefetch: fetched 300 tickets so far
INFO:routers.jira:Jira bulk prefetch: fetched 400 tickets so far
INFO:routers.jira:Jira bulk prefetch: fetched 500 tickets so far
INFO:routers.jira:Jira bulk prefetch: fetched 600 tickets so far
INFO:routers.jira:Jira bulk prefetch: fetched 700 tickets so far
INFO:routers.jira:Jira bulk prefetch: fetched 800 tickets so far
INFO:routers.jira:Jira bulk prefetch: fetched 900 tickets so far
INFO:routers.jira:Jira bulk prefetch: fetched 1000 tickets so far
INFO:routers.jira:Jira bulk prefetch: fetched 1100 tickets so far
INFO:routers.jira:Jira bulk prefetch: fetched 1200 tickets so far
INFO:routers.jira:Jira bulk prefetch: fetched 1300 tickets so far
INFO:routers.jira:Jira bulk prefetch: fetched 1397 tickets so far
INFO:routers.jira:Jira bulk prefetch: 1397 tickets indexed, 2233 words
INFO:routers.scheduler:Scheduler: Jira prefetch complete. 1397 ticket(s) fetched. 17/482 device(s) have open tickets.
INFO:apscheduler.executors.default:Job "job_opmanager_alerts (trigger: interval[0:05:00], next run at: 2026-05-12 12:25:32 CDT)" executed successfully
INFO:     127.0.0.1:57628 - "GET /infraportal/api/scheduler-status HTTP/1.1" 200 OK
WARNING:  StatReload detected changes in 'main.py'. Reloading...
 INFO:     127.0.0.1:56302 - "GET /infraportal/api/scheduler-status HTTP/1.1" 200 OK
INFO:     127.0.0.1:59031 - "GET /infraportal/api/scheduler-status HTTP/1.1" 200 OK
INFO:     127.0.0.1:53713 - "GET /infraportal/api/scheduler-status HTTP/1.1" 200 OK
INFO:     127.0.0.1:65003 - "GET /infraportal/api/scheduler-status HTTP/1.1" 200 OK
INFO:     127.0.0.1:61241 - "GET /infraportal/api/scheduler-status HTTP/1.1" 200 OK
INFO:     127.0.0.1:59883 - "GET /infraportal/api/scheduler-status HTTP/1.1" 200 OK
INFO:     127.0.0.1:59678 - "GET /infraportal/api/scheduler-status HTTP/1.1" 200 OK
INFO:     127.0.0.1:52878 - "GET /infraportal/api/scheduler-status HTTP/1.1" 200 OK
INFO:     127.0.0.1:63437 - "GET /infraportal/api/scheduler-status HTTP/1.1" 200 OK
INFO:apscheduler.executors.default:Running job "job_opmanager_alerts (trigger: interval[0:05:00], next run at: 2026-05-12 12:30:32 CDT)" (scheduled at 2026-05-12 12:25:32.869815-05:00)
INFO:routers.scheduler:Scheduler: Refreshing OpManager alerts...
INFO:routers.scheduler:Scheduler: OpManager alerts updated. Count: 8815
INFO:routers.jira:Jira bulk prefetch: fetched 100 tickets so far
INFO:routers.jira:Jira bulk prefetch: fetched 200 tickets so far
INFO:routers.jira:Jira bulk prefetch: fetched 300 tickets so far
INFO:routers.jira:Jira bulk prefetch: fetched 400 tickets so far
INFO:routers.jira:Jira bulk prefetch: fetched 500 tickets so far
INFO:routers.jira:Jira bulk prefetch: fetched 600 tickets so far
INFO:routers.jira:Jira bulk prefetch: fetched 700 tickets so far
INFO:routers.jira:Jira bulk prefetch: fetched 800 tickets so far
INFO:routers.jira:Jira bulk prefetch: fetched 900 tickets so far
INFO:routers.jira:Jira bulk prefetch: fetched 1000 tickets so far
INFO:routers.jira:Jira bulk prefetch: fetched 1100 tickets so far
INFO:routers.jira:Jira bulk prefetch: fetched 1200 tickets so far
INFO:routers.jira:Jira bulk prefetch: fetched 1300 tickets so far
INFO:routers.jira:Jira bulk prefetch: fetched 1397 tickets so far
INFO:routers.jira:Jira bulk prefetch: 1397 tickets indexed, 2232 words
INFO:routers.scheduler:Scheduler: Jira prefetch complete. 1397 ticket(s) fetched. 19/485 device(s) have open tickets.
INFO:apscheduler.executors.default:Job "job_opmanager_alerts (trigger: interval[0:05:00], next run at: 2026-05-12 12:30:32 CDT)" executed successfully
INFO:     127.0.0.1:54252 - "GET /infraportal/api/scheduler-status HTTP/1.1" 200 OK
INFO:     127.0.0.1:56245 - "GET /infraportal/api/scheduler-status HTTP/1.1" 200 OK
INFO:     127.0.0.1:59306 - "GET /infraportal/api/scheduler-status HTTP/1.1" 200 OK
INFO:     127.0.0.1:57461 - "GET /infraportal/api/scheduler-status HTTP/1.1" 200 OK
INFO:     127.0.0.1:50121 - "GET /infraportal/api/scheduler-status HTTP/1.1" 200 OK
INFO:     127.0.0.1:57602 - "GET /infraportal/api/scheduler-status HTTP/1.1" 200 OK
INFO:routers.scheduler:Scheduler: Detailed VM data updated.
INFO:apscheduler.executors.default:Job "job_detailed_vms (trigger: interval[2:00:00], next run at: 2026-05-12 14:05:32 CDT)" executed successfully
INFO:     127.0.0.1:51541 - "GET /infraportal/api/scheduler-status HTTP/1.1" 200 OK
INFO:     127.0.0.1:55402 - "GET /infraportal/api/scheduler-status HTTP/1.1" 200 OK
INFO:     127.0.0.1:52081 - "GET /infraportal/api/scheduler-status HTTP/1.1" 200 OK
INFO:     127.0.0.1:58273 - "GET /infraportal/api/scheduler-status HTTP/1.1" 200 OK
INFO:apscheduler.executors.default:Running job "job_opmanager_alerts (trigger: interval[0:05:00], next run at: 2026-05-12 12:35:32 CDT)" (scheduled at 2026-05-12 12:30:32.869815-05:00)
INFO:routers.scheduler:Scheduler: Refreshing OpManager alerts...
INFO:routers.scheduler:Scheduler: OpManager alerts updated. Count: 8816
INFO:routers.jira:Jira bulk prefetch: fetched 100 tickets so far
INFO:routers.jira:Jira bulk prefetch: fetched 200 tickets so far
INFO:routers.jira:Jira bulk prefetch: fetched 300 tickets so far
INFO:routers.jira:Jira bulk prefetch: fetched 400 tickets so far
INFO:routers.jira:Jira bulk prefetch: fetched 500 tickets so far
INFO:routers.jira:Jira bulk prefetch: fetched 600 tickets so far
INFO:routers.jira:Jira bulk prefetch: fetched 700 tickets so far
INFO:routers.jira:Jira bulk prefetch: fetched 800 tickets so far
INFO:routers.jira:Jira bulk prefetch: fetched 900 tickets so far
INFO:routers.jira:Jira bulk prefetch: fetched 1000 tickets so far
INFO:routers.jira:Jira bulk prefetch: fetched 1100 tickets so far
INFO:routers.jira:Jira bulk prefetch: fetched 1200 tickets so far
INFO:routers.jira:Jira bulk prefetch: fetched 1300 tickets so far
INFO:routers.jira:Jira bulk prefetch: fetched 1397 tickets so far
INFO:routers.jira:Jira bulk prefetch: 1397 tickets indexed, 2232 words
INFO:routers.scheduler:Scheduler: Jira prefetch complete. 1397 ticket(s) fetched. 19/483 device(s) have open tickets.
INFO:apscheduler.executors.default:Job "job_opmanager_alerts (trigger: interval[0:05:00], next run at: 2026-05-12 12:35:32 CDT)" executed successfully
INFO:     127.0.0.1:49380 - "GET /infraportal/api/scheduler-status HTTP/1.1" 200 OK
INFO:     127.0.0.1:49380 - "GET /infraportal/scheduler HTTP/1.1" 200 OK
INFO:     127.0.0.1:49380 - "GET /infraportal/jira-intelligence HTTP/1.1" 200 OK
INFO:     127.0.0.1:49380 - "GET /infraportal/api/jira-intelligence/status?days=14 HTTP/1.1" 200 OK
INFO:     127.0.0.1:49380 - "GET /infraportal/api/jira-intelligence/status?days=30 HTTP/1.1" 200 OK
INFO:     127.0.0.1:49380 - "GET /infraportal/api/soc/status HTTP/1.1" 404 Not Found
INFO:     127.0.0.1:50560 - "GET /infraportal/api/soc/preview?start=2026-01-01&end=2026-12-31&statuses=Validated%2CPending+Production+Validation%2CDone HTTP/1.1" 404 Not Found
INFO:     127.0.0.1:57405 - "GET /infraportal/jira-intelligence HTTP/1.1" 200 OK
INFO:     127.0.0.1:57405 - "GET /infraportal/api/jira-intelligence/status?days=14 HTTP/1.1" 200 OK
INFO:     127.0.0.1:54545 - "GET /infraportal/api/soc/status HTTP/1.1" 404 Not Found
INFO:     127.0.0.1:54545 - "GET /infraportal/api/soc/preview?start=2026-01-01&end=2026-12-31&statuses=Validated%2CPending+Production+Validation HTTP/1.1" 404 Not Found
INFO:     127.0.0.1:64393 - "GET /infraportal/api/jira-intelligence/status?days=30 HTTP/1.1" 200 OK
INFO:routers.jira_intelligence:Jira intelligence: fetching tickets from all three projects...
INFO:     127.0.0.1:64393 - "POST /infraportal/api/jira-intelligence/run HTTP/1.1" 200 OK
INFO:     127.0.0.1:64393 - "GET /infraportal/api/jira-intelligence/status?days=30 HTTP/1.1" 200 OK
INFO:     Shutting down
INFO:     Waiting for application shutdown.
INFO:     Application shutdown complete.
INFO:     Finished server process [23352]
INFO:routers.notifications:notifications: loaded 0 persisted alert states
INFO:apscheduler.scheduler:Adding job tentatively -- it will be properly scheduled when the scheduler starts
INFO:apscheduler.scheduler:Adding job tentatively -- it will be properly scheduled when the scheduler starts
INFO:apscheduler.scheduler:Adding job tentatively -- it will be properly scheduled when the scheduler starts
INFO:apscheduler.scheduler:Adding job tentatively -- it will be properly scheduled when the scheduler starts
INFO:apscheduler.scheduler:Adding job tentatively -- it will be properly scheduled when the scheduler starts
INFO:apscheduler.scheduler:Adding job tentatively -- it will be properly scheduled when the scheduler starts
INFO:apscheduler.scheduler:Adding job tentatively -- it will be properly scheduled when the scheduler starts
INFO:apscheduler.scheduler:Adding job tentatively -- it will be properly scheduled when the scheduler starts
INFO:apscheduler.scheduler:Adding job tentatively -- it will be properly scheduled when the scheduler starts
INFO:apscheduler.scheduler:Adding job tentatively -- it will be properly scheduled when the scheduler starts
INFO:apscheduler.scheduler:Adding job tentatively -- it will be properly scheduled when the scheduler starts
INFO:apscheduler.scheduler:Adding job tentatively -- it will be properly scheduled when the scheduler starts
INFO:apscheduler.scheduler:Adding job tentatively -- it will be properly scheduled when the scheduler starts
INFO:apscheduler.scheduler:Adding job tentatively -- it will be properly scheduled when the scheduler starts
INFO:apscheduler.scheduler:Adding job tentatively -- it will be properly scheduled when the scheduler starts
INFO:apscheduler.scheduler:Adding job tentatively -- it will be properly scheduled when the scheduler starts
INFO:apscheduler.scheduler:Adding job tentatively -- it will be properly scheduled when the scheduler starts
INFO:apscheduler.scheduler:Adding job tentatively -- it will be properly scheduled when the scheduler starts
INFO:apscheduler.scheduler:Adding job tentatively -- it will be properly scheduled when the scheduler starts
INFO:apscheduler.scheduler:Adding job tentatively -- it will be properly scheduled when the scheduler starts
INFO:apscheduler.scheduler:Adding job tentatively -- it will be properly scheduled when the scheduler starts
INFO:apscheduler.scheduler:Adding job tentatively -- it will be properly scheduled when the scheduler starts
INFO:apscheduler.scheduler:Adding job tentatively -- it will be properly scheduled when the scheduler starts
INFO:apscheduler.scheduler:Adding job tentatively -- it will be properly scheduled when the scheduler starts
INFO:apscheduler.scheduler:Adding job tentatively -- it will be properly scheduled when the scheduler starts
INFO:apscheduler.scheduler:Added job "job_basic_vms" to job store "default"
INFO:apscheduler.scheduler:Added job "job_basic_hosts" to job store "default"
INFO:apscheduler.scheduler:Added job "job_detailed_vms" to job store "default"
INFO:apscheduler.scheduler:Added job "job_disk_snapshots" to job store "default"
INFO:apscheduler.scheduler:Added job "job_untagged_vms" to job store "default"
INFO:apscheduler.scheduler:Added job "job_detailed_hosts" to job store "default"
INFO:apscheduler.scheduler:Added job "job_opmanager_alerts" to job store "default"
INFO:apscheduler.scheduler:Added job "job_opmanager_devices" to job store "default"
INFO:apscheduler.scheduler:Added job "job_jira_prefetch" to job store "default"
INFO:apscheduler.scheduler:Added job "job_ad_summary" to job store "default"
INFO:apscheduler.scheduler:Added job "job_ad_reports" to job store "default"
INFO:apscheduler.scheduler:Added job "job_ad_gpo_analysis" to job store "default"
INFO:apscheduler.scheduler:Added job "job_cert_summary" to job store "default"
INFO:apscheduler.scheduler:Added job "job_cert_expiring" to job store "default"
INFO:apscheduler.scheduler:Added job "job_cert_dc_certs" to job store "default"
INFO:apscheduler.scheduler:Added job "job_citrix_summary" to job store "default"
INFO:apscheduler.scheduler:Added job "job_citrix_power_unknown_check" to job store "default"
INFO:apscheduler.scheduler:Added job "job_lansweeper_summary" to job store "default"
INFO:apscheduler.scheduler:Added job "job_lansweeper_patch" to job store "default"
INFO:apscheduler.scheduler:Added job "job_lansweeper_assets" to job store "default"
INFO:apscheduler.scheduler:Added job "job_meraki_refresh" to job store "default"
INFO:apscheduler.scheduler:Added job "job_ai_analysis" to job store "default"
INFO:apscheduler.scheduler:Added job "job_jira_intelligence" to job store "default"
INFO:apscheduler.scheduler:Added job "job_findings" to job store "default"
INFO:apscheduler.scheduler:Added job "job_entra_refresh" to job store "default"
INFO:apscheduler.scheduler:Scheduler started
INFO:routers.scheduler:Scheduler started. All background jobs active.
INFO:apscheduler.executors.default:Running job "job_jira_prefetch (trigger: interval[0:30:00], next run at: 2026-05-12 12:33:31 CDT)" (scheduled at 2026-05-12 12:33:31.841610-05:00)
INFO:apscheduler.executors.default:Running job "job_citrix_summary (trigger: interval[1:00:00], next run at: 2026-05-12 12:33:31 CDT)" (scheduled at 2026-05-12 12:33:31.842091-05:00)
INFO:routers.scheduler:Scheduler: Refreshing Citrix summary...
INFO:apscheduler.executors.default:Running job "job_lansweeper_summary (trigger: interval[6:00:00], next run at: 2026-05-12 12:33:31 CDT)" (scheduled at 2026-05-12 12:33:31.842201-05:00)
INFO:routers.scheduler:Scheduler: Refreshing Lansweeper asset summary...
INFO:apscheduler.executors.default:Running job "job_lansweeper_patch (trigger: interval[6:00:00], next run at: 2026-05-12 18:33:31 CDT)" (scheduled at 2026-05-12 12:33:31.842258-05:00)
INFO:routers.scheduler:Scheduler: Refreshing Lansweeper patch status...
INFO:apscheduler.executors.default:Running job "job_lansweeper_assets (trigger: interval[6:00:00], next run at: 2026-05-12 18:33:31 CDT)" (scheduled at 2026-05-12 12:33:31.842315-05:00)
INFO:routers.scheduler:Scheduler: Refreshing Lansweeper asset list...
INFO:apscheduler.executors.default:Running job "job_meraki_refresh (trigger: interval[0:15:00], next run at: 2026-05-12 12:33:31 CDT)" (scheduled at 2026-05-12 12:33:31.842371-05:00)
INFO:routers.scheduler:Scheduler: Refreshing Meraki data...
INFO:routers.meraki:Meraki refresh: starting...
INFO:apscheduler.executors.default:Running job "job_findings (trigger: interval[0:15:00], next run at: 2026-05-12 12:33:31 CDT)" (scheduled at 2026-05-12 12:33:31.842649-05:00)
INFO:     Started server process [41872]
INFO:     Waiting for application startup.
INFO:     Application startup complete.
INFO:routers.findings:findings: refreshed — 33 total
INFO:routers.scheduler:Scheduler: findings refreshed — 33 findings
INFO:apscheduler.executors.default:Job "job_findings (trigger: interval[0:15:00], next run at: 2026-05-12 12:48:31 CDT)" executed successfully
INFO:routers.jira:Jira bulk prefetch: fetched 100 tickets so far
INFO:     127.0.0.1:49289 - "POST /infraportal/api/jira-intelligence/run HTTP/1.1" 200 OK
INFO:routers.jira:Jira bulk prefetch: fetched 200 tickets so far
INFO:routers.meraki:Meraki: fetched 11 networks across 2 orgs.
INFO:     127.0.0.1:49289 - "GET /infraportal/api/jira-intelligence/status?days=30 HTTP/1.1" 200 OK
INFO:routers.jira:Jira bulk prefetch: fetched 300 tickets so far
INFO:routers.jira:Jira bulk prefetch: fetched 400 tickets so far
INFO:routers.jira:Jira bulk prefetch: fetched 500 tickets so far
INFO:routers.meraki:Meraki: fetched 215 devices.
INFO:routers.jira:Jira bulk prefetch: fetched 600 tickets so far
INFO:     127.0.0.1:49289 - "POST /infraportal/api/jira-intelligence/run HTTP/1.1" 200 OK
INFO:routers.jira:Jira bulk prefetch: fetched 700 tickets so far
INFO:routers.meraki:Meraki: fetched uplinks for 19 appliances.
INFO:routers.jira:Jira bulk prefetch: fetched 800 tickets so far
INFO:     127.0.0.1:49289 - "GET /infraportal/api/jira-intelligence/status?days=30 HTTP/1.1" 200 OK
INFO:routers.jira:Jira bulk prefetch: fetched 900 tickets so far
INFO:routers.jira:Jira bulk prefetch: fetched 1000 tickets so far
INFO:routers.jira:Jira bulk prefetch: fetched 1100 tickets so far
INFO:routers.jira:Jira bulk prefetch: fetched 1200 tickets so far
INFO:routers.jira:Jira bulk prefetch: fetched 1300 tickets so far
INFO:routers.jira:Jira bulk prefetch: fetched 1398 tickets so far
INFO:routers.jira:Jira bulk prefetch: 1398 tickets indexed, 2233 words
INFO:routers.scheduler:Scheduler: Jira prefetch complete. 1398 ticket(s) fetched. 19/483 device(s) have open tickets.
INFO:apscheduler.executors.default:Job "job_jira_prefetch (trigger: interval[0:30:00], next run at: 2026-05-12 13:03:31 CDT)" executed successfully
INFO:routers.scheduler:Scheduler: Citrix updated. Machines: 687, Sessions: 1038
INFO:apscheduler.executors.default:Job "job_citrix_summary (trigger: interval[1:00:00], next run at: 2026-05-12 13:33:31 CDT)" executed successfully
INFO:routers.meraki:Meraki: fetched 1447 clients.
INFO:routers.meraki:Meraki refresh complete. 11 networks, 215 devices, 19 uplink appliances, 1447 recent clients.
INFO:apscheduler.executors.default:Job "job_meraki_refresh (trigger: interval[0:15:00], next run at: 2026-05-12 12:48:31 CDT)" executed successfully
INFO:routers.scheduler:Scheduler: Lansweeper patch status updated.
INFO:apscheduler.executors.default:Job "job_lansweeper_patch (trigger: interval[6:00:00], next run at: 2026-05-12 18:33:31 CDT)" executed successfully
INFO:routers.scheduler:Scheduler: Lansweeper asset list updated. 11589 assets.
INFO:apscheduler.executors.default:Job "job_lansweeper_assets (trigger: interval[6:00:00], next run at: 2026-05-12 18:33:31 CDT)" executed successfully
INFO:routers.scheduler:Scheduler: Lansweeper asset summary updated.
INFO:apscheduler.executors.default:Job "job_lansweeper_summary (trigger: interval[6:00:00], next run at: 2026-05-12 18:33:31 CDT)" executed successfully
INFO:     127.0.0.1:63460 - "GET /infraportal/api/soc/status HTTP/1.1" 200 OK
INFO:     127.0.0.1:63460 - "GET /infraportal/api/soc/preview?start=2026-01-01&end=2026-12-31&statuses=Validated%2CPending+Production+Validation HTTP/1.1" 200 OK
INFO:     127.0.0.1:63460 - "GET /infraportal/jira-intelligence HTTP/1.1" 302 Found
INFO:     127.0.0.1:63460 - "GET /infraportal/auth/login?next=http://localhost:8000/infraportal/jira-intelligence HTTP/1.1" 302 Found
INFO:routers.auth:User info fields: name=Lanio, Markus given=Markus upn=markus.lanio@zinnia.com
INFO:routers.auth:User logged in: markus.lanio@zinnia.com — groups: 254
INFO:     127.0.0.1:50740 - "GET /infraportal/auth/callback?code=1.AXgAWaHZwKsYMUylpfTQuAXefc-ezYYXSk9Ftp2HvESE4vH9AGt4AA.BQABBAIAAAADAOz_BQD0_0V2b1N0c0FydGlmYWN0cwIAAAAAANWAOxXKVZoyCwYZGvcbeYTLImsc9iEn-g4IKrPdVo06iZK5NAOtqlmNy9QxWobPv6B-8J7y5zKlzv2CQNsjxNBUxz-QeXDKA8WVoW7Y4Hz1DREvqb_OGPmuHveRnJV10pgXNWF6lwhsVS5_vxY_sS2l348LGfgv4I5pHKvAfCE7-8_ssUCEmct_UPR8D9ypG7HlkkIzmFfq1tpk8VS1zs8NpyKd7hNrJK42tLmxlq7PCwLHBN1SOEIXrd8O0vhevNNp-3NJ4IRJ23Go04zpzOuTXbxQ2S8Ic-brkMybPCcgoyHBv15YJM2oJLZREzHJVRGZoESjCO9ScFVuiDjlCHXLMHRU7CngWhlbNGNNODXXskcns_Aa-KQFMSjUcO31RFnIcXdnjYmheFaee_ZjyNLxfWx-aBFaOj-LE1ibM_YCT-JDAO7PhEG0VCKG9TN_casmShqth9LIQXtiWk9LGPmVAkLD2szD6OgUt1ovqEGMsEPmioS2BRD9WWUbAH5Qw4TeYEebuAddTY9vvmcjY65PHOmskv9-M0H3FPgNFV__2h5e72K8FmUdw8JSP7GBJDJEvj9_ndCZXmGNSbdDMjRuX48dI__Gt5FZ6sX7kSXRwRiqPyuIlVpX_E71s3g7SXSy5Z3UoYl2-fdYp6thqgggRF_rYAMEgoAC_9KjueJohQaqBwwyfiqR1FCse1FSN_Wurt_PBLI_7oXPhR9yw3YEGXLZfOvndL_dy7DOkV9wj69dm_Bs5IvKj5n3SGk2fLXJA2nckImhlsZ-jAUsLqBSnSSLCNHt8ybQAt0zrMUJBN3uRQoRdacWk7r9yu0fmUcSwC59gFuSvorAKpjTl41dwqtl_jUY4hBcC6mASH0_lrmFD-jMqwuNvtnBj1-7UBiX-rnFckgBOZTLpB-FqwppPTj3jFXpNKh1ErbXDhxjtxlOIzMAstRiFiDsSAd4AlT80o2NOts8AysJBi5QGYJyKoP0f1x9dT2AfIn7lbG4SaDtK75KBr2H0oE0i8zsC2ZO4FSfzq0BXw8NBn-jxGTHye_ZMEeBKBvK6psSZvcMUE_EVHcwIfgeVt5GONkjV1odLg5WzbWSLTTGrpFp8d_dpdvxoHKFEB20BM2G3PD3fKQyjpl_Z5XX2ufMa2w8YUV8ey4LThS5Wm6VxdcH2KbkbpZfIXwGVTUfhjV58nCjOIkX_JPCcY3OSwi0bqlcHAyye23Q2ezL_SFUKfK_F7HHrQJRRXIOLAS4UYvXSYldinTMwc6vhMtkZx7fhKwssL7Nb_H47C7g00oXf3Ej4bDYYZf1bn79pB7r0U-mR6vSU02QoptCV4eVlnlQtEYnIpr_Ze1hT3vfxv6QXqBGkMk8ZZid9T79T-XUiKSfrA-1QL7QjjSNKHzEvXXdRtRiE7jd-_0TzhXqoFXAOJOlDY39noBuUXIadDwwQWrMll41J7q2zOg7O5yrnje0mc4NokBQGmlh5ax8x-JIDYVPlto6kvigXA72BXtOfSwoeA_5DHn5GeCWXVP_sgaPFkG-4EGiP9zwVudXBn5Q0wKicTc&state=3bc34ff1-f797-419b-a22d-4a8f45824cdb&session_state=00baa559-df60-87bd-6c6e-fca801d3e32a HTTP/1.1" 302 Found
INFO:     127.0.0.1:50740 - "GET /infraportal/jira-intelligence HTTP/1.1" 200 OK
INFO:     127.0.0.1:50740 - "GET /infraportal/api/jira-intelligence/status?days=14 HTTP/1.1" 200 OK
INFO:     127.0.0.1:57706 - "GET /infraportal/api/jira-intelligence/status?days=30 HTTP/1.1" 200 OK
INFO:     127.0.0.1:57706 - "GET /infraportal/api/soc/status HTTP/1.1" 200 OK
WARNING:routers.soc_report:SOC search failed: 410 {"errorMessages":["The requested API has been removed. Please migrate to the /rest/api/3/search/jql API. A full migration guideline is available at https://developer.atlassian.com/changelog/#CHANGE-20
INFO:     127.0.0.1:57706 - "GET /infraportal/api/soc/preview?start=2026-01-01&end=2026-12-31&statuses=Validated%2CPending+Production+Validation HTTP/1.1" 200 OK
WARNING:  StatReload detected changes in 'main.py'. Reloading...
 INFO:     Shutting down
INFO:     Waiting for application shutdown.
INFO:     Application shutdown complete.
INFO:     Finished server process [41872]
INFO:routers.notifications:notifications: loaded 0 persisted alert states
INFO:apscheduler.scheduler:Adding job tentatively -- it will be properly scheduled when the scheduler starts
INFO:apscheduler.scheduler:Adding job tentatively -- it will be properly scheduled when the scheduler starts
INFO:apscheduler.scheduler:Adding job tentatively -- it will be properly scheduled when the scheduler starts
INFO:apscheduler.scheduler:Adding job tentatively -- it will be properly scheduled when the scheduler starts
INFO:apscheduler.scheduler:Adding job tentatively -- it will be properly scheduled when the scheduler starts
INFO:apscheduler.scheduler:Adding job tentatively -- it will be properly scheduled when the scheduler starts
INFO:apscheduler.scheduler:Adding job tentatively -- it will be properly scheduled when the scheduler starts
INFO:apscheduler.scheduler:Adding job tentatively -- it will be properly scheduled when the scheduler starts
INFO:apscheduler.scheduler:Adding job tentatively -- it will be properly scheduled when the scheduler starts
INFO:apscheduler.scheduler:Adding job tentatively -- it will be properly scheduled when the scheduler starts
INFO:apscheduler.scheduler:Adding job tentatively -- it will be properly scheduled when the scheduler starts
INFO:apscheduler.scheduler:Adding job tentatively -- it will be properly scheduled when the scheduler starts
INFO:apscheduler.scheduler:Adding job tentatively -- it will be properly scheduled when the scheduler starts
INFO:apscheduler.scheduler:Adding job tentatively -- it will be properly scheduled when the scheduler starts
INFO:apscheduler.scheduler:Adding job tentatively -- it will be properly scheduled when the scheduler starts
INFO:apscheduler.scheduler:Adding job tentatively -- it will be properly scheduled when the scheduler starts
INFO:apscheduler.scheduler:Adding job tentatively -- it will be properly scheduled when the scheduler starts
INFO:apscheduler.scheduler:Adding job tentatively -- it will be properly scheduled when the scheduler starts
INFO:apscheduler.scheduler:Adding job tentatively -- it will be properly scheduled when the scheduler starts
INFO:apscheduler.scheduler:Adding job tentatively -- it will be properly scheduled when the scheduler starts
INFO:apscheduler.scheduler:Adding job tentatively -- it will be properly scheduled when the scheduler starts
INFO:apscheduler.scheduler:Adding job tentatively -- it will be properly scheduled when the scheduler starts
INFO:apscheduler.scheduler:Adding job tentatively -- it will be properly scheduled when the scheduler starts
INFO:apscheduler.scheduler:Adding job tentatively -- it will be properly scheduled when the scheduler starts
INFO:apscheduler.scheduler:Adding job tentatively -- it will be properly scheduled when the scheduler starts
INFO:apscheduler.scheduler:Added job "job_basic_vms" to job store "default"
INFO:apscheduler.scheduler:Added job "job_basic_hosts" to job store "default"
INFO:apscheduler.scheduler:Added job "job_detailed_vms" to job store "default"
INFO:apscheduler.scheduler:Added job "job_disk_snapshots" to job store "default"
INFO:apscheduler.scheduler:Added job "job_untagged_vms" to job store "default"
INFO:apscheduler.scheduler:Added job "job_detailed_hosts" to job store "default"
INFO:apscheduler.scheduler:Added job "job_opmanager_alerts" to job store "default"
INFO:apscheduler.scheduler:Added job "job_opmanager_devices" to job store "default"
INFO:apscheduler.scheduler:Added job "job_jira_prefetch" to job store "default"
INFO:apscheduler.scheduler:Added job "job_ad_summary" to job store "default"
INFO:apscheduler.scheduler:Added job "job_ad_reports" to job store "default"
INFO:apscheduler.scheduler:Added job "job_ad_gpo_analysis" to job store "default"
INFO:apscheduler.scheduler:Added job "job_cert_summary" to job store "default"
INFO:apscheduler.scheduler:Added job "job_cert_expiring" to job store "default"
INFO:apscheduler.scheduler:Added job "job_cert_dc_certs" to job store "default"
INFO:apscheduler.scheduler:Added job "job_citrix_summary" to job store "default"
INFO:apscheduler.scheduler:Added job "job_citrix_power_unknown_check" to job store "default"
INFO:apscheduler.scheduler:Added job "job_lansweeper_summary" to job store "default"
INFO:apscheduler.scheduler:Added job "job_lansweeper_patch" to job store "default"
INFO:apscheduler.scheduler:Added job "job_lansweeper_assets" to job store "default"
INFO:apscheduler.scheduler:Added job "job_meraki_refresh" to job store "default"
INFO:apscheduler.scheduler:Added job "job_ai_analysis" to job store "default"
INFO:apscheduler.scheduler:Added job "job_jira_intelligence" to job store "default"
INFO:apscheduler.scheduler:Added job "job_findings" to job store "default"
INFO:apscheduler.scheduler:Added job "job_entra_refresh" to job store "default"
INFO:apscheduler.scheduler:Scheduler started
INFO:routers.scheduler:Scheduler started. All background jobs active.
INFO:apscheduler.executors.default:Running job "job_jira_prefetch (trigger: interval[0:30:00], next run at: 2026-05-12 13:08:32 CDT)" (scheduled at 2026-05-12 12:38:32.325677-05:00)
INFO:apscheduler.executors.default:Running job "job_citrix_summary (trigger: interval[1:00:00], next run at: 2026-05-12 12:38:32 CDT)" (scheduled at 2026-05-12 12:38:32.326140-05:00)
INFO:routers.scheduler:Scheduler: Refreshing Citrix summary...
INFO:apscheduler.executors.default:Running job "job_lansweeper_summary (trigger: interval[6:00:00], next run at: 2026-05-12 12:38:32 CDT)" (scheduled at 2026-05-12 12:38:32.326239-05:00)
INFO:routers.scheduler:Scheduler: Refreshing Lansweeper asset summary...
INFO:apscheduler.executors.default:Running job "job_lansweeper_patch (trigger: interval[6:00:00], next run at: 2026-05-12 12:38:32 CDT)" (scheduled at 2026-05-12 12:38:32.326289-05:00)
INFO:routers.scheduler:Scheduler: Refreshing Lansweeper patch status...
INFO:apscheduler.executors.default:Running job "job_lansweeper_assets (trigger: interval[6:00:00], next run at: 2026-05-12 18:38:32 CDT)" (scheduled at 2026-05-12 12:38:32.326332-05:00)
INFO:routers.scheduler:Scheduler: Refreshing Lansweeper asset list...
INFO:apscheduler.executors.default:Running job "job_meraki_refresh (trigger: interval[0:15:00], next run at: 2026-05-12 12:38:32 CDT)" (scheduled at 2026-05-12 12:38:32.326382-05:00)
INFO:routers.scheduler:Scheduler: Refreshing Meraki data...
INFO:routers.meraki:Meraki refresh: starting...
INFO:apscheduler.executors.default:Running job "job_findings (trigger: interval[0:15:00], next run at: 2026-05-12 12:38:32 CDT)" (scheduled at 2026-05-12 12:38:32.326585-05:00)
INFO:     Started server process [19652]
INFO:     Waiting for application startup.
INFO:     Application startup complete.
INFO:routers.findings:findings: refreshed — 33 total
INFO:routers.scheduler:Scheduler: findings refreshed — 33 findings
INFO:apscheduler.executors.default:Job "job_findings (trigger: interval[0:15:00], next run at: 2026-05-12 12:53:32 CDT)" executed successfully
INFO:routers.jira:Jira bulk prefetch: fetched 100 tickets so far
INFO:routers.meraki:Meraki: fetched 11 networks across 2 orgs.
INFO:routers.jira:Jira bulk prefetch: fetched 200 tickets so far
INFO:routers.jira:Jira bulk prefetch: fetched 300 tickets so far
INFO:routers.jira:Jira bulk prefetch: fetched 400 tickets so far
INFO:routers.meraki:Meraki: fetched 215 devices.
WARNING:  StatReload detected changes in 'routers\soc_report.py'. Reloading...
 INFO:routers.jira:Jira bulk prefetch: fetched 500 tickets so far
INFO:routers.jira:Jira bulk prefetch: fetched 600 tickets so far
INFO:routers.meraki:Meraki: fetched uplinks for 19 appliances.
INFO:routers.jira:Jira bulk prefetch: fetched 700 tickets so far
INFO:routers.jira:Jira bulk prefetch: fetched 800 tickets so far
INFO:routers.jira:Jira bulk prefetch: fetched 900 tickets so far
INFO:routers.jira:Jira bulk prefetch: fetched 1000 tickets so far
INFO:routers.jira:Jira bulk prefetch: fetched 1100 tickets so far
INFO:routers.jira:Jira bulk prefetch: fetched 1200 tickets so far
INFO:routers.jira:Jira bulk prefetch: fetched 1300 tickets so far
INFO:routers.jira:Jira bulk prefetch: fetched 1399 tickets so far
INFO:routers.jira:Jira bulk prefetch: 1399 tickets indexed, 2236 words
INFO:routers.scheduler:Scheduler: Jira prefetch complete. 1399 ticket(s) fetched. 19/483 device(s) have open tickets.
INFO:apscheduler.executors.default:Job "job_jira_prefetch (trigger: interval[0:30:00], next run at: 2026-05-12 13:08:32 CDT)" executed successfully
INFO:     127.0.0.1:53657 - "GET /infraportal/jira-intelligence HTTP/1.1" 302 Found
INFO:     127.0.0.1:53657 - "GET /infraportal/auth/login?next=http://localhost:8000/infraportal/jira-intelligence HTTP/1.1" 302 Found
INFO:routers.scheduler:Scheduler: Citrix updated. Machines: 687, Sessions: 1039
INFO:apscheduler.executors.default:Job "job_citrix_summary (trigger: interval[1:00:00], next run at: 2026-05-12 13:38:32 CDT)" executed successfully
INFO:routers.meraki:Meraki: fetched 1455 clients.
INFO:routers.meraki:Meraki refresh complete. 11 networks, 215 devices, 19 uplink appliances, 1455 recent clients.
INFO:apscheduler.executors.default:Job "job_meraki_refresh (trigger: interval[0:15:00], next run at: 2026-05-12 12:53:32 CDT)" executed successfully
INFO:routers.auth:User info fields: name=Lanio, Markus given=Markus upn=markus.lanio@zinnia.com
INFO:routers.auth:User logged in: markus.lanio@zinnia.com — groups: 254
INFO:     127.0.0.1:53657 - "GET /infraportal/auth/callback?code=1.AXgAWaHZwKsYMUylpfTQuAXefc-ezYYXSk9Ftp2HvESE4vH9AGt4AA.BQABBAIAAAADAOz_BQD0_0V2b1N0c0FydGlmYWN0cwIAAAAAALDed1bG1oYuPL1A94vSYrMCVrxgelNx0qDWeQcvUK2L2EJj0C66Uw7qxGFv3MEm3ZcBAwR8ztHmgWvEYFD_gm-KSmO7b1o2b9xDFO4jQ7CjCvyK7rgzA40Dr0SpCOWiAuOAxpIsJZBb2IL7A_mmG1MzeeeJiw3USg4P2Ba57UAvZenIovMfmcZsOlIZphWOQGKO6z2lXDbfvMytZpU6TPs0kr9JXdqWgIrD9xGEXkX7gWwVOSHoGnREhQHA2o_ptBBcx8LBlUdQlHrul9rAdM0suSIaqeSsjlLevlJJXVcxR1oiTOYp68s6x9nZqnx_C-JYoL8ZBwvgtE6ACCwL9_T9u5ffF2ygDkzSFNEf2Fu3nxS1gCeTXbK_zqcD8Bm4md2Riu7qPa609TF37hHxVvIOxpyJLkWG7dTydpC4ZKOFHATwtj-z4Ucy8jrlBdpkRJIDAnWJf4iEXwT6lykaYUKyRSnoqnR4AaMeClbPAcBQ9DfWZ_IeUL6Vl6GM9CEk3rO-bu3pJHXF2yo_7DZ3HKe_X5MnowERnxLilZPXap-PAj8eBIdUps0PgQQbTcRGKJk7hKHN9ygvlb0L7VSC0yHIyyGXt8yvg-OrRXOX284FGGYa1WugeqIdlixEkMmD37aAnTLxmUwHsbDYATrqKIRCYjzmH4GbwgfTUZF3MkY3BJVEexGRLo5an5YkrUMWqhMKINDUhFmGtSSdS7VqoLjVcbs8su3JnsImeFLKsknGPOItKVdDOwu0--zdFgZ1afRTBXZHOmzf86uRFhALJyrxcC24QYJgIWQ3KMf80oIZ-aJu6xBp6-Ky0ZTBdEv5X68yReqAw9Z5vJc_soEQeQA-cquTX8ia2EWq7sJ8s4L8LiCaw_WKlKWMzsbnmSxG9P1h8e5-OjBz8RFsK3FBGCqO9ZlcjcdmJMuFTMKswikrJifnStrrWfK4o9f_VRrab3DwmJtM2SjHJqp-0nHWzJ0oGY-SfXU0E9aqjy-4Fx6I0bFhwm_MSAWwK-pdum7tvaXAUdgtNWBE62jWGDe0uvXkNxmRiMVdr6fVEF9ah5vmRnEV8zWT0VJaJXrixYIJJ5f8ONsIzBM-ZiCBPowcByz414_3Q8I-kxhRWfpsaOjj0_4Ny426Pr5oXb0GzFwoNeIeoxM5kIdt26NkXgHBGGQ4XCPiFQ7B5zcX75sdEVan-fgRUIozw8xg9HhH1hGeNslHqg9O_Kcs8-6vEL-i--NZUw93UFcfgL3mjNz2-FsyKOPTbW8cecheH_MmmpHgcy8IfSVHzXJsaKLg0n1zVyakIkcEyhiKDzuPsqUgssgVGC4u9C30PXDWo608RCINTQaM81w8gTc0PXwEktl2ScBkkaTkZGV7cRLoTIknwPFKbTDqEuDqgjNqZC4B2Ftt_A3F-EviA7Z8v1QP6ATtZjTstRrgd5O8AU7s1W2GH7_nabk5B5X6Eh0apWyy6SPmn54aPWRilc9m-1KTTPqwvPLMLTogFqUrxU2DQNtHMLpKcMPcfa8uNQNLWC0KKAcbgMvf5-8TbuDZk_DHB3ZY2CoWQy-Ymxm8UTEQew&state=8b9decdf-1a83-4e03-8585-e13aa2ba8616&session_state=00baa559-df60-87bd-6c6e-fca801d3e32a HTTP/1.1" 302 Found
INFO:     127.0.0.1:53657 - "GET /infraportal/jira-intelligence HTTP/1.1" 200 OK
INFO:     127.0.0.1:53657 - "GET /infraportal/api/jira-intelligence/status?days=14 HTTP/1.1" 200 OK
INFO:     127.0.0.1:53657 - "GET /infraportal/api/jira-intelligence/status?days=30 HTTP/1.1" 200 OK
INFO:     127.0.0.1:53657 - "GET /infraportal/api/soc/status HTTP/1.1" 200 OK
WARNING:routers.soc_report:SOC search failed: HTTP 410 — {"errorMessages":["The requested API has been removed. Please migrate to the /rest/api/3/search/jql API. A full migration guideline is available at https://developer.atlassian.com/changelog/#CHANGE-2046"],"errors":{}}
ERROR:main:SOC preview error: Traceback (most recent call last):
  File "c:\Users\lanio\Coding\VMWare Project\main.py", line 495, in api_soc_preview
    rows = preview_tickets(start, end, status_list)
  File "c:\Users\lanio\Coding\VMWare Project\routers\soc_report.py", line 136, in preview_tickets
    issues = _paginate_search(jql, preview_fields)
  File "c:\Users\lanio\Coding\VMWare Project\routers\soc_report.py", line 102, in _paginate_search
    raise RuntimeError(f"Jira search returned HTTP {r.status_code}: {err_body}")
RuntimeError: Jira search returned HTTP 410: {"errorMessages":["The requested API has been removed. Please migrate to the /rest/api/3/search/jql API. A full migration guideline is available at https://developer.atlassian.com/changelog/#CHANGE-2046"],"errors":{}}

INFO:     127.0.0.1:53657 - "GET /infraportal/api/soc/preview?start=2026-01-01&end=2026-12-31&statuses=Validated%2CPending+Production+Validation HTTP/1.1" 200 OK
INFO:routers.scheduler:Scheduler: Lansweeper asset list updated. 11589 assets.
INFO:apscheduler.executors.default:Job "job_lansweeper_assets (trigger: interval[6:00:00], next run at: 2026-05-12 18:38:32 CDT)" executed successfully
INFO:routers.scheduler:Scheduler: Lansweeper asset summary updated.
INFO:apscheduler.executors.default:Job "job_lansweeper_summary (trigger: interval[6:00:00], next run at: 2026-05-12 18:38:32 CDT)" executed successfully
INFO:routers.scheduler:Scheduler: Lansweeper patch status updated.
INFO:apscheduler.executors.default:Job "job_lansweeper_patch (trigger: interval[6:00:00], next run at: 2026-05-12 18:38:32 CDT)" executed successfully
INFO:     127.0.0.1:59711 - "GET /infraportal/jira-intelligence HTTP/1.1" 200 OK
INFO:     127.0.0.1:59711 - "GET /infraportal/api/jira-intelligence/status?days=14 HTTP/1.1" 200 OK
INFO:     127.0.0.1:59711 - "GET /infraportal/jira-config HTTP/1.1" 200 OK
INFO:     127.0.0.1:59711 - "GET /infraportal/api/jira/teams HTTP/1.1" 200 OK
INFO:     127.0.0.1:59711 - "GET /infraportal/jira-intelligence HTTP/1.1" 200 OK
INFO:     127.0.0.1:59711 - "GET /infraportal/api/jira-intelligence/status?days=14 HTTP/1.1" 200 OK
INFO:     Shutting down
INFO:     Waiting for application shutdown.
INFO:     Application shutdown complete.
INFO:     Finished server process [19652]
INFO:routers.notifications:notifications: loaded 0 persisted alert states
INFO:apscheduler.scheduler:Adding job tentatively -- it will be properly scheduled when the scheduler starts
INFO:apscheduler.scheduler:Adding job tentatively -- it will be properly scheduled when the scheduler starts
INFO:apscheduler.scheduler:Adding job tentatively -- it will be properly scheduled when the scheduler starts
INFO:apscheduler.scheduler:Adding job tentatively -- it will be properly scheduled when the scheduler starts
INFO:apscheduler.scheduler:Adding job tentatively -- it will be properly scheduled when the scheduler starts
INFO:apscheduler.scheduler:Adding job tentatively -- it will be properly scheduled when the scheduler starts
INFO:apscheduler.scheduler:Adding job tentatively -- it will be properly scheduled when the scheduler starts
INFO:apscheduler.scheduler:Adding job tentatively -- it will be properly scheduled when the scheduler starts
INFO:apscheduler.scheduler:Adding job tentatively -- it will be properly scheduled when the scheduler starts
INFO:apscheduler.scheduler:Adding job tentatively -- it will be properly scheduled when the scheduler starts
INFO:apscheduler.scheduler:Adding job tentatively -- it will be properly scheduled when the scheduler starts
INFO:apscheduler.scheduler:Adding job tentatively -- it will be properly scheduled when the scheduler starts
INFO:apscheduler.scheduler:Adding job tentatively -- it will be properly scheduled when the scheduler starts
INFO:apscheduler.scheduler:Adding job tentatively -- it will be properly scheduled when the scheduler starts
INFO:apscheduler.scheduler:Adding job tentatively -- it will be properly scheduled when the scheduler starts
INFO:apscheduler.scheduler:Adding job tentatively -- it will be properly scheduled when the scheduler starts
INFO:apscheduler.scheduler:Adding job tentatively -- it will be properly scheduled when the scheduler starts
INFO:apscheduler.scheduler:Adding job tentatively -- it will be properly scheduled when the scheduler starts
INFO:apscheduler.scheduler:Adding job tentatively -- it will be properly scheduled when the scheduler starts
INFO:apscheduler.scheduler:Adding job tentatively -- it will be properly scheduled when the scheduler starts
INFO:apscheduler.scheduler:Adding job tentatively -- it will be properly scheduled when the scheduler starts
INFO:apscheduler.scheduler:Adding job tentatively -- it will be properly scheduled when the scheduler starts
INFO:apscheduler.scheduler:Adding job tentatively -- it will be properly scheduled when the scheduler starts
INFO:apscheduler.scheduler:Adding job tentatively -- it will be properly scheduled when the scheduler starts
INFO:apscheduler.scheduler:Adding job tentatively -- it will be properly scheduled when the scheduler starts
INFO:apscheduler.scheduler:Added job "job_basic_vms" to job store "default"
INFO:apscheduler.scheduler:Added job "job_basic_hosts" to job store "default"
INFO:apscheduler.scheduler:Added job "job_detailed_vms" to job store "default"
INFO:apscheduler.scheduler:Added job "job_disk_snapshots" to job store "default"
INFO:apscheduler.scheduler:Added job "job_untagged_vms" to job store "default"
INFO:apscheduler.scheduler:Added job "job_detailed_hosts" to job store "default"
INFO:apscheduler.scheduler:Added job "job_opmanager_alerts" to job store "default"
INFO:apscheduler.scheduler:Added job "job_opmanager_devices" to job store "default"
INFO:apscheduler.scheduler:Added job "job_jira_prefetch" to job store "default"
INFO:apscheduler.scheduler:Added job "job_ad_summary" to job store "default"
INFO:apscheduler.scheduler:Added job "job_ad_reports" to job store "default"
INFO:apscheduler.scheduler:Added job "job_ad_gpo_analysis" to job store "default"
INFO:apscheduler.scheduler:Added job "job_cert_summary" to job store "default"
INFO:apscheduler.scheduler:Added job "job_cert_expiring" to job store "default"
INFO:apscheduler.scheduler:Added job "job_cert_dc_certs" to job store "default"
INFO:apscheduler.scheduler:Added job "job_citrix_summary" to job store "default"
INFO:apscheduler.scheduler:Added job "job_citrix_power_unknown_check" to job store "default"
INFO:apscheduler.scheduler:Added job "job_lansweeper_summary" to job store "default"
INFO:apscheduler.scheduler:Added job "job_lansweeper_patch" to job store "default"
INFO:apscheduler.scheduler:Added job "job_lansweeper_assets" to job store "default"
INFO:apscheduler.scheduler:Added job "job_meraki_refresh" to job store "default"
INFO:apscheduler.scheduler:Added job "job_ai_analysis" to job store "default"
INFO:apscheduler.scheduler:Added job "job_jira_intelligence" to job store "default"
INFO:apscheduler.scheduler:Added job "job_findings" to job store "default"
INFO:apscheduler.scheduler:Added job "job_entra_refresh" to job store "default"
INFO:apscheduler.scheduler:Scheduler started
INFO:routers.scheduler:Scheduler started. All background jobs active.
INFO:apscheduler.executors.default:Running job "job_jira_prefetch (trigger: interval[0:30:00], next run at: 2026-05-12 12:43:32 CDT)" (scheduled at 2026-05-12 12:43:32.794562-05:00)
INFO:apscheduler.executors.default:Running job "job_citrix_summary (trigger: interval[1:00:00], next run at: 2026-05-12 12:43:32 CDT)" (scheduled at 2026-05-12 12:43:32.794960-05:00)
INFO:routers.scheduler:Scheduler: Refreshing Citrix summary...
INFO:apscheduler.executors.default:Running job "job_lansweeper_summary (trigger: interval[6:00:00], next run at: 2026-05-12 12:43:32 CDT)" (scheduled at 2026-05-12 12:43:32.795049-05:00)
INFO:routers.scheduler:Scheduler: Refreshing Lansweeper asset summary...
INFO:apscheduler.executors.default:Running job "job_lansweeper_patch (trigger: interval[6:00:00], next run at: 2026-05-12 12:43:32 CDT)" (scheduled at 2026-05-12 12:43:32.795092-05:00)
INFO:routers.scheduler:Scheduler: Refreshing Lansweeper patch status...
INFO:apscheduler.executors.default:Running job "job_lansweeper_assets (trigger: interval[6:00:00], next run at: 2026-05-12 12:43:32 CDT)" (scheduled at 2026-05-12 12:43:32.795135-05:00)
INFO:routers.scheduler:Scheduler: Refreshing Lansweeper asset list...
INFO:apscheduler.executors.default:Running job "job_meraki_refresh (trigger: interval[0:15:00], next run at: 2026-05-12 12:43:32 CDT)" (scheduled at 2026-05-12 12:43:32.795181-05:00)
INFO:routers.scheduler:Scheduler: Refreshing Meraki data...
INFO:routers.meraki:Meraki refresh: starting...
INFO:apscheduler.executors.default:Running job "job_findings (trigger: interval[0:15:00], next run at: 2026-05-12 12:43:32 CDT)" (scheduled at 2026-05-12 12:43:32.795375-05:00)
INFO:     Started server process [38588]
INFO:     Waiting for application startup.
INFO:     Application startup complete.
INFO:routers.findings:findings: refreshed — 33 total
INFO:routers.scheduler:Scheduler: findings refreshed — 33 findings
INFO:apscheduler.executors.default:Job "job_findings (trigger: interval[0:15:00], next run at: 2026-05-12 12:58:32 CDT)" executed successfully
INFO:routers.jira:Jira bulk prefetch: fetched 100 tickets so far
INFO:routers.meraki:Meraki: fetched 11 networks across 2 orgs.
INFO:routers.jira:Jira bulk prefetch: fetched 200 tickets so far
INFO:routers.jira:Jira bulk prefetch: fetched 300 tickets so far
INFO:routers.jira:Jira bulk prefetch: fetched 400 tickets so far
INFO:routers.meraki:Meraki: fetched 215 devices.
INFO:routers.jira:Jira bulk prefetch: fetched 500 tickets so far
INFO:routers.jira:Jira bulk prefetch: fetched 600 tickets so far
INFO:routers.meraki:Meraki: fetched uplinks for 19 appliances.
INFO:routers.jira:Jira bulk prefetch: fetched 700 tickets so far
INFO:routers.jira:Jira bulk prefetch: fetched 800 tickets so far
INFO:routers.jira:Jira bulk prefetch: fetched 900 tickets so far
INFO:routers.jira:Jira bulk prefetch: fetched 1000 tickets so far
INFO:     127.0.0.1:62002 - "GET /infraportal/jira-intelligence HTTP/1.1" 302 Found
INFO:     127.0.0.1:62002 - "GET /infraportal/auth/login?next=http://localhost:8000/infraportal/jira-intelligence HTTP/1.1" 302 Found
INFO:routers.jira:Jira bulk prefetch: fetched 1100 tickets so far
INFO:routers.jira:Jira bulk prefetch: fetched 1200 tickets so far
INFO:routers.jira:Jira bulk prefetch: fetched 1300 tickets so far
INFO:routers.jira:Jira bulk prefetch: fetched 1400 tickets so far
INFO:routers.jira:Jira bulk prefetch: 1400 tickets indexed, 2236 words
INFO:routers.scheduler:Scheduler: Jira prefetch complete. 1400 ticket(s) fetched. 19/483 device(s) have open tickets.
INFO:apscheduler.executors.default:Job "job_jira_prefetch (trigger: interval[0:30:00], next run at: 2026-05-12 13:13:32 CDT)" executed successfully
INFO:routers.scheduler:Scheduler: Citrix updated. Machines: 687, Sessions: 1043
INFO:apscheduler.executors.default:Job "job_citrix_summary (trigger: interval[1:00:00], next run at: 2026-05-12 13:43:32 CDT)" executed successfully
INFO:routers.auth:User info fields: name=Lanio, Markus given=Markus upn=markus.lanio@zinnia.com
INFO:routers.meraki:Meraki: fetched 1472 clients.
INFO:routers.meraki:Meraki refresh complete. 11 networks, 215 devices, 19 uplink appliances, 1472 recent clients.
INFO:apscheduler.executors.default:Job "job_meraki_refresh (trigger: interval[0:15:00], next run at: 2026-05-12 12:58:32 CDT)" executed successfully
INFO:routers.auth:User logged in: markus.lanio@zinnia.com — groups: 254
INFO:     127.0.0.1:62002 - "GET /infraportal/auth/callback?code=1.AXgAWaHZwKsYMUylpfTQuAXefc-ezYYXSk9Ftp2HvESE4vH9AGt4AA.BQABBAIAAAADAOz_BQD0_0V2b1N0c0FydGlmYWN0cwIAAAAAAMfB7_urxuLd6hAryTd42a6bCXGd2JqgwAPwWzz1K1mmurzrEruyb9fgJ1nln82y2ky_iApcipnJdbh-68YNP4oxun5ZOTW-_S-mzM7BujN9d3gnIsoMq5tFRUkYtCZs35Wb-6eFIr0bbdWb5OLL13CjoVPi6A6TAxzAk8S6izcpHNpQmoFNoxihUdOyWkD_A_eqWk5JMP4wviJubHKyPrSNxFOVbtJfGGXESUBHNmtbIxJT7GcRbUI9j1syTLR3gTGIPfbrc9DelG36zgI_XoQ_GDk12Mqz_XXRijZx7XjtBaBQFtLSi29Wo9m9L0YgABW-GbzOWWhJdx7dYF6lkKTRyKw4Y6jxdiOupjJFh6uWrZGf3ifso-T_05zd_FP_-GdubJxGJ-AT-kXwP_snvQBXGuOiCeI-q5gnucW1oiS016k1GPGAfo9ePwO5KZtNlcLOI6L-kzwK2nBBvMZ1ZExP3yN1I6D_tSWh-ARNiP2p6c1dLYKELPy32o2A4BMHRy3E-yYlCTqGBybNuhp4bu00gjBTXzM5U3emiSrRqxNlkXuUjMt4tyEoQyy6MDV6bLPCIHLd1a6eBo29agA5U7S2ICzqbZ54CZNwqHvNtiC-uI7XuNRwDi7bXiTlHUdYDfrkyYIe8fSy-ezVzPLfgSvnxl5Dor44I7vnYWL7Uaec6MxPcY54RVDksfF85rWnd0oB4hg-q0-EGp0iFntPC-8yV9iy5ZGiwEsqRAjcGQJAkDD66nA2CMEZhsE1YK-YnKU8PavhYJBLiwkrpuwinx7E0dIqOYVgeHB8DtDV2pp5LGfsHu0WHYhe2RpfRnLJOlfNcH1kxoCdbhv3rr1nRCOIDVdRvSOpTNxcj-aN7PSNZ1CRH3k8wDPMIb4IOPQ5HWClslq7iNtpbbFnv1q9wXCGoqda2n15xxLv44zmejFQIiWa9DjVzakWJv4j5OMC46ID8gUCIiXfuFYdvqGTngibRUHlTNVsclkPGjiPqWIp8_Rhbm2L9K2EaB4PwIQMCOcMXjsHZdS4k72eSoCky4YC_1CHsaFOxWIORCXVNSXSgfuokiH-EiMQwxH77aXV7YKkJ7Vlnmsnz0V3NJn-TnAWwbGY5a7x5TMZQ88TUE__dEl_POCTr44-n1TVqj1Zc3FSmm9Q85_Eh7ni74Z-NFQJ1MAJQV6Gy9Xbalc1JQvv9bC8BpZSu2XbV0BBHvxyZdppIUIloqZCpdQY-JryPKmO4MWZwCre7_Wltsyogyd2vVzF8huCCenGau6VYy0Y8Iyl7R9Khz_nO_5S4JNJWqIiTbCQ9iOQBQGKK91CkvzGdrFte6xsFDm3oiN_PzIRJkuSF896JhKz5tgO2xccSJhmTslusaf7zPfef6MCEU04axC_ZnhWwHln2imj3Dd4m54QYnwisO1GimX1NRd2k7-vg5pZcrTO-8Dtu0vXC98jQeuxfHrs5V2p3FrksbqnWHsXaRpqhc2lxpAAEF-9jHOqHYp4EU9rTI3dE9fxf-4iVj4uj6vJ3u48B6d271qkREYEAlS9jkfnGJBw1_vALiKCxW21-w&state=41625c68-13b6-4e72-a842-7daccdb17b6f&session_state=00baa559-df60-87bd-6c6e-fca801d3e32a HTTP/1.1" 302 Found
INFO:     127.0.0.1:62002 - "GET /infraportal/jira-intelligence HTTP/1.1" 200 OK
INFO:     127.0.0.1:62002 - "GET /infraportal/api/jira-intelligence/status?days=14 HTTP/1.1" 200 OK
INFO:routers.scheduler:Scheduler: Lansweeper asset summary updated.
INFO:apscheduler.executors.default:Job "job_lansweeper_summary (trigger: interval[6:00:00], next run at: 2026-05-12 18:43:32 CDT)" executed successfully
INFO:routers.scheduler:Scheduler: Lansweeper asset list updated. 11590 assets.
INFO:apscheduler.executors.default:Job "job_lansweeper_assets (trigger: interval[6:00:00], next run at: 2026-05-12 18:43:32 CDT)" executed successfully
INFO:routers.scheduler:Scheduler: Lansweeper patch status updated.
INFO:apscheduler.executors.default:Job "job_lansweeper_patch (trigger: interval[6:00:00], next run at: 2026-05-12 18:43:32 CDT)" executed successfully
INFO:     127.0.0.1:58861 - "GET /infraportal/jira-intelligence HTTP/1.1" 200 OK
INFO:     127.0.0.1:58861 - "GET /infraportal/api/jira-intelligence/status?days=14 HTTP/1.1" 200 OK
INFO:     127.0.0.1:58214 - "GET /infraportal/api/soc/status HTTP/1.1" 200 OK
INFO:     127.0.0.1:58214 - "GET /infraportal/api/soc/preview?start=2026-01-01&end=2026-12-31&statuses=Validated%2CPending+Production+Validation&projects=TASI HTTP/1.1" 200 OK
INFO:     127.0.0.1:64091 - "POST /infraportal/api/soc/generate HTTP/1.1" 200 OK
INFO:     127.0.0.1:64091 - "GET /infraportal/api/soc/status HTTP/1.1" 200 OK
INFO:     127.0.0.1:64091 - "GET /infraportal/api/soc/status HTTP/1.1" 200 OK
INFO:     127.0.0.1:64091 - "GET /infraportal/api/soc/status HTTP/1.1" 200 OK
INFO:     127.0.0.1:64091 - "GET /infraportal/api/soc/status HTTP/1.1" 200 OK
INFO:     127.0.0.1:64091 - "GET /infraportal/api/soc/status HTTP/1.1" 200 OK
INFO:     127.0.0.1:64091 - "GET /infraportal/api/soc/status HTTP/1.1" 200 OK
INFO:routers.soc_report:SOC: report generated for 5 tickets
INFO:     127.0.0.1:64091 - "GET /infraportal/api/soc/status HTTP/1.1" 200 OK
INFO:     127.0.0.1:64091 - "GET /infraportal/api/soc/download HTTP/1.1" 200 OK
INFO:apscheduler.executors.default:Running job "job_opmanager_alerts (trigger: interval[0:05:00], next run at: 2026-05-12 12:53:32 CDT)" (scheduled at 2026-05-12 12:48:32.794473-05:00)
INFO:routers.scheduler:Scheduler: Refreshing OpManager alerts...
INFO:routers.scheduler:Scheduler: OpManager alerts updated. Count: 8816
INFO:     127.0.0.1:58277 - "GET /infraportal/api/soc/download HTTP/1.1" 200 OK
INFO:routers.jira:Jira bulk prefetch: fetched 100 tickets so far
INFO:routers.jira:Jira bulk prefetch: fetched 200 tickets so far
INFO:routers.jira:Jira bulk prefetch: fetched 300 tickets so far
INFO:routers.jira:Jira bulk prefetch: fetched 400 tickets so far
INFO:routers.jira:Jira bulk prefetch: fetched 500 tickets so far
INFO:routers.jira:Jira bulk prefetch: fetched 600 tickets so far
INFO:routers.jira:Jira bulk prefetch: fetched 700 tickets so far
INFO:routers.jira:Jira bulk prefetch: fetched 800 tickets so far
INFO:routers.jira:Jira bulk prefetch: fetched 900 tickets so far
INFO:routers.jira:Jira bulk prefetch: fetched 1000 tickets so far
INFO:routers.jira:Jira bulk prefetch: fetched 1100 tickets so far
INFO:routers.jira:Jira bulk prefetch: fetched 1200 tickets so far
INFO:routers.jira:Jira bulk prefetch: fetched 1300 tickets so far
INFO:routers.jira:Jira bulk prefetch: fetched 1400 tickets so far
INFO:routers.jira:Jira bulk prefetch: 1400 tickets indexed, 2236 words
INFO:routers.scheduler:Scheduler: Jira prefetch complete. 1400 ticket(s) fetched. 19/489 device(s) have open tickets.
INFO:apscheduler.executors.default:Job "job_opmanager_alerts (trigger: interval[0:05:00], next run at: 2026-05-12 12:53:32 CDT)" executed successfully
INFO:apscheduler.executors.default:Running job "job_opmanager_alerts (trigger: interval[0:05:00], next run at: 2026-05-12 12:58:32 CDT)" (scheduled at 2026-05-12 12:53:32.794473-05:00)
INFO:routers.scheduler:Scheduler: Refreshing OpManager alerts...
INFO:routers.scheduler:Scheduler: OpManager alerts updated. Count: 8816
INFO:routers.jira:Jira bulk prefetch: fetched 100 tickets so far
INFO:routers.jira:Jira bulk prefetch: fetched 200 tickets so far
INFO:routers.jira:Jira bulk prefetch: fetched 300 tickets so far
INFO:routers.jira:Jira bulk prefetch: fetched 400 tickets so far
INFO:routers.jira:Jira bulk prefetch: fetched 500 tickets so far
INFO:routers.jira:Jira bulk prefetch: fetched 600 tickets so far
INFO:routers.jira:Jira bulk prefetch: fetched 700 tickets so far
INFO:routers.jira:Jira bulk prefetch: fetched 800 tickets so far
INFO:routers.jira:Jira bulk prefetch: fetched 900 tickets so far
INFO:routers.jira:Jira bulk prefetch: fetched 1000 tickets so far
INFO:routers.jira:Jira bulk prefetch: fetched 1100 tickets so far
INFO:routers.jira:Jira bulk prefetch: fetched 1200 tickets so far
INFO:routers.jira:Jira bulk prefetch: fetched 1300 tickets so far
INFO:routers.jira:Jira bulk prefetch: fetched 1399 tickets so far
INFO:routers.jira:Jira bulk prefetch: 1399 tickets indexed, 2230 words
INFO:routers.scheduler:Scheduler: Jira prefetch complete. 1399 ticket(s) fetched. 16/481 device(s) have open tickets.
INFO:apscheduler.executors.default:Job "job_opmanager_alerts (trigger: interval[0:05:00], next run at: 2026-05-12 12:58:32 CDT)" executed successfully
INFO:apscheduler.executors.default:Running job "job_opmanager_alerts (trigger: interval[0:05:00], next run at: 2026-05-12 13:03:32 CDT)" (scheduled at 2026-05-12 12:58:32.794473-05:00)
INFO:routers.scheduler:Scheduler: Refreshing OpManager alerts...
INFO:apscheduler.executors.default:Running job "job_citrix_power_unknown_check (trigger: interval[0:15:00], next run at: 2026-05-12 13:13:32 CDT)" (scheduled at 2026-05-12 12:58:32.795007-05:00)
INFO:apscheduler.executors.default:Running job "job_meraki_refresh (trigger: interval[0:15:00], next run at: 2026-05-12 13:13:32 CDT)" (scheduled at 2026-05-12 12:58:32.795181-05:00)
INFO:apscheduler.executors.default:Running job "job_findings (trigger: interval[0:15:00], next run at: 2026-05-12 13:13:32 CDT)" (scheduled at 2026-05-12 12:58:32.795375-05:00)
INFO:apscheduler.executors.default:Running job "job_opmanager_devices (trigger: interval[0:15:00], next run at: 2026-05-12 13:13:32 CDT)" (scheduled at 2026-05-12 12:58:32.794516-05:00)
INFO:routers.scheduler:Scheduler: Checking Citrix machine power states for unknowns...
INFO:routers.scheduler:Scheduler: Refreshing Meraki data...
INFO:routers.meraki:Meraki refresh: starting...
INFO:routers.scheduler:Scheduler: Refreshing OpManager devices...
INFO:routers.scheduler:Scheduler: Power check complete. New unknowns: 0, Recovered: 0, Notified teams: none
INFO:apscheduler.executors.default:Job "job_citrix_power_unknown_check (trigger: interval[0:15:00], next run at: 2026-05-12 13:13:32 CDT)" executed successfully
INFO:routers.findings:findings: refreshed — 36 total
INFO:routers.scheduler:Scheduler: findings refreshed — 36 findings
INFO:apscheduler.executors.default:Job "job_findings (trigger: interval[0:15:00], next run at: 2026-05-12 13:13:32 CDT)" executed successfully
INFO:routers.meraki:Meraki: fetched 11 networks across 2 orgs.
INFO:routers.meraki:Meraki: fetched 215 devices.
INFO:routers.meraki:Meraki: fetched uplinks for 19 appliances.
INFO:routers.meraki:Meraki: fetched 1438 clients.
INFO:routers.meraki:Meraki refresh complete. 11 networks, 215 devices, 19 uplink appliances, 1438 recent clients.
INFO:apscheduler.executors.default:Job "job_meraki_refresh (trigger: interval[0:15:00], next run at: 2026-05-12 13:13:32 CDT)" executed successfully
INFO:routers.scheduler:Scheduler: OpManager alerts updated. Count: 8816
INFO:routers.scheduler:Scheduler: OpManager devices updated.
INFO:apscheduler.executors.default:Job "job_opmanager_devices (trigger: interval[0:15:00], next run at: 2026-05-12 13:13:32 CDT)" executed successfully
INFO:routers.jira:Jira bulk prefetch: fetched 100 tickets so far
INFO:routers.jira:Jira bulk prefetch: fetched 200 tickets so far
INFO:routers.jira:Jira bulk prefetch: fetched 300 tickets so far
INFO:routers.jira:Jira bulk prefetch: fetched 400 tickets so far
INFO:routers.jira:Jira bulk prefetch: fetched 500 tickets so far
INFO:routers.jira:Jira bulk prefetch: fetched 600 tickets so far
INFO:routers.jira:Jira bulk prefetch: fetched 700 tickets so far
INFO:routers.jira:Jira bulk prefetch: fetched 800 tickets so far
INFO:routers.jira:Jira bulk prefetch: fetched 900 tickets so far
INFO:routers.jira:Jira bulk prefetch: fetched 1000 tickets so far
INFO:routers.jira:Jira bulk prefetch: fetched 1100 tickets so far
INFO:routers.jira:Jira bulk prefetch: fetched 1200 tickets so far
INFO:routers.jira:Jira bulk prefetch: fetched 1300 tickets so far
INFO:routers.jira:Jira bulk prefetch: fetched 1399 tickets so far
INFO:routers.jira:Jira bulk prefetch: 1399 tickets indexed, 2230 words
INFO:routers.scheduler:Scheduler: Jira prefetch complete. 1399 ticket(s) fetched. 15/480 device(s) have open tickets.
INFO:apscheduler.executors.default:Job "job_opmanager_alerts (trigger: interval[0:05:00], next run at: 2026-05-12 13:03:32 CDT)" executed successfully
INFO:apscheduler.executors.default:Running job "job_opmanager_alerts (trigger: interval[0:05:00], next run at: 2026-05-12 13:08:32 CDT)" (scheduled at 2026-05-12 13:03:32.794473-05:00)
INFO:routers.scheduler:Scheduler: Refreshing OpManager alerts...
INFO:routers.scheduler:Scheduler: OpManager alerts updated. Count: 8816
INFO:routers.jira:Jira bulk prefetch: fetched 100 tickets so far
INFO:routers.jira:Jira bulk prefetch: fetched 200 tickets so far
INFO:routers.jira:Jira bulk prefetch: fetched 300 tickets so far
INFO:routers.jira:Jira bulk prefetch: fetched 400 tickets so far
INFO:routers.jira:Jira bulk prefetch: fetched 500 tickets so far
INFO:routers.jira:Jira bulk prefetch: fetched 600 tickets so far
INFO:routers.jira:Jira bulk prefetch: fetched 700 tickets so far
INFO:routers.jira:Jira bulk prefetch: fetched 800 tickets so far
INFO:routers.jira:Jira bulk prefetch: fetched 900 tickets so far
INFO:routers.jira:Jira bulk prefetch: fetched 1000 tickets so far
INFO:routers.jira:Jira bulk prefetch: fetched 1100 tickets so far
INFO:routers.jira:Jira bulk prefetch: fetched 1200 tickets so far
INFO:routers.jira:Jira bulk prefetch: fetched 1300 tickets so far
INFO:routers.jira:Jira bulk prefetch: fetched 1400 tickets so far
INFO:routers.jira:Jira bulk prefetch: 1400 tickets indexed, 2230 words
INFO:routers.scheduler:Scheduler: Jira prefetch complete. 1400 ticket(s) fetched. 15/479 device(s) have open tickets.
INFO:apscheduler.executors.default:Job "job_opmanager_alerts (trigger: interval[0:05:00], next run at: 2026-05-12 13:08:32 CDT)" executed successfully
INFO:apscheduler.executors.default:Running job "job_opmanager_alerts (trigger: interval[0:05:00], next run at: 2026-05-12 13:13:32 CDT)" (scheduled at 2026-05-12 13:08:32.794473-05:00)
INFO:routers.scheduler:Scheduler: Refreshing OpManager alerts...
INFO:routers.scheduler:Scheduler: OpManager alerts updated. Count: 8816
INFO:routers.jira:Jira bulk prefetch: fetched 100 tickets so far
INFO:routers.jira:Jira bulk prefetch: fetched 200 tickets so far
INFO:routers.jira:Jira bulk prefetch: fetched 300 tickets so far
INFO:routers.jira:Jira bulk prefetch: fetched 400 tickets so far
INFO:routers.jira:Jira bulk prefetch: fetched 500 tickets so far
INFO:routers.jira:Jira bulk prefetch: fetched 600 tickets so far
INFO:routers.jira:Jira bulk prefetch: fetched 700 tickets so far
INFO:routers.jira:Jira bulk prefetch: fetched 800 tickets so far
INFO:routers.jira:Jira bulk prefetch: fetched 900 tickets so far
INFO:routers.jira:Jira bulk prefetch: fetched 1000 tickets so far
INFO:routers.jira:Jira bulk prefetch: fetched 1100 tickets so far
INFO:routers.jira:Jira bulk prefetch: fetched 1200 tickets so far
INFO:routers.jira:Jira bulk prefetch: fetched 1300 tickets so far
INFO:routers.jira:Jira bulk prefetch: fetched 1400 tickets so far
INFO:routers.jira:Jira bulk prefetch: 1400 tickets indexed, 2230 words
INFO:routers.scheduler:Scheduler: Jira prefetch complete. 1400 ticket(s) fetched. 17/484 device(s) have open tickets.
INFO:apscheduler.executors.default:Job "job_opmanager_alerts (trigger: interval[0:05:00], next run at: 2026-05-12 13:13:32 CDT)" executed successfully
WARNING:routers.auth:Auth state mismatch or missing code
INFO:     127.0.0.1:61514 - "GET /infraportal/auth/callback?code=1.AXgAWaHZwKsYMUylpfTQuAXefc-ezYYXSk9Ftp2HvESE4vH9AGt4AA.BQABBAIAAAADAOz_BQD0_0V2b1N0c0FydGlmYWN0cwIAAAAAAAqNWYc6xKPS7RO-9bKJQoCSfO7smpjlBHhknu8RCT7x2p15OuWFoeqtqYW7WT_wukVzznyyjZeKKSwlkJxKahQWgXiwnm3pohzv6CRAoifjrgG303yc-1INnakET0RIC3crSGlhGKZGK1lxnvWnfTK5zUfe0oAIMkdxTqvtyL-E_GQXEYf3wDqfhQN5z9KFI-vE8brymNrrcdtjIhhAlO3rOan6O35abPOp6cOfSQCFgwaJYFag29vd-QM4n9CTIk_gqjWzcu62sgyMuE8hIeKef4WcPQdmUwPI7dJ1gHniU3w9tNBi1OTA48Ug1EdQ6U7HsWXqgNNzPsBlnDWrPsxx4fznv2Sc99klO1NodTgyHAiLV9r8T0BNthRgx_ftne4BgGGCnKFJ_YXLg7MXQl299TLKG9D1NTWGC5H_KKdjU9PfxdibgTO248geersK8MZg_w_6oyxFmqKDYYlB474iomScvKaie8YXjfapNi5RqdJMO_I-D_DI2HWNkq3A-egTaNIjddZfQhA8VUsdd82ZxTjlsXMytCQ_6xQ4ptC0Ly4VHRM2cDRsSdE6VQcvMnilpl0mGC-AeleRKVPGl4DI-dTD6K46MiimLHV_3L8vgitqvbbpKfUQMj6O0ZuN7-M-M1gjC7HRKZeJrUfZb_0lY0jWXQsoDxVdePEPzLZAvVkYTEWELhz4n2o4uCUUUsCTI9ranLGMYwOJ2c64sO99b7i3lvZjf17P0ajtt5NesMKPERemhVa2336hAA-KOnVSRTNaqiVpBSKbhMqsq6Bvr64u6Eod3tr1q-uotXCsM_77Ht-0FVgEl71kRaL7vD0L-vUw9QkTAcqiiK4xSv3C-ic61F3XdB9tZ8Zr0y3GizQLec2_h4YOnSj7jpbyYHSOFB5QvdX1lBS_PIwr1_rPJkJxcmOgyrSqY2po9yC6hQpypB4HkPJYGhscxCCZvL0vqhGR_xOmZ7gF4Py7E3Pn16kK3ZZ---KorQWfZpOgqpAJnlqRny8VrpoKFRZQLpHUExYZFnv3vmGsxJDQScnUsJbgPUO_IHeOoxfQmo86ljBQpIbCbP99taHOyVIEubabYzzOprvn09Jpfx5JSgAMty2rGaF_wxQoc0oJ1u8U17KuxrW03QowCEkjF6FQmcIiwu9HndUZ2oyPs6bFBhS-pXXjVBX6EbfXrwa9rFUeK_TWLErznCeEGLJJeeRuNpj3pep9taB8K68edvdW8QD9Ou-rsmXorudHXKLSTdxnj8mDLmlCXdA_gKshlkX39FOA4e9uRB0piMy1Fm1FsoXNOyxEJAPWYb91nenN8r_ImkXBkN6rFvHEsAjo4vFG6gsZN9KjlRakozQ0cP0PsKKsLHirEWITaN5gMgMx06uV-SZmq3sE5SWzkHPh8_Yjoc5es6ee7-hIC2H_r3lfNuxBeSpzsm2jManbci4pffrzrS6A6fgCQnlwdPa8EXkX7Uxzn-vJUBslUKlM8D92Nh8vQgYgSr2sCXM-UE53p8bqdJQwAegLZXqmHzxUsOMZtL-Hzbujqc-kSV8YExc&state=41625c68-13b6-4e72-a842-7daccdb17b6f&session_state=00baa559-df60-87bd-6c6e-fca801d3e32a HTTP/1.1" 302 Found
INFO:     127.0.0.1:61514 - "GET /infraportal/auth/login HTTP/1.1" 302 Found
INFO:routers.auth:User info fields: name=Lanio, Markus given=Markus upn=markus.lanio@zinnia.com
INFO:routers.auth:User logged in: markus.lanio@zinnia.com — groups: 254
INFO:     127.0.0.1:61514 - "GET /infraportal/auth/callback?code=1.AXgAWaHZwKsYMUylpfTQuAXefc-ezYYXSk9Ftp2HvESE4vH9AGt4AA.BQABBAIAAAADAOz_BQD0_0V2b1N0c0FydGlmYWN0cwIAAAAAAP110U0ZuCyxa-g7wJt4m37ctcJbuSXk20mCZnTR2t_-NXg5h31hCnF6w3v31P506vDz3oiu8FSMJzaE84q8jw0suoPQ1WDh_B0Jpe4q6rEpBm3xI_-QMzWmlVD-dhC1GosntOUIBcHYmrwto4myomi-VaV6bqrtDUttY3zkLZu4iRjxMO5Ih1MYvXqrxLbTPqRSzoXg3UqUXG92p-7Gr47n_IacqX9w5fQ0Hncbn-PIqYKZasTouGeVNHkQKF159qaxZUP5biz6UIFA9sOPoJ5nZbLiX9GJLRhhRI9X9ZY7So5oe4oBv6PWKAnSCRjZkLLkWcUp4_bT4EnK2fDsWBqLIrvF5Obudkc4uUgSAmOpz8-NklVadrXlgDXSvgVf0kT_DPONdOWpJ90rOeNw4Y54JskVKrU7N6yuDK6Q8o4CnRlax6cgGB11CvzmPP3ye2uBYtoYcZ1d7tUICg4bqmei7MRVztoH2AnDqLCC5uZnhAY6gzfRodK8PBdCZzNVyRQbsxlJ4mTtwoB6_VjC6Uxk0HjRjTUJV9gsWHnHqWR7BsCjnnKEFxmUyKw2Lc59bAn-WHAZj97Dqo73jw45Qv-cyayrgGB-1SBujfPSGB_5thkO67hI699vLN_HFWyoO-VYhksoZCyOuMp7YRXBWOwJPNJq_uAAbB_cUbftVuVUkERJCF0wLCU1fBrbgOOSgfztfb20_J0x3gTZ0uCK4a0RfT0usOYq7-nv5I6hv6eL66BNwtjJgob7sp_5N69Z2dPnFigufMuTmrFneL4YcYPCkm901DKaZrl8wz1onJ6j1dr-7jjVnmawbYYwrfxeOMzk_iBRp4nYVPxBUmvmkNfrgc6zW-AbAxXibJcZco77o3lklYYys2HrAVvjkILWyvEOajp8AbfEJpLvXQkCva4wTRoq6npogNNByRuIbBAiJRelEsR5aXcqSTuNPSEw8hfxWBsrF7Q_8lpHHj12SYjTbdRn8-r7mFw-KbhhkK6P_uLRhudP86aAEr-_ZvXagDIqo_gGm5p9NbbcjuQ-04E2f634Y85EO4ifkzLdlWef0KjAk7qFGn-D4ZZd0cb2I1MSiRP52kKpTEmI0xltq-VZks3f4zrLqsgOjHsSLmRYVbQxZ228IuIvab2zB-68IM0EavzAss4vFyAYh6gWdf0wHzDYga0amqK3pPJ5d4osnGlC__XOwMkVDBuQvHXx7NieukrlYvQqVVHTicNaUQiug6WMBXCfuS3PHBFNW5NaPvtotfX1Qm_9PrJ8W6FfaYBCtspamcPoguLZuCCUDDyMNg1urWrD_MY2GkHJY2NqbZJbmJ30KsMCw8LgnrnrDL6AKM_Ru1bAKIZLSD-JjihQClZlYLRq4KBz_xmVk90Dqo64FZEZZDFlLsPPRkBS1jl60YmXbaCFuFNKxvgPKj5scBDm23O54C82uC7krOwAF3LT6lvdkIbXXRfVRS2er3MufRgV81i0nnjI5EJQ_Mx30aaDUraWq-s2mtpL6BXNmaOtjSz7mBDX6LaBqj_qIak5fwOxQWJMvcJPRe_a&state=ecc55dc8-73df-49cc-91db-4960d79300db&session_state=00baa559-df60-87bd-6c6e-fca801d3e32a HTTP/1.1" 302 Found
INFO:     127.0.0.1:61514 - "GET /infraportal/ HTTP/1.1" 200 OK
INFO:     127.0.0.1:61514 - "GET /infraportal/jira-intelligence HTTP/1.1" 200 OK
INFO:     127.0.0.1:61514 - "GET /infraportal/api/jira-intelligence/status?days=14 HTTP/1.1" 200 OK
INFO:     127.0.0.1:61514 - "GET /infraportal/api/soc/status HTTP/1.1" 200 OK
INFO:     127.0.0.1:61514 - "GET /infraportal/api/soc/download HTTP/1.1" 200 OK
INFO:apscheduler.executors.default:Running job "job_basic_hosts (trigger: interval[0:30:00], next run at: 2026-05-12 13:43:32 CDT)" (scheduled at 2026-05-12 13:13:32.794166-05:00)
INFO:routers.scheduler:Scheduler: Refreshing basic host list...
INFO:apscheduler.executors.default:Running job "job_meraki_refresh (trigger: interval[0:15:00], next run at: 2026-05-12 13:28:32 CDT)" (scheduled at 2026-05-12 13:13:32.795181-05:00)
INFO:apscheduler.executors.default:Running job "job_opmanager_devices (trigger: interval[0:15:00], next run at: 2026-05-12 13:28:32 CDT)" (scheduled at 2026-05-12 13:13:32.794516-05:00)
INFO:apscheduler.executors.default:Running job "job_basic_vms (trigger: interval[0:30:00], next run at: 2026-05-12 13:43:32 CDT)" (scheduled at 2026-05-12 13:13:32.794019-05:00)
INFO:apscheduler.executors.default:Running job "job_jira_prefetch (trigger: interval[0:30:00], next run at: 2026-05-12 13:43:32 CDT)" (scheduled at 2026-05-12 13:13:32.794562-05:00)
INFO:apscheduler.executors.default:Running job "job_opmanager_alerts (trigger: interval[0:05:00], next run at: 2026-05-12 13:18:32 CDT)" (scheduled at 2026-05-12 13:13:32.794473-05:00)
INFO:apscheduler.executors.default:Running job "job_citrix_power_unknown_check (trigger: interval[0:15:00], next run at: 2026-05-12 13:28:32 CDT)" (scheduled at 2026-05-12 13:13:32.795007-05:00)
INFO:apscheduler.executors.default:Running job "job_findings (trigger: interval[0:15:00], next run at: 2026-05-12 13:28:32 CDT)" (scheduled at 2026-05-12 13:13:32.795375-05:00)
INFO:routers.scheduler:Scheduler: Refreshing Meraki data...
INFO:routers.scheduler:Scheduler: Refreshing OpManager devices...
INFO:routers.scheduler:Scheduler: Refreshing basic VM list...
INFO:routers.scheduler:Scheduler: Refreshing OpManager alerts...
INFO:routers.scheduler:Scheduler: Checking Citrix machine power states for unknowns...
INFO:routers.meraki:Meraki refresh: starting...
INFO:routers.scheduler:Scheduler: Power check complete. New unknowns: 0, Recovered: 0, Notified teams: none
INFO:apscheduler.executors.default:Job "job_citrix_power_unknown_check (trigger: interval[0:15:00], next run at: 2026-05-12 13:28:32 CDT)" executed successfully
INFO:routers.findings:findings: refreshed — 36 total
INFO:routers.scheduler:Scheduler: findings refreshed — 36 findings
INFO:apscheduler.executors.default:Job "job_findings (trigger: interval[0:15:00], next run at: 2026-05-12 13:28:32 CDT)" executed successfully
INFO:routers.jira:Jira bulk prefetch: fetched 100 tickets so far
INFO:routers.meraki:Meraki: fetched 11 networks across 2 orgs.
INFO:routers.jira:Jira bulk prefetch: fetched 200 tickets so far
INFO:routers.jira:Jira bulk prefetch: fetched 300 tickets so far
INFO:routers.jira:Jira bulk prefetch: fetched 400 tickets so far
INFO:routers.jira:Jira bulk prefetch: fetched 500 tickets so far
INFO:routers.meraki:Meraki: fetched 215 devices.
INFO:routers.jira:Jira bulk prefetch: fetched 600 tickets so far
INFO:routers.jira:Jira bulk prefetch: fetched 700 tickets so far
INFO:routers.scheduler:Scheduler: OpManager devices updated.
INFO:apscheduler.executors.default:Job "job_opmanager_devices (trigger: interval[0:15:00], next run at: 2026-05-12 13:28:32 CDT)" executed successfully
INFO:routers.meraki:Meraki: fetched uplinks for 19 appliances.
INFO:routers.jira:Jira bulk prefetch: fetched 800 tickets so far
INFO:routers.jira:Jira bulk prefetch: fetched 900 tickets so far
INFO:routers.jira:Jira bulk prefetch: fetched 1000 tickets so far
INFO:routers.jira:Jira bulk prefetch: fetched 1100 tickets so far
INFO:routers.jira:Jira bulk prefetch: fetched 1200 tickets so far
INFO:routers.jira:Jira bulk prefetch: fetched 1300 tickets so far
INFO:routers.jira:Jira bulk prefetch: fetched 1400 tickets so far
INFO:routers.jira:Jira bulk prefetch: 1400 tickets indexed, 2231 words
INFO:routers.scheduler:Scheduler: Jira prefetch complete. 1400 ticket(s) fetched. 17/484 device(s) have open tickets.
INFO:apscheduler.executors.default:Job "job_jira_prefetch (trigger: interval[0:30:00], next run at: 2026-05-12 13:43:32 CDT)" executed successfully
INFO:routers.meraki:Meraki: fetched 1401 clients.
INFO:routers.meraki:Meraki refresh complete. 11 networks, 215 devices, 19 uplink appliances, 1401 recent clients.
INFO:apscheduler.executors.default:Job "job_meraki_refresh (trigger: interval[0:15:00], next run at: 2026-05-12 13:28:32 CDT)" executed successfully
INFO:routers.scheduler:Scheduler: OpManager alerts updated. Count: 8816
INFO:routers.scheduler:Scheduler: Basic host list updated.
INFO:apscheduler.executors.default:Job "job_basic_hosts (trigger: interval[0:30:00], next run at: 2026-05-12 13:43:32 CDT)" executed successfully
INFO:routers.scheduler:Scheduler: Basic VM list updated.
INFO:apscheduler.executors.default:Job "job_basic_vms (trigger: interval[0:30:00], next run at: 2026-05-12 13:43:32 CDT)" executed successfully
INFO:routers.jira:Jira bulk prefetch: fetched 100 tickets so far
INFO:routers.jira:Jira bulk prefetch: fetched 200 tickets so far
INFO:routers.jira:Jira bulk prefetch: fetched 300 tickets so far
INFO:routers.jira:Jira bulk prefetch: fetched 400 tickets so far
INFO:routers.jira:Jira bulk prefetch: fetched 500 tickets so far
INFO:routers.jira:Jira bulk prefetch: fetched 600 tickets so far
INFO:routers.jira:Jira bulk prefetch: fetched 700 tickets so far
INFO:routers.jira:Jira bulk prefetch: fetched 800 tickets so far
INFO:routers.jira:Jira bulk prefetch: fetched 900 tickets so far
INFO:routers.jira:Jira bulk prefetch: fetched 1000 tickets so far
INFO:routers.jira:Jira bulk prefetch: fetched 1100 tickets so far
INFO:routers.jira:Jira bulk prefetch: fetched 1200 tickets so far
INFO:routers.jira:Jira bulk prefetch: fetched 1300 tickets so far
INFO:routers.jira:Jira bulk prefetch: fetched 1400 tickets so far
INFO:routers.jira:Jira bulk prefetch: 1400 tickets indexed, 2231 words
INFO:routers.scheduler:Scheduler: Jira prefetch complete. 1400 ticket(s) fetched. 17/484 device(s) have open tickets.
INFO:apscheduler.executors.default:Job "job_opmanager_alerts (trigger: interval[0:05:00], next run at: 2026-05-12 13:18:32 CDT)" executed successfully
INFO:apscheduler.executors.default:Running job "job_opmanager_alerts (trigger: interval[0:05:00], next run at: 2026-05-12 13:23:32 CDT)" (scheduled at 2026-05-12 13:18:32.794473-05:00)
INFO:routers.scheduler:Scheduler: Refreshing OpManager alerts...
INFO:routers.scheduler:Scheduler: OpManager alerts updated. Count: 8816
INFO:routers.jira:Jira bulk prefetch: fetched 100 tickets so far
INFO:routers.jira:Jira bulk prefetch: fetched 200 tickets so far
INFO:routers.jira:Jira bulk prefetch: fetched 300 tickets so far
INFO:routers.jira:Jira bulk prefetch: fetched 400 tickets so far
INFO:routers.jira:Jira bulk prefetch: fetched 500 tickets so far
INFO:routers.jira:Jira bulk prefetch: fetched 600 tickets so far
INFO:routers.jira:Jira bulk prefetch: fetched 700 tickets so far
INFO:routers.jira:Jira bulk prefetch: fetched 800 tickets so far
INFO:routers.jira:Jira bulk prefetch: fetched 900 tickets so far
INFO:routers.jira:Jira bulk prefetch: fetched 1000 tickets so far
INFO:routers.jira:Jira bulk prefetch: fetched 1100 tickets so far
INFO:routers.jira:Jira bulk prefetch: fetched 1200 tickets so far
INFO:routers.jira:Jira bulk prefetch: fetched 1300 tickets so far
INFO:routers.jira:Jira bulk prefetch: fetched 1399 tickets so far
INFO:routers.jira:Jira bulk prefetch: 1399 tickets indexed, 2229 words
INFO:routers.scheduler:Scheduler: Jira prefetch complete. 1399 ticket(s) fetched. 17/483 device(s) have open tickets.
INFO:apscheduler.executors.default:Job "job_opmanager_alerts (trigger: interval[0:05:00], next run at: 2026-05-12 13:23:32 CDT)" executed successfully
INFO:apscheduler.executors.default:Running job "job_opmanager_alerts (trigger: interval[0:05:00], next run at: 2026-05-12 13:28:32 CDT)" (scheduled at 2026-05-12 13:23:32.794473-05:00)
INFO:routers.scheduler:Scheduler: Refreshing OpManager alerts...
INFO:routers.scheduler:Scheduler: OpManager alerts updated. Count: 8816
INFO:routers.jira:Jira bulk prefetch: fetched 100 tickets so far
INFO:routers.jira:Jira bulk prefetch: fetched 200 tickets so far
INFO:routers.jira:Jira bulk prefetch: fetched 300 tickets so far
INFO:routers.jira:Jira bulk prefetch: fetched 400 tickets so far
INFO:routers.jira:Jira bulk prefetch: fetched 500 tickets so far
INFO:routers.jira:Jira bulk prefetch: fetched 600 tickets so far
INFO:routers.jira:Jira bulk prefetch: fetched 700 tickets so far
INFO:routers.jira:Jira bulk prefetch: fetched 800 tickets so far
INFO:routers.jira:Jira bulk prefetch: fetched 900 tickets so far
INFO:routers.jira:Jira bulk prefetch: fetched 1000 tickets so far
INFO:routers.jira:Jira bulk prefetch: fetched 1100 tickets so far
INFO:routers.jira:Jira bulk prefetch: fetched 1200 tickets so far
INFO:routers.jira:Jira bulk prefetch: fetched 1300 tickets so far
INFO:routers.jira:Jira bulk prefetch: fetched 1397 tickets so far
INFO:routers.jira:Jira bulk prefetch: 1397 tickets indexed, 2228 words
INFO:routers.scheduler:Scheduler: Jira prefetch complete. 1397 ticket(s) fetched. 14/478 device(s) have open tickets.
INFO:apscheduler.executors.default:Job "job_opmanager_alerts (trigger: interval[0:05:00], next run at: 2026-05-12 13:28:32 CDT)" executed successfully
INFO:apscheduler.executors.default:Running job "job_opmanager_alerts (trigger: interval[0:05:00], next run at: 2026-05-12 13:33:32 CDT)" (scheduled at 2026-05-12 13:28:32.794473-05:00)
INFO:routers.scheduler:Scheduler: Refreshing OpManager alerts...
INFO:apscheduler.executors.default:Running job "job_citrix_power_unknown_check (trigger: interval[0:15:00], next run at: 2026-05-12 13:43:32 CDT)" (scheduled at 2026-05-12 13:28:32.795007-05:00)
INFO:apscheduler.executors.default:Running job "job_meraki_refresh (trigger: interval[0:15:00], next run at: 2026-05-12 13:43:32 CDT)" (scheduled at 2026-05-12 13:28:32.795181-05:00)
INFO:apscheduler.executors.default:Running job "job_findings (trigger: interval[0:15:00], next run at: 2026-05-12 13:43:32 CDT)" (scheduled at 2026-05-12 13:28:32.795375-05:00)
INFO:apscheduler.executors.default:Running job "job_opmanager_devices (trigger: interval[0:15:00], next run at: 2026-05-12 13:43:32 CDT)" (scheduled at 2026-05-12 13:28:32.794516-05:00)
INFO:routers.scheduler:Scheduler: Checking Citrix machine power states for unknowns...
INFO:routers.scheduler:Scheduler: Refreshing Meraki data...
INFO:routers.scheduler:Scheduler: Refreshing OpManager devices...
INFO:routers.scheduler:Scheduler: Power check complete. New unknowns: 0, Recovered: 0, Notified teams: none
INFO:routers.meraki:Meraki refresh: starting...
INFO:apscheduler.executors.default:Job "job_citrix_power_unknown_check (trigger: interval[0:15:00], next run at: 2026-05-12 13:43:32 CDT)" executed successfully
INFO:routers.findings:findings: refreshed — 36 total
INFO:routers.scheduler:Scheduler: findings refreshed — 36 findings
INFO:apscheduler.executors.default:Job "job_findings (trigger: interval[0:15:00], next run at: 2026-05-12 13:43:32 CDT)" executed successfully
INFO:routers.meraki:Meraki: fetched 11 networks across 2 orgs.
INFO:routers.meraki:Meraki: fetched 215 devices.
INFO:routers.meraki:Meraki: fetched uplinks for 19 appliances.
INFO:routers.meraki:Meraki: fetched 1358 clients.
INFO:routers.meraki:Meraki refresh complete. 11 networks, 215 devices, 19 uplink appliances, 1358 recent clients.
INFO:apscheduler.executors.default:Job "job_meraki_refresh (trigger: interval[0:15:00], next run at: 2026-05-12 13:43:32 CDT)" executed successfully
INFO:routers.scheduler:Scheduler: OpManager alerts updated. Count: 8817
INFO:routers.scheduler:Scheduler: OpManager devices updated.
INFO:apscheduler.executors.default:Job "job_opmanager_devices (trigger: interval[0:15:00], next run at: 2026-05-12 13:43:32 CDT)" executed successfully
INFO:routers.jira:Jira bulk prefetch: fetched 100 tickets so far
INFO:routers.jira:Jira bulk prefetch: fetched 200 tickets so far
INFO:routers.jira:Jira bulk prefetch: fetched 300 tickets so far
INFO:routers.jira:Jira bulk prefetch: fetched 400 tickets so far
INFO:routers.jira:Jira bulk prefetch: fetched 500 tickets so far
INFO:routers.jira:Jira bulk prefetch: fetched 600 tickets so far
INFO:routers.jira:Jira bulk prefetch: fetched 700 tickets so far
INFO:routers.jira:Jira bulk prefetch: fetched 800 tickets so far
INFO:routers.jira:Jira bulk prefetch: fetched 900 tickets so far
INFO:routers.jira:Jira bulk prefetch: fetched 1000 tickets so far
INFO:routers.jira:Jira bulk prefetch: fetched 1100 tickets so far
INFO:routers.jira:Jira bulk prefetch: fetched 1200 tickets so far
INFO:routers.jira:Jira bulk prefetch: fetched 1300 tickets so far
INFO:routers.jira:Jira bulk prefetch: fetched 1396 tickets so far
INFO:routers.jira:Jira bulk prefetch: 1396 tickets indexed, 2227 words
INFO:routers.scheduler:Scheduler: Jira prefetch complete. 1396 ticket(s) fetched. 14/478 device(s) have open tickets.
INFO:apscheduler.executors.default:Job "job_opmanager_alerts (trigger: interval[0:05:00], next run at: 2026-05-12 13:33:32 CDT)" executed successfully
INFO:apscheduler.executors.default:Running job "job_opmanager_alerts (trigger: interval[0:05:00], next run at: 2026-05-12 13:38:32 CDT)" (scheduled at 2026-05-12 13:33:32.794473-05:00)
INFO:routers.scheduler:Scheduler: Refreshing OpManager alerts...
INFO:routers.scheduler:Scheduler: OpManager alerts updated. Count: 8817
INFO:routers.jira:Jira bulk prefetch: fetched 100 tickets so far
INFO:routers.jira:Jira bulk prefetch: fetched 200 tickets so far
INFO:routers.jira:Jira bulk prefetch: fetched 300 tickets so far
INFO:routers.jira:Jira bulk prefetch: fetched 400 tickets so far
INFO:routers.jira:Jira bulk prefetch: fetched 500 tickets so far
INFO:routers.jira:Jira bulk prefetch: fetched 600 tickets so far
INFO:routers.jira:Jira bulk prefetch: fetched 700 tickets so far
INFO:routers.jira:Jira bulk prefetch: fetched 800 tickets so far
INFO:routers.jira:Jira bulk prefetch: fetched 900 tickets so far
INFO:routers.jira:Jira bulk prefetch: fetched 1000 tickets so far
INFO:routers.jira:Jira bulk prefetch: fetched 1100 tickets so far
INFO:routers.jira:Jira bulk prefetch: fetched 1200 tickets so far
INFO:routers.jira:Jira bulk prefetch: fetched 1300 tickets so far
INFO:routers.jira:Jira bulk prefetch: fetched 1396 tickets so far
INFO:routers.jira:Jira bulk prefetch: 1396 tickets indexed, 2227 words
INFO:routers.scheduler:Scheduler: Jira prefetch complete. 1396 ticket(s) fetched. 14/478 device(s) have open tickets.
INFO:apscheduler.executors.default:Job "job_opmanager_alerts (trigger: interval[0:05:00], next run at: 2026-05-12 13:38:32 CDT)" executed successfully
INFO:apscheduler.executors.default:Running job "job_opmanager_alerts (trigger: interval[0:05:00], next run at: 2026-05-12 13:43:32 CDT)" (scheduled at 2026-05-12 13:38:32.794473-05:00)
INFO:routers.scheduler:Scheduler: Refreshing OpManager alerts...
INFO:routers.scheduler:Scheduler: OpManager alerts updated. Count: 8820
INFO:routers.jira:Jira bulk prefetch: fetched 100 tickets so far
INFO:routers.jira:Jira bulk prefetch: fetched 200 tickets so far
INFO:routers.jira:Jira bulk prefetch: fetched 300 tickets so far
INFO:routers.jira:Jira bulk prefetch: fetched 400 tickets so far
INFO:routers.jira:Jira bulk prefetch: fetched 500 tickets so far
INFO:routers.jira:Jira bulk prefetch: fetched 600 tickets so far
INFO:routers.jira:Jira bulk prefetch: fetched 700 tickets so far
INFO:routers.jira:Jira bulk prefetch: fetched 800 tickets so far
INFO:routers.jira:Jira bulk prefetch: fetched 900 tickets so far
INFO:routers.jira:Jira bulk prefetch: fetched 1000 tickets so far
INFO:routers.jira:Jira bulk prefetch: fetched 1100 tickets so far
INFO:routers.jira:Jira bulk prefetch: fetched 1200 tickets so far
INFO:routers.jira:Jira bulk prefetch: fetched 1300 tickets so far
INFO:routers.jira:Jira bulk prefetch: fetched 1397 tickets so far
INFO:routers.jira:Jira bulk prefetch: 1397 tickets indexed, 2229 words
INFO:routers.scheduler:Scheduler: Jira prefetch complete. 1397 ticket(s) fetched. 15/480 device(s) have open tickets.
INFO:apscheduler.executors.default:Job "job_opmanager_alerts (trigger: interval[0:05:00], next run at: 2026-05-12 13:43:32 CDT)" executed successfully
INFO:apscheduler.executors.default:Running job "job_basic_vms (trigger: interval[0:30:00], next run at: 2026-05-12 14:13:32 CDT)" (scheduled at 2026-05-12 13:43:32.794019-05:00)
INFO:apscheduler.executors.default:Running job "job_basic_hosts (trigger: interval[0:30:00], next run at: 2026-05-12 14:13:32 CDT)" (scheduled at 2026-05-12 13:43:32.794166-05:00)
INFO:apscheduler.executors.default:Running job "job_opmanager_alerts (trigger: interval[0:05:00], next run at: 2026-05-12 13:48:32 CDT)" (scheduled at 2026-05-12 13:43:32.794473-05:00)
INFO:apscheduler.executors.default:Running job "job_opmanager_devices (trigger: interval[0:15:00], next run at: 2026-05-12 13:58:32 CDT)" (scheduled at 2026-05-12 13:43:32.794516-05:00)
INFO:apscheduler.executors.default:Running job "job_jira_prefetch (trigger: interval[0:30:00], next run at: 2026-05-12 14:13:32 CDT)" (scheduled at 2026-05-12 13:43:32.794562-05:00)
INFO:apscheduler.executors.default:Running job "job_citrix_summary (trigger: interval[1:00:00], next run at: 2026-05-12 14:43:32 CDT)" (scheduled at 2026-05-12 13:43:32.794960-05:00)
INFO:apscheduler.executors.default:Running job "job_citrix_power_unknown_check (trigger: interval[0:15:00], next run at: 2026-05-12 13:58:32 CDT)" (scheduled at 2026-05-12 13:43:32.795007-05:00)
INFO:apscheduler.executors.default:Running job "job_meraki_refresh (trigger: interval[0:15:00], next run at: 2026-05-12 13:58:32 CDT)" (scheduled at 2026-05-12 13:43:32.795181-05:00)
INFO:routers.scheduler:Scheduler: Refreshing basic VM list...
INFO:apscheduler.executors.default:Running job "job_findings (trigger: interval[0:15:00], next run at: 2026-05-12 13:58:32 CDT)" (scheduled at 2026-05-12 13:43:32.795375-05:00)
INFO:routers.scheduler:Scheduler: Refreshing basic host list...
INFO:routers.scheduler:Scheduler: Refreshing OpManager alerts...
INFO:apscheduler.executors.default:Running job "job_entra_refresh (trigger: interval[1:00:00], next run at: 2026-05-12 14:43:32 CDT)" (scheduled at 2026-05-12 13:43:32.795425-05:00)
INFO:routers.scheduler:Scheduler: Refreshing OpManager devices...
INFO:routers.scheduler:Scheduler: Refreshing Citrix summary...
INFO:routers.scheduler:Scheduler: Checking Citrix machine power states for unknowns...
INFO:routers.scheduler:Scheduler: Refreshing Meraki data...
INFO:routers.scheduler:Scheduler: Refreshing Entra / M365 data...
INFO:routers.scheduler:Scheduler: Power check complete. New unknowns: 0, Recovered: 0, Notified teams: none
INFO:routers.meraki:Meraki refresh: starting...
INFO:apscheduler.executors.default:Job "job_citrix_power_unknown_check (trigger: interval[0:15:00], next run at: 2026-05-12 13:58:32 CDT)" executed successfully
INFO:routers.findings:findings: refreshed — 36 total
INFO:routers.scheduler:Scheduler: findings refreshed — 36 findings
INFO:apscheduler.executors.default:Job "job_findings (trigger: interval[0:15:00], next run at: 2026-05-12 13:58:32 CDT)" executed successfully
INFO:httpx:HTTP Request: POST https://login.microsoftonline.com/c0d9a159-18ab-4c31-a5a5-f4d0b805de7d/oauth2/v2.0/token "HTTP/1.1 200 OK"
INFO:routers.jira:Jira bulk prefetch: fetched 100 tickets so far
INFO:httpx:HTTP Request: GET https://graph.microsoft.com/v1.0/subscribedSkus "HTTP/1.1 200 OK"
INFO:routers.jira:Jira bulk prefetch: fetched 200 tickets so far
INFO:routers.jira:Jira bulk prefetch: fetched 300 tickets so far
INFO:routers.meraki:Meraki: fetched 11 networks across 2 orgs.
INFO:routers.jira:Jira bulk prefetch: fetched 400 tickets so far
INFO:httpx:HTTP Request: GET https://graph.microsoft.com/v1.0/users?%24select=id%2CdisplayName%2CuserPrincipalName%2CaccountEnabled%2CuserType%2CsignInActivity%2CassignedLicenses%2CcreatedDateTime%2Cmail&%24top=999&%24count=true "HTTP/1.1 200 OK"
INFO:routers.jira:Jira bulk prefetch: fetched 500 tickets so far
INFO:routers.jira:Jira bulk prefetch: fetched 600 tickets so far
INFO:routers.jira:Jira bulk prefetch: fetched 700 tickets so far
INFO:routers.meraki:Meraki: fetched 215 devices.
INFO:routers.jira:Jira bulk prefetch: fetched 800 tickets so far
INFO:routers.jira:Jira bulk prefetch: fetched 900 tickets so far
INFO:routers.meraki:Meraki: fetched uplinks for 19 appliances.
INFO:httpx:HTTP Request: GET https://graph.microsoft.com/v1.0/users?$select=id%2cdisplayName%2cuserPrincipalName%2caccountEnabled%2cuserType%2csignInActivity%2cassignedLicenses%2ccreatedDateTime%2cmail&$top=999&$count=true&$skiptoken=m~AQAoOzE0NTM2ZjY3NmUwODRlMGI5OWNmYjUxZTFmNWY5MDkzOzswOzA7Ow "HTTP/1.1 200 OK"
INFO:routers.jira:Jira bulk prefetch: fetched 1000 tickets so far
INFO:routers.jira:Jira bulk prefetch: fetched 1100 tickets so far
INFO:routers.jira:Jira bulk prefetch: fetched 1200 tickets so far
INFO:routers.jira:Jira bulk prefetch: fetched 1300 tickets so far
INFO:httpx:HTTP Request: GET https://graph.microsoft.com/v1.0/users?$select=id%2cdisplayName%2cuserPrincipalName%2caccountEnabled%2cuserType%2csignInActivity%2cassignedLicenses%2ccreatedDateTime%2cmail&$top=999&$count=true&$skiptoken=m~AQAoOzI4NTc0ZjI0MGY2YTRmYjU5ZGJmNzVmNzRiZTQ3NDJlOzswOzA7Ow "HTTP/1.1 200 OK"
INFO:routers.jira:Jira bulk prefetch: fetched 1398 tickets so far
INFO:routers.jira:Jira bulk prefetch: 1398 tickets indexed, 2229 words
INFO:routers.scheduler:Scheduler: Jira prefetch complete. 1398 ticket(s) fetched. 15/481 device(s) have open tickets.
INFO:apscheduler.executors.default:Job "job_jira_prefetch (trigger: interval[0:30:00], next run at: 2026-05-12 14:13:32 CDT)" executed successfully
INFO:httpx:HTTP Request: GET https://graph.microsoft.com/v1.0/users?$select=id%2cdisplayName%2cuserPrincipalName%2caccountEnabled%2cuserType%2csignInActivity%2cassignedLicenses%2ccreatedDateTime%2cmail&$top=999&$count=true&$skiptoken=m~AQAoOzNiZTU2M2U2MjgxYjQzOTg5OTI1ZWE3OGI2ZGFlNWYwOzswOzA7Ow "HTTP/1.1 200 OK"
INFO:httpx:HTTP Request: GET https://graph.microsoft.com/v1.0/users?$select=id%2cdisplayName%2cuserPrincipalName%2caccountEnabled%2cuserType%2csignInActivity%2cassignedLicenses%2ccreatedDateTime%2cmail&$top=999&$count=true&$skiptoken=m~AQAoOzUxNGRhZmRhZTNhYTQ0NjY5MTFkZjEzMjIwMzI3NTI0OzswOzA7Ow "HTTP/1.1 200 OK"
INFO:httpx:HTTP Request: GET https://graph.microsoft.com/v1.0/users?$select=id%2cdisplayName%2cuserPrincipalName%2caccountEnabled%2cuserType%2csignInActivity%2cassignedLicenses%2ccreatedDateTime%2cmail&$top=999&$count=true&$skiptoken=m~AQAoOzY1N2E3MzRhZTM5NDQ0OTBiNzczNWExZjM5NGEzMjk4OzswOzA7Ow "HTTP/1.1 200 OK"
INFO:routers.meraki:Meraki: fetched 1321 clients.
INFO:routers.meraki:Meraki refresh complete. 11 networks, 215 devices, 19 uplink appliances, 1321 recent clients.
INFO:apscheduler.executors.default:Job "job_meraki_refresh (trigger: interval[0:15:00], next run at: 2026-05-12 13:58:32 CDT)" executed successfully
INFO:httpx:HTTP Request: GET https://graph.microsoft.com/v1.0/users?$select=id%2cdisplayName%2cuserPrincipalName%2caccountEnabled%2cuserType%2csignInActivity%2cassignedLicenses%2ccreatedDateTime%2cmail&$top=999&$count=true&$skiptoken=m~AQAoOzdhMjJmY2MwYjEzNzQ2NzZhZDI0OTJhNTQxOWNmYjgyOzswOzA7Ow "HTTP/1.1 200 OK"
INFO:httpx:HTTP Request: GET https://graph.microsoft.com/v1.0/users?$select=id%2cdisplayName%2cuserPrincipalName%2caccountEnabled%2cuserType%2csignInActivity%2cassignedLicenses%2ccreatedDateTime%2cmail&$top=999&$count=true&$skiptoken=m~AQAoOzhlMGVjM2JmNTUxMTRmNGY5ZGQ0Y2Y3ZDRhYWU0ZjFiOzswOzA7Ow "HTTP/1.1 200 OK"
INFO:httpx:HTTP Request: GET https://graph.microsoft.com/v1.0/users?$select=id%2cdisplayName%2cuserPrincipalName%2caccountEnabled%2cuserType%2csignInActivity%2cassignedLicenses%2ccreatedDateTime%2cmail&$top=999&$count=true&$skiptoken=m~AQAoO2ExNTQ1ZDkyOTdjOTQxMjJhM2NlY2NkOTNlZGVjYzI3OzswOzA7Ow "HTTP/1.1 200 OK"
INFO:httpx:HTTP Request: GET https://graph.microsoft.com/v1.0/users?$select=id%2cdisplayName%2cuserPrincipalName%2caccountEnabled%2cuserType%2csignInActivity%2cassignedLicenses%2ccreatedDateTime%2cmail&$top=999&$count=true&$skiptoken=m~AQAoO2I2NWQ3MzNjNmU3YTRmZTdhNWFmYTk3NDA4MThlZTY1OzswOzA7Ow "HTTP/1.1 200 OK"
INFO:httpx:HTTP Request: GET https://graph.microsoft.com/v1.0/users?$select=id%2cdisplayName%2cuserPrincipalName%2caccountEnabled%2cuserType%2csignInActivity%2cassignedLicenses%2ccreatedDateTime%2cmail&$top=999&$count=true&$skiptoken=m~AQAoO2NhOGQ5NGI0NjFkYTQ2MzlhYWExMzZmNjA3MDVhZDViOzswOzA7Ow "HTTP/1.1 200 OK"
INFO:httpx:HTTP Request: GET https://graph.microsoft.com/v1.0/users?$select=id%2cdisplayName%2cuserPrincipalName%2caccountEnabled%2cuserType%2csignInActivity%2cassignedLicenses%2ccreatedDateTime%2cmail&$top=999&$count=true&$skiptoken=m~AQAoO2RlZDAwMDMxZmQwNTRjMzQ5OTlmYzA0OTVhNmI4ODJjOzswOzA7Ow "HTTP/1.1 200 OK"
INFO:httpx:HTTP Request: GET https://graph.microsoft.com/v1.0/users?$select=id%2cdisplayName%2cuserPrincipalName%2caccountEnabled%2cuserType%2csignInActivity%2cassignedLicenses%2ccreatedDateTime%2cmail&$top=999&$count=true&$skiptoken=m~AQAoO2YyZWQ0ZmM1N2FlMTQxNGE4NzY0NDYwYjlhNDU2NGUyOzswOzA7Ow "HTTP/1.1 200 OK"
INFO:routers.scheduler:Scheduler: OpManager alerts updated. Count: 8821
INFO:routers.scheduler:Scheduler: OpManager devices updated.
INFO:apscheduler.executors.default:Job "job_opmanager_devices (trigger: interval[0:15:00], next run at: 2026-05-12 13:58:32 CDT)" executed successfully
INFO:routers.scheduler:Scheduler: Citrix updated. Machines: 687, Sessions: 1035
INFO:apscheduler.executors.default:Job "job_citrix_summary (trigger: interval[1:00:00], next run at: 2026-05-12 14:43:32 CDT)" executed successfully
INFO:routers.scheduler:Scheduler: Basic VM list updated.
INFO:apscheduler.executors.default:Job "job_basic_vms (trigger: interval[0:30:00], next run at: 2026-05-12 14:13:32 CDT)" executed successfully
INFO:routers.scheduler:Scheduler: Basic host list updated.
INFO:apscheduler.executors.default:Job "job_basic_hosts (trigger: interval[0:30:00], next run at: 2026-05-12 14:13:32 CDT)" executed successfully
INFO:routers.jira:Jira bulk prefetch: fetched 100 tickets so far
INFO:httpx:HTTP Request: GET https://graph.microsoft.com/v1.0/groups?%24select=id%2CdisplayName%2CgroupTypes%2CsecurityEnabled%2CmailEnabled%2CmembershipRule%2CcreatedDateTime&%24top=999 "HTTP/1.1 200 OK"
INFO:routers.jira:Jira bulk prefetch: fetched 200 tickets so far
INFO:httpx:HTTP Request: GET https://graph.microsoft.com/v1.0/groups?$select=id%2cdisplayName%2cgroupTypes%2csecurityEnabled%2cmailEnabled%2cmembershipRule%2ccreatedDateTime&$top=999&$skiptoken=RFNwdAIAAQAAACpHcm91cF8wZTMwNDVhMy0xOTIxLTQ0MTctOWMxNC1kZjRiMTFiYzVjNGQqR3JvdXBfMGUzMDQ1YTMtMTkyMS00NDE3LTljMTQtZGY0YjExYmM1YzRkAAAAAAAAAAAAAAA "HTTP/1.1 200 OK"
INFO:routers.jira:Jira bulk prefetch: fetched 300 tickets so far
INFO:httpx:HTTP Request: GET https://graph.microsoft.com/v1.0/groups?$select=id%2cdisplayName%2cgroupTypes%2csecurityEnabled%2cmailEnabled%2cmembershipRule%2ccreatedDateTime&$top=999&$skiptoken=RFNwdAIAACpHcm91cF8wZTMwNWQyOS1hMmUzLTQ3NTktODQ1NS0yOGE3ZmQxN2E0ZjIqR3JvdXBfMGUzMDVkMjktYTJlMy00NzU5LTg0NTUtMjhhN2ZkMTdhNGYyACpHcm91cF8xYzYzMzc5NS03MWNlLTRjOWQtYmI0OC0xMTJhYzI5ZmZkZDQqR3JvdXBfMWM2MzM3OTUtNzFjZS00YzlkLWJiNDgtMTEyYWMyOWZmZGQ0AAAAAAAAAAAAAAA "HTTP/1.1 200 OK"
INFO:routers.jira:Jira bulk prefetch: fetched 400 tickets so far
INFO:httpx:HTTP Request: GET https://graph.microsoft.com/v1.0/groups?$select=id%2cdisplayName%2cgroupTypes%2csecurityEnabled%2cmailEnabled%2cmembershipRule%2ccreatedDateTime&$top=999&$skiptoken=RFNwdAIAACpHcm91cF8xYzY4NjEzNC1iY2Y4LTRhNDItOTJkNC1iZGI0ZGE5YTIxZGIqR3JvdXBfMWM2ODYxMzQtYmNmOC00YTQyLTkyZDQtYmRiNGRhOWEyMWRiACpHcm91cF8yOWMwYTJiMi0yZTE0LTQ2OWEtYjE5Mi00MGJjYzVmYmNjYTUqR3JvdXBfMjljMGEyYjItMmUxNC00NjlhLWIxOTItNDBiY2M1ZmJjY2E1AAAAAAAAAAAAAAA "HTTP/1.1 200 OK"
INFO:routers.jira:Jira bulk prefetch: fetched 500 tickets so far
INFO:routers.jira:Jira bulk prefetch: fetched 600 tickets so far
INFO:httpx:HTTP Request: GET https://graph.microsoft.com/v1.0/groups?$select=id%2cdisplayName%2cgroupTypes%2csecurityEnabled%2cmailEnabled%2cmembershipRule%2ccreatedDateTime&$top=999&$skiptoken=RFNwdAIAACpHcm91cF8yOWM4ZThhMS0zNjQ1LTQyNTUtYmExOC00ZjMzYmFkNzNlOTEqR3JvdXBfMjljOGU4YTEtMzY0NS00MjU1LWJhMTgtNGYzM2JhZDczZTkxACpHcm91cF8zNzFjZTkyZS1hZGI1LTQwMDUtOWNkOS1jZDQzZGU0ZjA3ODQqR3JvdXBfMzcxY2U5MmUtYWRiNS00MDA1LTljZDktY2Q0M2RlNGYwNzg0AAAAAAAAAAAAAAA "HTTP/1.1 200 OK"
INFO:routers.jira:Jira bulk prefetch: fetched 700 tickets so far
INFO:httpx:HTTP Request: GET https://graph.microsoft.com/v1.0/groups?$select=id%2cdisplayName%2cgroupTypes%2csecurityEnabled%2cmailEnabled%2cmembershipRule%2ccreatedDateTime&$top=999&$skiptoken=RFNwdAIAACpHcm91cF8zNzIxMDc2OS1lMGU1LTQ4ZjItODJlZi0xOGE4NDhkNDA0NDYqR3JvdXBfMzcyMTA3NjktZTBlNS00OGYyLTgyZWYtMThhODQ4ZDQwNDQ2ACpHcm91cF80NDhkZjQ2Yi1lOTEzLTRkNGUtYTBkMC02Mzg2OTFiYmNlNGYqR3JvdXBfNDQ4ZGY0NmItZTkxMy00ZDRlLWEwZDAtNjM4NjkxYmJjZTRmAAAAAAAAAAAAAAA "HTTP/1.1 200 OK"
INFO:routers.jira:Jira bulk prefetch: fetched 800 tickets so far
INFO:httpx:HTTP Request: GET https://graph.microsoft.com/v1.0/groups?$select=id%2cdisplayName%2cgroupTypes%2csecurityEnabled%2cmailEnabled%2cmembershipRule%2ccreatedDateTime&$top=999&$skiptoken=RFNwdAIAACpHcm91cF80NDkxZTM4Yi1hNDEyLTQyYjYtOTg5Mi01MzUzYTVhYmRjNGIqR3JvdXBfNDQ5MWUzOGItYTQxMi00MmI2LTk4OTItNTM1M2E1YWJkYzRiACpHcm91cF81MWE3YjQ4ZS02NmZiLTQ5YTEtYjQ1ZS1kMzZiZmRjOWI5OGUqR3JvdXBfNTFhN2I0OGUtNjZmYi00OWExLWI0NWUtZDM2YmZkYzliOThlAAAAAAAAAAAAAAA "HTTP/1.1 200 OK"
INFO:routers.jira:Jira bulk prefetch: fetched 900 tickets so far
INFO:httpx:HTTP Request: GET https://graph.microsoft.com/v1.0/groups?$select=id%2cdisplayName%2cgroupTypes%2csecurityEnabled%2cmailEnabled%2cmembershipRule%2ccreatedDateTime&$top=999&$skiptoken=RFNwdAIAACpHcm91cF81MWFiOTFmZC02NTZlLTRlYTctYWQxNC05NTFkNjczNjZiMmMqR3JvdXBfNTFhYjkxZmQtNjU2ZS00ZWE3LWFkMTQtOTUxZDY3MzY2YjJjACpHcm91cF81ZTY3N2M4Zi04N2I1LTQwMDktODJjZC04NDAyMWRlNTBjNTIqR3JvdXBfNWU2NzdjOGYtODdiNS00MDA5LTgyY2QtODQwMjFkZTUwYzUyAAAAAAAAAAAAAAA "HTTP/1.1 200 OK"
INFO:routers.jira:Jira bulk prefetch: fetched 1000 tickets so far
INFO:httpx:HTTP Request: GET https://graph.microsoft.com/v1.0/groups?$select=id%2cdisplayName%2cgroupTypes%2csecurityEnabled%2cmailEnabled%2cmembershipRule%2ccreatedDateTime&$top=999&$skiptoken=RFNwdAIAACpHcm91cF81ZTY3OGNjYy0zOTg2LTQ2ZWUtYjVkMS1iMjYxM2M4ZmM0N2MqR3JvdXBfNWU2NzhjY2MtMzk4Ni00NmVlLWI1ZDEtYjI2MTNjOGZjNDdjACpHcm91cF82YzhlMDAwNC05NDlkLTRhOWMtOTRhYy00MzU1MGNjZTdmZDAqR3JvdXBfNmM4ZTAwMDQtOTQ5ZC00YTljLTk0YWMtNDM1NTBjY2U3ZmQwAAAAAAAAAAAAAAA "HTTP/1.1 200 OK"
INFO:routers.jira:Jira bulk prefetch: fetched 1100 tickets so far
INFO:routers.jira:Jira bulk prefetch: fetched 1200 tickets so far
INFO:httpx:HTTP Request: GET https://graph.microsoft.com/v1.0/groups?$select=id%2cdisplayName%2cgroupTypes%2csecurityEnabled%2cmailEnabled%2cmembershipRule%2ccreatedDateTime&$top=999&$skiptoken=RFNwdAIAACpHcm91cF82YzkxN2U3ZS05NjcyLTRkMjUtOTU5ZC1lZmJkNTU5OGYwNTgqR3JvdXBfNmM5MTdlN2UtOTY3Mi00ZDI1LTk1OWQtZWZiZDU1OThmMDU4ACpHcm91cF83OWRjZWQ1MS1iYjQ0LTRmYWMtOTlkOC00OTUzZjMzOTZlZDUqR3JvdXBfNzlkY2VkNTEtYmI0NC00ZmFjLTk5ZDgtNDk1M2YzMzk2ZWQ1AAAAAAAAAAAAAAA "HTTP/1.1 200 OK"
INFO:routers.jira:Jira bulk prefetch: fetched 1300 tickets so far
INFO:routers.jira:Jira bulk prefetch: fetched 1398 tickets so far
INFO:routers.jira:Jira bulk prefetch: 1398 tickets indexed, 2229 words
INFO:routers.scheduler:Scheduler: Jira prefetch complete. 1398 ticket(s) fetched. 15/481 device(s) have open tickets.
INFO:apscheduler.executors.default:Job "job_opmanager_alerts (trigger: interval[0:05:00], next run at: 2026-05-12 13:48:32 CDT)" executed successfully
INFO:httpx:HTTP Request: GET https://graph.microsoft.com/v1.0/groups?$select=id%2cdisplayName%2cgroupTypes%2csecurityEnabled%2cmailEnabled%2cmembershipRule%2ccreatedDateTime&$top=999&$skiptoken=RFNwdAIAACpHcm91cF83OWRmZmQ3My05NWY5LTQxMjgtOWEwMy03Nzc0N2Q3ZGVlYmMqR3JvdXBfNzlkZmZkNzMtOTVmOS00MTI4LTlhMDMtNzc3NDdkN2RlZWJjACpHcm91cF84NzFkYmJjOS1iZTUzLTRhNWQtOTNiOS1jNmFjY2FlZDJhODEqR3JvdXBfODcxZGJiYzktYmU1My00YTVkLTkzYjktYzZhY2NhZWQyYTgxAAAAAAAAAAAAAAA "HTTP/1.1 200 OK"
INFO:httpx:HTTP Request: GET https://graph.microsoft.com/v1.0/groups?$select=id%2cdisplayName%2cgroupTypes%2csecurityEnabled%2cmailEnabled%2cmembershipRule%2ccreatedDateTime&$top=999&$skiptoken=RFNwdAIAACpHcm91cF84NzI2OTYxOC03N2UxLTRhZDAtYWNiMS1iODJhMzY1ZWZkNTcqR3JvdXBfODcyNjk2MTgtNzdlMS00YWQwLWFjYjEtYjgyYTM2NWVmZDU3ACpHcm91cF85NTA4YWE4Zi1mODE4LTQ3NzAtOTBkMS1kNjkxYzM1ZTkxMmMqR3JvdXBfOTUwOGFhOGYtZjgxOC00NzcwLTkwZDEtZDY5MWMzNWU5MTJjAAAAAAAAAAAAAAA "HTTP/1.1 200 OK"
INFO:httpx:HTTP Request: GET https://graph.microsoft.com/v1.0/groups?$select=id%2cdisplayName%2cgroupTypes%2csecurityEnabled%2cmailEnabled%2cmembershipRule%2ccreatedDateTime&$top=999&$skiptoken=RFNwdAIAACpHcm91cF85NTA4YmE0NC1hMzg3LTQ2NjUtOTliZC1iZmI0Y2Q3YzgxZWUqR3JvdXBfOTUwOGJhNDQtYTM4Ny00NjY1LTk5YmQtYmZiNGNkN2M4MWVlACpHcm91cF9hMjNmZTVjMy0xOGUzLTRjMzktYjhjMi03Y2EyMmQ5ZmE0NzIqR3JvdXBfYTIzZmU1YzMtMThlMy00YzM5LWI4YzItN2NhMjJkOWZhNDcyAAAAAAAAAAAAAAA "HTTP/1.1 200 OK"
INFO:httpx:HTTP Request: GET https://graph.microsoft.com/v1.0/groups?$select=id%2cdisplayName%2cgroupTypes%2csecurityEnabled%2cmailEnabled%2cmembershipRule%2ccreatedDateTime&$top=999&$skiptoken=RFNwdAIAACpHcm91cF9hMjQyY2M5MS0xOWJjLTRkZjQtYTkyNy0xMGU2ZmQwMThlNzEqR3JvdXBfYTI0MmNjOTEtMTliYy00ZGY0LWE5MjctMTBlNmZkMDE4ZTcxACpHcm91cF9hZjQ1M2NkNy0yMWQ3LTRhOWUtYjY1Mi1hMGZlODgyODYyYWUqR3JvdXBfYWY0NTNjZDctMjFkNy00YTllLWI2NTItYTBmZTg4Mjg2MmFlAAAAAAAAAAAAAAA "HTTP/1.1 200 OK"
INFO:httpx:HTTP Request: GET https://graph.microsoft.com/v1.0/groups?$select=id%2cdisplayName%2cgroupTypes%2csecurityEnabled%2cmailEnabled%2cmembershipRule%2ccreatedDateTime&$top=999&$skiptoken=RFNwdAIAACpHcm91cF9hZjRhODcxYy03NzA2LTQ3YjUtOGU1NC02NTIzZDdiOTg3N2EqR3JvdXBfYWY0YTg3MWMtNzcwNi00N2I1LThlNTQtNjUyM2Q3Yjk4NzdhACpHcm91cF9iY2QyY2E5OC0yZjk4LTRiYWEtYmZkMy1iZGFiNWViMGU3YzAqR3JvdXBfYmNkMmNhOTgtMmY5OC00YmFhLWJmZDMtYmRhYjVlYjBlN2MwAAAAAAAAAAAAAAA "HTTP/1.1 200 OK"
INFO:httpx:HTTP Request: GET https://graph.microsoft.com/v1.0/groups?$select=id%2cdisplayName%2cgroupTypes%2csecurityEnabled%2cmailEnabled%2cmembershipRule%2ccreatedDateTime&$top=999&$skiptoken=RFNwdAIAACpHcm91cF9iY2QzNDVkNi02NDhhLTQ2ZTYtYjJhYS03YmY4OThlNGY2MmEqR3JvdXBfYmNkMzQ1ZDYtNjQ4YS00NmU2LWIyYWEtN2JmODk4ZTRmNjJhACpHcm91cF9jYTY3MDFiNy0xODg4LTQ0MzMtYTZhOC0zMWZjNDg2OTk4ODMqR3JvdXBfY2E2NzAxYjctMTg4OC00NDMzLWE2YTgtMzFmYzQ4Njk5ODgzAAAAAAAAAAAAAAA "HTTP/1.1 200 OK"
INFO:httpx:HTTP Request: GET https://graph.microsoft.com/v1.0/groups?$select=id%2cdisplayName%2cgroupTypes%2csecurityEnabled%2cmailEnabled%2cmembershipRule%2ccreatedDateTime&$top=999&$skiptoken=RFNwdAIAACpHcm91cF9jYTZiNGRmYy04MzEzLTQ3ODItYWRiZi0wODA5YTgyMzlkYTcqR3JvdXBfY2E2YjRkZmMtODMxMy00NzgyLWFkYmYtMDgwOWE4MjM5ZGE3ACpHcm91cF9kN2MyYmYxMS03ZThmLTQwYmEtYjdhYS04YjM4NDlmNDE4OGEqR3JvdXBfZDdjMmJmMTEtN2U4Zi00MGJhLWI3YWEtOGIzODQ5ZjQxODhhAAAAAAAAAAAAAAA "HTTP/1.1 200 OK"
INFO:httpx:HTTP Request: GET https://graph.microsoft.com/v1.0/groups?$select=id%2cdisplayName%2cgroupTypes%2csecurityEnabled%2cmailEnabled%2cmembershipRule%2ccreatedDateTime&$top=999&$skiptoken=RFNwdAIAACpHcm91cF9kN2M2YTgyZC0xNjZkLTQ1ZjgtYmIwYy02YTBmNGUxOGViOTQqR3JvdXBfZDdjNmE4MmQtMTY2ZC00NWY4LWJiMGMtNmEwZjRlMThlYjk0ACpHcm91cF9lNGJlZWMyMC05ZWIzLTQ0ODktYTAzZS1mM2U0NDBkMTk4ODQqR3JvdXBfZTRiZWVjMjAtOWViMy00NDg5LWEwM2UtZjNlNDQwZDE5ODg0AAAAAAAAAAAAAAA "HTTP/1.1 200 OK"
INFO:httpx:HTTP Request: GET https://graph.microsoft.com/v1.0/groups?$select=id%2cdisplayName%2cgroupTypes%2csecurityEnabled%2cmailEnabled%2cmembershipRule%2ccreatedDateTime&$top=999&$skiptoken=RFNwdAIAACpHcm91cF9lNGM0MDExOC0yYzgwLTQyZjQtOWNhZS0yOTEwOTliMTA2MTMqR3JvdXBfZTRjNDAxMTgtMmM4MC00MmY0LTljYWUtMjkxMDk5YjEwNjEzACpHcm91cF9mMjMzNTg2Ny0wZjUwLTQyYjgtOThiZi02OGJkYmY0NGVhOTgqR3JvdXBfZjIzMzU4NjctMGY1MC00MmI4LTk4YmYtNjhiZGJmNDRlYTk4AAAAAAAAAAAAAAA "HTTP/1.1 200 OK"
INFO:httpx:HTTP Request: GET https://graph.microsoft.com/v1.0/groups?$select=id%2cdisplayName%2cgroupTypes%2csecurityEnabled%2cmailEnabled%2cmembershipRule%2ccreatedDateTime&$top=999&$skiptoken=RFNwdAIAACpHcm91cF9mMjM0ZmMxOS1mZmQyLTQ0MmQtYjUyZC02NWE5YTcxODEwZTkqR3JvdXBfZjIzNGZjMTktZmZkMi00NDJkLWI1MmQtNjVhOWE3MTgxMGU5ACpHcm91cF9mZjhlNTY0ZC00MTBhLTQ4ZmUtYmU5MS1mNWY1ZGQ4YmY1M2UqR3JvdXBfZmY4ZTU2NGQtNDEwYS00OGZlLWJlOTEtZjVmNWRkOGJmNTNlAAAAAAAAAAAAAAA "HTTP/1.1 200 OK"
INFO:httpx:HTTP Request: GET https://graph.microsoft.com/v1.0/applications?%24select=id%2CdisplayName%2CappId%2CcreatedDateTime%2CpasswordCredentials%2CkeyCredentials%2CsignInAudience&%24top=999 "HTTP/1.1 200 OK"
INFO:httpx:HTTP Request: GET https://graph.microsoft.com/v1.0/reports/getMailboxUsageDetail(period='D30') "HTTP/1.1 302 Found"
INFO:httpx:HTTP Request: GET https://reportsncu.office.com/data/v1.0/download?token=eyJhbGciOiJSUzI1NiIsImtpZCI6IkY5QjU0NEU5N0Y1OERGOUM2RUNBQTVERTYyOEQ5RDgwNEE1M0YzRUEiLCJ0eXAiOiJKV1QifQ.eyJ0aWQiOiJjMGQ5YTE1OS0xOGFiLTRjMzEtYTVhNS1mNGQwYjgwNWRlN2QiLCJlbnQiOiJnZXRNYWlsYm94VXNhZ2VEZXRhaWwiLCJhcHAiOiI4NmNkOWVjZi00YTE3LTQ1NGYtYjY5ZC04N2JjNDQ4NGUyZjEiLCJjaWQiOiI3MDQxMjI4REQ1RUE0MDg3OTVCNjNBMjMzOEY3REE1QiIsImd2ZXIiOiJWMSIsImFnZyI6Ik0zMCIsImRhdGUiOiIiLCJ0dmVyIjoiVjEuMCIsInJlcSI6InJlcG9ydHNuY3Uub2ZmaWNlLmNvbSIsInBvciI6IjQ0MyIsIm5iZiI6MTc3ODYxMTQ2NCwiZXhwIjoxNzc4NjExNTg0LCJpYXQiOjE3Nzg2MTE0NjQsImlzcyI6IjUwN2JjOWRhLWM0ZTItNDBjYi05NmE3LWFjOTBkZjkyNjg1YyIsImF1ZCI6InJlcG9ydHNuY3Uub2ZmaWNlLmNvbSJ9.oDKc4X-ea9pcJjCxhycLEGgeGextIfXpVOjPQ4NkCsSlddbOSxBLYs0Ejru1DfpyqTr6rd3vt3qUr1qhqIxb9FAl40oadafVhsyKbr41kTpQYJgU0bBBuaYyxCkWSNvQH1_-4gmFx8STQJoQcUVZKAeMgJKYp69xay1nU5e4ZoI51uqRGiQ-cukDqjm9qLGgAS4EqoZ_dSn8vTbix_uzfSEVPIeMWzXzGhMzTOk05L8BC1c9HVLsGFwYwSqkMCGVAQPDpReeaPfBNgUYFihK_MZmOolhTvOIiEUdwxlwOOXxkb_jDjwKw6mv7NGJDSCvdKP83MGNj-0SmsS4JoIi6g "HTTP/1.1 200 OK"
INFO:httpx:HTTP Request: GET https://graph.microsoft.com/v1.0/identityProtection/riskyUsers?%24filter=riskState+ne+%27dismissed%27+and+riskState+ne+%27remediated%27&%24top=50 "HTTP/1.1 200 OK"
INFO:httpx:HTTP Request: GET https://graph.microsoft.com/v1.0/identityProtection/riskyUsers?$filter=riskState+ne+%27dismissed%27+and+riskState+ne+%27remediated%27&$top=50&$skiptoken=f38623b6a27023cfdfcd37acd1fdcc17eb2a74af6c58fcc7bb1a066d1be92b93_50 "HTTP/1.1 200 OK"
INFO:httpx:HTTP Request: GET https://graph.microsoft.com/v1.0/identityProtection/riskyUsers?$filter=riskState+ne+%27dismissed%27+and+riskState+ne+%27remediated%27&$top=50&$skiptoken=6137727bef640ff1e27ca0542e2704c45133bb9ab8df8d68ab4a2cdf6fd87fa7_100 "HTTP/1.1 200 OK"
INFO:httpx:HTTP Request: GET https://graph.microsoft.com/v1.0/identityProtection/riskyUsers?$filter=riskState+ne+%27dismissed%27+and+riskState+ne+%27remediated%27&$top=50&$skiptoken=f6834ceaa8e7baa243a6d44969f9805f4b49596ba82e6e73d8ffaf3b530ea2aa_150 "HTTP/1.1 200 OK"
INFO:httpx:HTTP Request: GET https://graph.microsoft.com/v1.0/identityProtection/riskyUsers?$filter=riskState+ne+%27dismissed%27+and+riskState+ne+%27remediated%27&$top=50&$skiptoken=a2be8d614ae97152132c9278aef5c48aa6a97a21800ff11c82e2dc86cbeaa7f3_200 "HTTP/1.1 200 OK"
INFO:httpx:HTTP Request: GET https://graph.microsoft.com/v1.0/identityProtection/riskyUsers?$filter=riskState+ne+%27dismissed%27+and+riskState+ne+%27remediated%27&$top=50&$skiptoken=45c12f3139ec3de80aa4d00b07eec26d620a9e8b9a8ebcec82723fde05f227ef_250 "HTTP/1.1 200 OK"
INFO:httpx:HTTP Request: GET https://graph.microsoft.com/v1.0/identityProtection/riskyUsers?$filter=riskState+ne+%27dismissed%27+and+riskState+ne+%27remediated%27&$top=50&$skiptoken=ceb80fceed721448bb58ab6fa889d94f1e9a9482a372a7539d2b152e21e7d366_300 "HTTP/1.1 200 OK"
INFO:httpx:HTTP Request: GET https://graph.microsoft.com/v1.0/identityProtection/riskyUsers?$filter=riskState+ne+%27dismissed%27+and+riskState+ne+%27remediated%27&$top=50&$skiptoken=45716480b8864a27b9fa459957513bd47942abb343e15d0aa83a518805e08496_350 "HTTP/1.1 200 OK"
INFO:httpx:HTTP Request: GET https://graph.microsoft.com/v1.0/identityProtection/riskyUsers?$filter=riskState+ne+%27dismissed%27+and+riskState+ne+%27remediated%27&$top=50&$skiptoken=0d5d45bf756d05ccd6d144202344a53c5bf1e9839b8cf47e97c67d2fbf8c6287_400 "HTTP/1.1 200 OK"
INFO:httpx:HTTP Request: GET https://graph.microsoft.com/v1.0/identityProtection/riskyUsers?$filter=riskState+ne+%27dismissed%27+and+riskState+ne+%27remediated%27&$top=50&$skiptoken=a3d6ada2ad8a8d670d75e5520c3d3887064bc0391d484fbc962920535de8269d_450 "HTTP/1.1 200 OK"
INFO:httpx:HTTP Request: GET https://graph.microsoft.com/v1.0/identityProtection/riskyUsers?$filter=riskState+ne+%27dismissed%27+and+riskState+ne+%27remediated%27&$top=50&$skiptoken=f23abe2431fa771fd3a0c207c861ec578f384174d38ec1487578300db014c2cd_500 "HTTP/1.1 200 OK"
INFO:httpx:HTTP Request: GET https://graph.microsoft.com/v1.0/identityProtection/riskyUsers?$filter=riskState+ne+%27dismissed%27+and+riskState+ne+%27remediated%27&$top=50&$skiptoken=d04a3430e0b0ef32dd6fdcab0874146bfddea7c36ffcc38186564f6e1d509928_550 "HTTP/1.1 200 OK"
INFO:httpx:HTTP Request: GET https://graph.microsoft.com/v1.0/identity/conditionalAccess/policies "HTTP/1.1 200 OK"
INFO:routers.entra:Entra refresh complete: {'licenses': 38, 'users': 12609, 'groups': 19019, 'apps': 356, 'mailbox': 5041, 'risky': 584, 'ca_policies': 25}
INFO:routers.scheduler:Scheduler: Entra refresh complete: {'licenses': 38, 'users': 12609, 'groups': 19019, 'apps': 356, 'mailbox': 5041, 'risky': 584, 'ca_policies': 25}
INFO:apscheduler.executors.default:Job "job_entra_refresh (trigger: interval[1:00:00], next run at: 2026-05-12 14:43:32 CDT)" executed successfully
INFO:apscheduler.executors.default:Running job "job_opmanager_alerts (trigger: interval[0:05:00], next run at: 2026-05-12 13:53:32 CDT)" (scheduled at 2026-05-12 13:48:32.794473-05:00)
INFO:routers.scheduler:Scheduler: Refreshing OpManager alerts...
INFO:routers.scheduler:Scheduler: OpManager alerts updated. Count: 8821
INFO:routers.jira:Jira bulk prefetch: fetched 100 tickets so far
INFO:routers.jira:Jira bulk prefetch: fetched 200 tickets so far
INFO:routers.jira:Jira bulk prefetch: fetched 300 tickets so far
INFO:routers.jira:Jira bulk prefetch: fetched 400 tickets so far
INFO:routers.jira:Jira bulk prefetch: fetched 500 tickets so far
INFO:routers.jira:Jira bulk prefetch: fetched 600 tickets so far
INFO:routers.jira:Jira bulk prefetch: fetched 700 tickets so far
INFO:routers.jira:Jira bulk prefetch: fetched 800 tickets so far
INFO:routers.jira:Jira bulk prefetch: fetched 900 tickets so far
INFO:routers.jira:Jira bulk prefetch: fetched 1000 tickets so far
INFO:routers.jira:Jira bulk prefetch: fetched 1100 tickets so far
INFO:routers.jira:Jira bulk prefetch: fetched 1200 tickets so far
INFO:routers.jira:Jira bulk prefetch: fetched 1300 tickets so far
INFO:routers.jira:Jira bulk prefetch: fetched 1396 tickets so far
INFO:routers.jira:Jira bulk prefetch: 1396 tickets indexed, 2226 words
INFO:routers.scheduler:Scheduler: Jira prefetch complete. 1396 ticket(s) fetched. 15/480 device(s) have open tickets.
INFO:apscheduler.executors.default:Job "job_opmanager_alerts (trigger: interval[0:05:00], next run at: 2026-05-12 13:53:32 CDT)" executed successfully
INFO:apscheduler.executors.default:Running job "job_opmanager_alerts (trigger: interval[0:05:00], next run at: 2026-05-12 13:58:32 CDT)" (scheduled at 2026-05-12 13:53:32.794473-05:00)
INFO:routers.scheduler:Scheduler: Refreshing OpManager alerts...
INFO:routers.scheduler:Scheduler: OpManager alerts updated. Count: 8821
INFO:routers.jira:Jira bulk prefetch: fetched 100 tickets so far
INFO:routers.jira:Jira bulk prefetch: fetched 200 tickets so far
INFO:routers.jira:Jira bulk prefetch: fetched 300 tickets so far
INFO:routers.jira:Jira bulk prefetch: fetched 400 tickets so far
INFO:routers.jira:Jira bulk prefetch: fetched 500 tickets so far
INFO:routers.jira:Jira bulk prefetch: fetched 600 tickets so far
INFO:routers.jira:Jira bulk prefetch: fetched 700 tickets so far
INFO:routers.jira:Jira bulk prefetch: fetched 800 tickets so far
INFO:routers.jira:Jira bulk prefetch: fetched 900 tickets so far
INFO:routers.jira:Jira bulk prefetch: fetched 1000 tickets so far
INFO:routers.jira:Jira bulk prefetch: fetched 1100 tickets so far
INFO:routers.jira:Jira bulk prefetch: fetched 1200 tickets so far
INFO:routers.jira:Jira bulk prefetch: fetched 1300 tickets so far
INFO:routers.jira:Jira bulk prefetch: fetched 1396 tickets so far
INFO:routers.jira:Jira bulk prefetch: 1396 tickets indexed, 2226 words
INFO:routers.scheduler:Scheduler: Jira prefetch complete. 1396 ticket(s) fetched. 16/481 device(s) have open tickets.
INFO:apscheduler.executors.default:Job "job_opmanager_alerts (trigger: interval[0:05:00], next run at: 2026-05-12 13:58:32 CDT)" executed successfully
INFO:apscheduler.executors.default:Running job "job_opmanager_alerts (trigger: interval[0:05:00], next run at: 2026-05-12 14:03:32 CDT)" (scheduled at 2026-05-12 13:58:32.794473-05:00)
INFO:routers.scheduler:Scheduler: Refreshing OpManager alerts...
INFO:apscheduler.executors.default:Running job "job_citrix_power_unknown_check (trigger: interval[0:15:00], next run at: 2026-05-12 14:13:32 CDT)" (scheduled at 2026-05-12 13:58:32.795007-05:00)
INFO:apscheduler.executors.default:Running job "job_meraki_refresh (trigger: interval[0:15:00], next run at: 2026-05-12 14:13:32 CDT)" (scheduled at 2026-05-12 13:58:32.795181-05:00)
INFO:apscheduler.executors.default:Running job "job_findings (trigger: interval[0:15:00], next run at: 2026-05-12 14:13:32 CDT)" (scheduled at 2026-05-12 13:58:32.795375-05:00)
INFO:apscheduler.executors.default:Running job "job_opmanager_devices (trigger: interval[0:15:00], next run at: 2026-05-12 14:13:32 CDT)" (scheduled at 2026-05-12 13:58:32.794516-05:00)
INFO:routers.scheduler:Scheduler: Checking Citrix machine power states for unknowns...
INFO:routers.scheduler:Scheduler: Refreshing Meraki data...
INFO:routers.scheduler:Scheduler: Refreshing OpManager devices...
INFO:routers.scheduler:Scheduler: Power check complete. New unknowns: 0, Recovered: 0, Notified teams: none
INFO:routers.meraki:Meraki refresh: starting...
INFO:apscheduler.executors.default:Job "job_citrix_power_unknown_check (trigger: interval[0:15:00], next run at: 2026-05-12 14:13:32 CDT)" executed successfully
INFO:routers.findings:findings: refreshed — 36 total
INFO:routers.scheduler:Scheduler: findings refreshed — 36 findings
INFO:apscheduler.executors.default:Job "job_findings (trigger: interval[0:15:00], next run at: 2026-05-12 14:13:32 CDT)" executed successfully
INFO:routers.meraki:Meraki: fetched 11 networks across 2 orgs.
INFO:routers.meraki:Meraki: fetched 215 devices.
INFO:routers.meraki:Meraki: fetched uplinks for 19 appliances.
INFO:routers.scheduler:Scheduler: OpManager devices updated.
INFO:apscheduler.executors.default:Job "job_opmanager_devices (trigger: interval[0:15:00], next run at: 2026-05-12 14:13:32 CDT)" executed successfully
INFO:routers.meraki:Meraki: fetched 1325 clients.
INFO:routers.meraki:Meraki refresh complete. 11 networks, 215 devices, 19 uplink appliances, 1325 recent clients.
INFO:apscheduler.executors.default:Job "job_meraki_refresh (trigger: interval[0:15:00], next run at: 2026-05-12 14:13:32 CDT)" executed successfully
INFO:routers.scheduler:Scheduler: OpManager alerts updated. Count: 8822
INFO:routers.jira:Jira bulk prefetch: fetched 100 tickets so far
INFO:routers.jira:Jira bulk prefetch: fetched 200 tickets so far
INFO:routers.jira:Jira bulk prefetch: fetched 300 tickets so far
INFO:routers.jira:Jira bulk prefetch: fetched 400 tickets so far
INFO:routers.jira:Jira bulk prefetch: fetched 500 tickets so far
INFO:routers.jira:Jira bulk prefetch: fetched 600 tickets so far
INFO:routers.jira:Jira bulk prefetch: fetched 700 tickets so far
INFO:routers.jira:Jira bulk prefetch: fetched 800 tickets so far
INFO:routers.jira:Jira bulk prefetch: fetched 900 tickets so far
INFO:routers.jira:Jira bulk prefetch: fetched 1000 tickets so far
INFO:routers.jira:Jira bulk prefetch: fetched 1100 tickets so far
INFO:routers.jira:Jira bulk prefetch: fetched 1200 tickets so far
INFO:routers.jira:Jira bulk prefetch: fetched 1300 tickets so far
INFO:routers.jira:Jira bulk prefetch: fetched 1396 tickets so far
INFO:routers.jira:Jira bulk prefetch: 1396 tickets indexed, 2225 words
INFO:routers.scheduler:Scheduler: Jira prefetch complete. 1396 ticket(s) fetched. 16/481 device(s) have open tickets.
INFO:apscheduler.executors.default:Job "job_opmanager_alerts (trigger: interval[0:05:00], next run at: 2026-05-12 14:03:32 CDT)" executed successfully
INFO:apscheduler.executors.default:Running job "job_opmanager_alerts (trigger: interval[0:05:00], next run at: 2026-05-12 14:08:32 CDT)" (scheduled at 2026-05-12 14:03:32.794473-05:00)
INFO:routers.scheduler:Scheduler: Refreshing OpManager alerts...
INFO:routers.scheduler:Scheduler: OpManager alerts updated. Count: 8822
INFO:routers.jira:Jira bulk prefetch: fetched 100 tickets so far
INFO:routers.jira:Jira bulk prefetch: fetched 200 tickets so far
INFO:routers.jira:Jira bulk prefetch: fetched 300 tickets so far
INFO:routers.jira:Jira bulk prefetch: fetched 400 tickets so far
INFO:routers.jira:Jira bulk prefetch: fetched 500 tickets so far
INFO:routers.jira:Jira bulk prefetch: fetched 600 tickets so far
INFO:routers.jira:Jira bulk prefetch: fetched 700 tickets so far
INFO:routers.jira:Jira bulk prefetch: fetched 800 tickets so far
INFO:routers.jira:Jira bulk prefetch: fetched 900 tickets so far
INFO:routers.jira:Jira bulk prefetch: fetched 1000 tickets so far
INFO:routers.jira:Jira bulk prefetch: fetched 1100 tickets so far
INFO:routers.jira:Jira bulk prefetch: fetched 1200 tickets so far
INFO:routers.jira:Jira bulk prefetch: fetched 1300 tickets so far
INFO:routers.jira:Jira bulk prefetch: fetched 1397 tickets so far
INFO:routers.jira:Jira bulk prefetch: 1397 tickets indexed, 2225 words
INFO:routers.scheduler:Scheduler: Jira prefetch complete. 1397 ticket(s) fetched. 16/482 device(s) have open tickets.
INFO:apscheduler.executors.default:Job "job_opmanager_alerts (trigger: interval[0:05:00], next run at: 2026-05-12 14:08:32 CDT)" executed successfully
INFO:apscheduler.executors.default:Running job "job_opmanager_alerts (trigger: interval[0:05:00], next run at: 2026-05-12 14:13:32 CDT)" (scheduled at 2026-05-12 14:08:32.794473-05:00)
INFO:routers.scheduler:Scheduler: Refreshing OpManager alerts...
INFO:routers.scheduler:Scheduler: OpManager alerts updated. Count: 8822
INFO:routers.jira:Jira bulk prefetch: fetched 100 tickets so far
INFO:routers.jira:Jira bulk prefetch: fetched 200 tickets so far
INFO:routers.jira:Jira bulk prefetch: fetched 300 tickets so far
INFO:routers.jira:Jira bulk prefetch: fetched 400 tickets so far
INFO:routers.jira:Jira bulk prefetch: fetched 500 tickets so far
INFO:routers.jira:Jira bulk prefetch: fetched 600 tickets so far
INFO:routers.jira:Jira bulk prefetch: fetched 700 tickets so far
INFO:routers.jira:Jira bulk prefetch: fetched 800 tickets so far
INFO:routers.jira:Jira bulk prefetch: fetched 900 tickets so far
INFO:routers.jira:Jira bulk prefetch: fetched 1000 tickets so far
INFO:routers.jira:Jira bulk prefetch: fetched 1100 tickets so far
INFO:routers.jira:Jira bulk prefetch: fetched 1200 tickets so far
INFO:routers.jira:Jira bulk prefetch: fetched 1300 tickets so far
INFO:routers.jira:Jira bulk prefetch: fetched 1397 tickets so far
INFO:routers.jira:Jira bulk prefetch: 1397 tickets indexed, 2226 words
INFO:routers.scheduler:Scheduler: Jira prefetch complete. 1397 ticket(s) fetched. 16/483 device(s) have open tickets.
INFO:apscheduler.executors.default:Job "job_opmanager_alerts (trigger: interval[0:05:00], next run at: 2026-05-12 14:13:32 CDT)" executed successfully
INFO:apscheduler.executors.default:Running job "job_basic_vms (trigger: interval[0:30:00], next run at: 2026-05-12 14:43:32 CDT)" (scheduled at 2026-05-12 14:13:32.794019-05:00)
INFO:apscheduler.executors.default:Running job "job_basic_hosts (trigger: interval[0:30:00], next run at: 2026-05-12 14:43:32 CDT)" (scheduled at 2026-05-12 14:13:32.794166-05:00)
INFO:apscheduler.executors.default:Running job "job_opmanager_alerts (trigger: interval[0:05:00], next run at: 2026-05-12 14:18:32 CDT)" (scheduled at 2026-05-12 14:13:32.794473-05:00)
INFO:apscheduler.executors.default:Running job "job_opmanager_devices (trigger: interval[0:15:00], next run at: 2026-05-12 14:28:32 CDT)" (scheduled at 2026-05-12 14:13:32.794516-05:00)
INFO:apscheduler.executors.default:Running job "job_jira_prefetch (trigger: interval[0:30:00], next run at: 2026-05-12 14:43:32 CDT)" (scheduled at 2026-05-12 14:13:32.794562-05:00)
INFO:apscheduler.executors.default:Running job "job_citrix_power_unknown_check (trigger: interval[0:15:00], next run at: 2026-05-12 14:28:32 CDT)" (scheduled at 2026-05-12 14:13:32.795007-05:00)
INFO:apscheduler.executors.default:Running job "job_meraki_refresh (trigger: interval[0:15:00], next run at: 2026-05-12 14:28:32 CDT)" (scheduled at 2026-05-12 14:13:32.795181-05:00)
INFO:apscheduler.executors.default:Running job "job_findings (trigger: interval[0:15:00], next run at: 2026-05-12 14:28:32 CDT)" (scheduled at 2026-05-12 14:13:32.795375-05:00)
INFO:routers.scheduler:Scheduler: Refreshing basic VM list...
INFO:routers.scheduler:Scheduler: Refreshing basic host list...
INFO:routers.scheduler:Scheduler: Refreshing OpManager alerts...
INFO:routers.scheduler:Scheduler: Refreshing OpManager devices...
INFO:routers.scheduler:Scheduler: Checking Citrix machine power states for unknowns...
INFO:routers.scheduler:Scheduler: Refreshing Meraki data...
INFO:routers.scheduler:Scheduler: Power check complete. New unknowns: 0, Recovered: 0, Notified teams: none
INFO:apscheduler.executors.default:Job "job_citrix_power_unknown_check (trigger: interval[0:15:00], next run at: 2026-05-12 14:28:32 CDT)" executed successfully
INFO:routers.meraki:Meraki refresh: starting...
INFO:routers.findings:findings: refreshed — 36 total
INFO:routers.scheduler:Scheduler: findings refreshed — 36 findings
INFO:apscheduler.executors.default:Job "job_findings (trigger: interval[0:15:00], next run at: 2026-05-12 14:28:32 CDT)" executed successfully
INFO:routers.jira:Jira bulk prefetch: fetched 100 tickets so far
INFO:routers.meraki:Meraki: fetched 11 networks across 2 orgs.
INFO:routers.jira:Jira bulk prefetch: fetched 200 tickets so far
INFO:routers.jira:Jira bulk prefetch: fetched 300 tickets so far
INFO:routers.jira:Jira bulk prefetch: fetched 400 tickets so far
INFO:routers.meraki:Meraki: fetched 215 devices.
INFO:routers.jira:Jira bulk prefetch: fetched 500 tickets so far
INFO:routers.jira:Jira bulk prefetch: fetched 600 tickets so far
INFO:routers.meraki:Meraki: fetched uplinks for 19 appliances.
INFO:routers.jira:Jira bulk prefetch: fetched 700 tickets so far
INFO:routers.scheduler:Scheduler: OpManager devices updated.
INFO:apscheduler.executors.default:Job "job_opmanager_devices (trigger: interval[0:15:00], next run at: 2026-05-12 14:28:32 CDT)" executed successfully
INFO:routers.jira:Jira bulk prefetch: fetched 800 tickets so far
INFO:routers.jira:Jira bulk prefetch: fetched 900 tickets so far
INFO:routers.jira:Jira bulk prefetch: fetched 1000 tickets so far
INFO:     127.0.0.1:54069 - "GET /infraportal/api/soc/status HTTP/1.1" 200 OK
INFO:     127.0.0.1:54069 - "GET /infraportal/api/soc/download HTTP/1.1" 200 OK
INFO:routers.jira:Jira bulk prefetch: fetched 1100 tickets so far
INFO:routers.jira:Jira bulk prefetch: fetched 1200 tickets so far
INFO:routers.jira:Jira bulk prefetch: fetched 1300 tickets so far
INFO:routers.jira:Jira bulk prefetch: fetched 1395 tickets so far
INFO:routers.jira:Jira bulk prefetch: 1395 tickets indexed, 2226 words
INFO:routers.scheduler:Scheduler: Jira prefetch complete. 1395 ticket(s) fetched. 16/483 device(s) have open tickets.
INFO:apscheduler.executors.default:Job "job_jira_prefetch (trigger: interval[0:30:00], next run at: 2026-05-12 14:43:32 CDT)" executed successfully
INFO:routers.meraki:Meraki: fetched 1332 clients.
INFO:routers.meraki:Meraki refresh complete. 11 networks, 215 devices, 19 uplink appliances, 1332 recent clients.
INFO:apscheduler.executors.default:Job "job_meraki_refresh (trigger: interval[0:15:00], next run at: 2026-05-12 14:28:32 CDT)" executed successfully
INFO:routers.scheduler:Scheduler: OpManager alerts updated. Count: 8822
INFO:routers.scheduler:Scheduler: Basic VM list updated.
INFO:apscheduler.executors.default:Job "job_basic_vms (trigger: interval[0:30:00], next run at: 2026-05-12 14:43:32 CDT)" executed successfully
INFO:routers.scheduler:Scheduler: Basic host list updated.
INFO:apscheduler.executors.default:Job "job_basic_hosts (trigger: interval[0:30:00], next run at: 2026-05-12 14:43:32 CDT)" executed successfully
INFO:routers.jira:Jira bulk prefetch: fetched 100 tickets so far
INFO:routers.jira:Jira bulk prefetch: fetched 200 tickets so far
INFO:routers.jira:Jira bulk prefetch: fetched 300 tickets so far
INFO:routers.jira:Jira bulk prefetch: fetched 400 tickets so far
INFO:routers.jira:Jira bulk prefetch: fetched 500 tickets so far
INFO:routers.jira:Jira bulk prefetch: fetched 600 tickets so far
INFO:routers.jira:Jira bulk prefetch: fetched 700 tickets so far
INFO:routers.jira:Jira bulk prefetch: fetched 800 tickets so far
INFO:routers.jira:Jira bulk prefetch: fetched 900 tickets so far
INFO:routers.jira:Jira bulk prefetch: fetched 1000 tickets so far
INFO:routers.jira:Jira bulk prefetch: fetched 1100 tickets so far
INFO:routers.jira:Jira bulk prefetch: fetched 1200 tickets so far
INFO:routers.jira:Jira bulk prefetch: fetched 1300 tickets so far
INFO:routers.jira:Jira bulk prefetch: fetched 1394 tickets so far
INFO:routers.jira:Jira bulk prefetch: 1394 tickets indexed, 2226 words
INFO:routers.scheduler:Scheduler: Jira prefetch complete. 1394 ticket(s) fetched. 16/483 device(s) have open tickets.
INFO:apscheduler.executors.default:Job "job_opmanager_alerts (trigger: interval[0:05:00], next run at: 2026-05-12 14:18:32 CDT)" executed successfully
INFO:apscheduler.executors.default:Running job "job_opmanager_alerts (trigger: interval[0:05:00], next run at: 2026-05-12 14:23:32 CDT)" (scheduled at 2026-05-12 14:18:32.794473-05:00)
INFO:routers.scheduler:Scheduler: Refreshing OpManager alerts...
INFO:routers.scheduler:Scheduler: OpManager alerts updated. Count: 8823
INFO:routers.jira:Jira bulk prefetch: fetched 100 tickets so far
INFO:routers.jira:Jira bulk prefetch: fetched 200 tickets so far
INFO:routers.jira:Jira bulk prefetch: fetched 300 tickets so far
INFO:routers.jira:Jira bulk prefetch: fetched 400 tickets so far
INFO:routers.jira:Jira bulk prefetch: fetched 500 tickets so far
INFO:routers.jira:Jira bulk prefetch: fetched 600 tickets so far
INFO:routers.jira:Jira bulk prefetch: fetched 700 tickets so far
INFO:routers.jira:Jira bulk prefetch: fetched 800 tickets so far
INFO:routers.jira:Jira bulk prefetch: fetched 900 tickets so far
INFO:routers.jira:Jira bulk prefetch: fetched 1000 tickets so far
INFO:routers.jira:Jira bulk prefetch: fetched 1100 tickets so far
INFO:routers.jira:Jira bulk prefetch: fetched 1200 tickets so far
INFO:routers.jira:Jira bulk prefetch: fetched 1300 tickets so far
INFO:routers.jira:Jira bulk prefetch: fetched 1393 tickets so far
INFO:routers.jira:Jira bulk prefetch: 1393 tickets indexed, 2226 words
INFO:routers.scheduler:Scheduler: Jira prefetch complete. 1393 ticket(s) fetched. 16/486 device(s) have open tickets.
INFO:apscheduler.executors.default:Job "job_opmanager_alerts (trigger: interval[0:05:00], next run at: 2026-05-12 14:23:32 CDT)" executed successfully
INFO:apscheduler.executors.default:Running job "job_opmanager_alerts (trigger: interval[0:05:00], next run at: 2026-05-12 14:28:32 CDT)" (scheduled at 2026-05-12 14:23:32.794473-05:00)
INFO:routers.scheduler:Scheduler: Refreshing OpManager alerts...
INFO:routers.scheduler:Scheduler: OpManager alerts updated. Count: 8823
INFO:routers.jira:Jira bulk prefetch: fetched 100 tickets so far
INFO:routers.jira:Jira bulk prefetch: fetched 200 tickets so far
INFO:routers.jira:Jira bulk prefetch: fetched 300 tickets so far
INFO:routers.jira:Jira bulk prefetch: fetched 400 tickets so far
INFO:routers.jira:Jira bulk prefetch: fetched 500 tickets so far
INFO:routers.jira:Jira bulk prefetch: fetched 600 tickets so far
INFO:routers.jira:Jira bulk prefetch: fetched 700 tickets so far
INFO:routers.jira:Jira bulk prefetch: fetched 800 tickets so far
INFO:routers.jira:Jira bulk prefetch: fetched 900 tickets so far
INFO:routers.jira:Jira bulk prefetch: fetched 1000 tickets so far
INFO:routers.jira:Jira bulk prefetch: fetched 1100 tickets so far
INFO:routers.jira:Jira bulk prefetch: fetched 1200 tickets so far
INFO:routers.jira:Jira bulk prefetch: fetched 1300 tickets so far
INFO:routers.jira:Jira bulk prefetch: fetched 1393 tickets so far
INFO:routers.jira:Jira bulk prefetch: 1393 tickets indexed, 2226 words
INFO:routers.scheduler:Scheduler: Jira prefetch complete. 1393 ticket(s) fetched. 16/482 device(s) have open tickets.
INFO:apscheduler.executors.default:Job "job_opmanager_alerts (trigger: interval[0:05:00], next run at: 2026-05-12 14:28:32 CDT)" executed successfully
INFO:apscheduler.executors.default:Running job "job_opmanager_alerts (trigger: interval[0:05:00], next run at: 2026-05-12 14:33:32 CDT)" (scheduled at 2026-05-12 14:28:32.794473-05:00)
INFO:apscheduler.executors.default:Running job "job_opmanager_devices (trigger: interval[0:15:00], next run at: 2026-05-12 14:43:32 CDT)" (scheduled at 2026-05-12 14:28:32.794516-05:00)
INFO:apscheduler.executors.default:Running job "job_citrix_power_unknown_check (trigger: interval[0:15:00], next run at: 2026-05-12 14:43:32 CDT)" (scheduled at 2026-05-12 14:28:32.795007-05:00)
INFO:apscheduler.executors.default:Running job "job_meraki_refresh (trigger: interval[0:15:00], next run at: 2026-05-12 14:43:32 CDT)" (scheduled at 2026-05-12 14:28:32.795181-05:00)
INFO:apscheduler.executors.default:Running job "job_findings (trigger: interval[0:15:00], next run at: 2026-05-12 14:43:32 CDT)" (scheduled at 2026-05-12 14:28:32.795375-05:00)
INFO:routers.scheduler:Scheduler: Refreshing OpManager alerts...
INFO:routers.scheduler:Scheduler: Refreshing OpManager devices...
INFO:routers.scheduler:Scheduler: Checking Citrix machine power states for unknowns...
INFO:routers.scheduler:Scheduler: Refreshing Meraki data...
INFO:routers.meraki:Meraki refresh: starting...
INFO:routers.scheduler:Scheduler: Power check complete. New unknowns: 0, Recovered: 0, Notified teams: none
INFO:apscheduler.executors.default:Job "job_citrix_power_unknown_check (trigger: interval[0:15:00], next run at: 2026-05-12 14:43:32 CDT)" executed successfully
INFO:routers.findings:findings: refreshed — 36 total
INFO:routers.scheduler:Scheduler: findings refreshed — 36 findings
INFO:apscheduler.executors.default:Job "job_findings (trigger: interval[0:15:00], next run at: 2026-05-12 14:43:32 CDT)" executed successfully
INFO:routers.meraki:Meraki: fetched 11 networks across 2 orgs.
INFO:routers.meraki:Meraki: fetched 215 devices.
INFO:routers.meraki:Meraki: fetched uplinks for 19 appliances.
INFO:routers.scheduler:Scheduler: OpManager devices updated.
INFO:apscheduler.executors.default:Job "job_opmanager_devices (trigger: interval[0:15:00], next run at: 2026-05-12 14:43:32 CDT)" executed successfully
INFO:routers.meraki:Meraki: fetched 1324 clients.
INFO:routers.meraki:Meraki refresh complete. 11 networks, 215 devices, 19 uplink appliances, 1324 recent clients.
INFO:apscheduler.executors.default:Job "job_meraki_refresh (trigger: interval[0:15:00], next run at: 2026-05-12 14:43:32 CDT)" executed successfully
INFO:routers.scheduler:Scheduler: OpManager alerts updated. Count: 8823
INFO:routers.jira:Jira bulk prefetch: fetched 100 tickets so far
INFO:routers.jira:Jira bulk prefetch: fetched 200 tickets so far
INFO:routers.jira:Jira bulk prefetch: fetched 300 tickets so far
INFO:routers.jira:Jira bulk prefetch: fetched 400 tickets so far
INFO:routers.jira:Jira bulk prefetch: fetched 500 tickets so far
INFO:routers.jira:Jira bulk prefetch: fetched 600 tickets so far
INFO:routers.jira:Jira bulk prefetch: fetched 700 tickets so far
INFO:routers.jira:Jira bulk prefetch: fetched 800 tickets so far
INFO:routers.jira:Jira bulk prefetch: fetched 900 tickets so far
INFO:routers.jira:Jira bulk prefetch: fetched 1000 tickets so far
INFO:routers.jira:Jira bulk prefetch: fetched 1100 tickets so far
INFO:routers.jira:Jira bulk prefetch: fetched 1200 tickets so far
INFO:routers.jira:Jira bulk prefetch: fetched 1300 tickets so far
INFO:routers.jira:Jira bulk prefetch: fetched 1393 tickets so far
INFO:routers.jira:Jira bulk prefetch: 1393 tickets indexed, 2227 words
INFO:routers.scheduler:Scheduler: Jira prefetch complete. 1393 ticket(s) fetched. 16/484 device(s) have open tickets.
INFO:apscheduler.executors.default:Job "job_opmanager_alerts (trigger: interval[0:05:00], next run at: 2026-05-12 14:33:32 CDT)" executed successfully
INFO:apscheduler.executors.default:Running job "job_opmanager_alerts (trigger: interval[0:05:00], next run at: 2026-05-12 14:38:32 CDT)" (scheduled at 2026-05-12 14:33:32.794473-05:00)
INFO:routers.scheduler:Scheduler: Refreshing OpManager alerts...
INFO:routers.scheduler:Scheduler: OpManager alerts updated. Count: 8823
INFO:routers.jira:Jira bulk prefetch: fetched 100 tickets so far
INFO:routers.jira:Jira bulk prefetch: fetched 200 tickets so far
INFO:routers.jira:Jira bulk prefetch: fetched 300 tickets so far
INFO:routers.jira:Jira bulk prefetch: fetched 400 tickets so far
INFO:routers.jira:Jira bulk prefetch: fetched 500 tickets so far
INFO:routers.jira:Jira bulk prefetch: fetched 600 tickets so far
INFO:routers.jira:Jira bulk prefetch: fetched 700 tickets so far
INFO:routers.jira:Jira bulk prefetch: fetched 800 tickets so far
INFO:routers.jira:Jira bulk prefetch: fetched 900 tickets so far
INFO:routers.jira:Jira bulk prefetch: fetched 1000 tickets so far
INFO:routers.jira:Jira bulk prefetch: fetched 1100 tickets so far
INFO:routers.jira:Jira bulk prefetch: fetched 1200 tickets so far
INFO:routers.jira:Jira bulk prefetch: fetched 1300 tickets so far
INFO:routers.jira:Jira bulk prefetch: fetched 1394 tickets so far
INFO:routers.jira:Jira bulk prefetch: 1394 tickets indexed, 2229 words
INFO:routers.scheduler:Scheduler: Jira prefetch complete. 1394 ticket(s) fetched. 16/483 device(s) have open tickets.
INFO:apscheduler.executors.default:Job "job_opmanager_alerts (trigger: interval[0:05:00], next run at: 2026-05-12 14:38:32 CDT)" executed successfully
INFO:apscheduler.executors.default:Running job "job_opmanager_alerts (trigger: interval[0:05:00], next run at: 2026-05-12 14:43:32 CDT)" (scheduled at 2026-05-12 14:38:32.794473-05:00)
INFO:routers.scheduler:Scheduler: Refreshing OpManager alerts...
INFO:routers.scheduler:Scheduler: OpManager alerts updated. Count: 8823
INFO:routers.jira:Jira bulk prefetch: fetched 100 tickets so far
INFO:routers.jira:Jira bulk prefetch: fetched 200 tickets so far
INFO:routers.jira:Jira bulk prefetch: fetched 300 tickets so far
INFO:routers.jira:Jira bulk prefetch: fetched 400 tickets so far
INFO:routers.jira:Jira bulk prefetch: fetched 500 tickets so far
INFO:routers.jira:Jira bulk prefetch: fetched 600 tickets so far
INFO:routers.jira:Jira bulk prefetch: fetched 700 tickets so far
INFO:routers.jira:Jira bulk prefetch: fetched 800 tickets so far
INFO:routers.jira:Jira bulk prefetch: fetched 900 tickets so far
INFO:routers.jira:Jira bulk prefetch: fetched 1000 tickets so far
INFO:routers.jira:Jira bulk prefetch: fetched 1100 tickets so far
INFO:routers.jira:Jira bulk prefetch: fetched 1200 tickets so far
INFO:routers.jira:Jira bulk prefetch: fetched 1300 tickets so far
INFO:routers.jira:Jira bulk prefetch: fetched 1393 tickets so far
INFO:routers.jira:Jira bulk prefetch: 1393 tickets indexed, 2229 words
INFO:routers.scheduler:Scheduler: Jira prefetch complete. 1393 ticket(s) fetched. 16/483 device(s) have open tickets.
INFO:apscheduler.executors.default:Job "job_opmanager_alerts (trigger: interval[0:05:00], next run at: 2026-05-12 14:43:32 CDT)" executed successfully
INFO:apscheduler.executors.default:Running job "job_basic_vms (trigger: interval[0:30:00], next run at: 2026-05-12 15:13:32 CDT)" (scheduled at 2026-05-12 14:43:32.794019-05:00)
INFO:apscheduler.executors.default:Running job "job_basic_hosts (trigger: interval[0:30:00], next run at: 2026-05-12 15:13:32 CDT)" (scheduled at 2026-05-12 14:43:32.794166-05:00)
INFO:apscheduler.executors.default:Running job "job_detailed_vms (trigger: interval[2:00:00], next run at: 2026-05-12 16:43:32 CDT)" (scheduled at 2026-05-12 14:43:32.794243-05:00)
INFO:apscheduler.executors.default:Running job "job_disk_snapshots (trigger: interval[2:00:00], next run at: 2026-05-12 16:43:32 CDT)" (scheduled at 2026-05-12 14:43:32.794306-05:00)
INFO:apscheduler.executors.default:Running job "job_detailed_hosts (trigger: interval[2:00:00], next run at: 2026-05-12 16:43:32 CDT)" (scheduled at 2026-05-12 14:43:32.794428-05:00)
INFO:apscheduler.executors.default:Running job "job_opmanager_alerts (trigger: interval[0:05:00], next run at: 2026-05-12 14:48:32 CDT)" (scheduled at 2026-05-12 14:43:32.794473-05:00)
INFO:apscheduler.executors.default:Running job "job_opmanager_devices (trigger: interval[0:15:00], next run at: 2026-05-12 14:58:32 CDT)" (scheduled at 2026-05-12 14:43:32.794516-05:00)
INFO:apscheduler.executors.default:Running job "job_jira_prefetch (trigger: interval[0:30:00], next run at: 2026-05-12 15:13:32 CDT)" (scheduled at 2026-05-12 14:43:32.794562-05:00)
INFO:apscheduler.executors.default:Running job "job_citrix_summary (trigger: interval[1:00:00], next run at: 2026-05-12 15:43:32 CDT)" (scheduled at 2026-05-12 14:43:32.794960-05:00)
INFO:apscheduler.executors.default:Running job "job_citrix_power_unknown_check (trigger: interval[0:15:00], next run at: 2026-05-12 14:58:32 CDT)" (scheduled at 2026-05-12 14:43:32.795007-05:00)
INFO:routers.scheduler:Scheduler: Refreshing basic VM list...
INFO:routers.scheduler:Scheduler: Refreshing basic host list...
INFO:routers.scheduler:Scheduler: Refreshing detailed VM data...
INFO:routers.scheduler:Scheduler: Refreshing disk snapshots...
INFO:routers.scheduler:Scheduler: Refreshing detailed host data...
INFO:routers.scheduler:Scheduler: Refreshing OpManager alerts...
INFO:routers.scheduler:Scheduler: Refreshing OpManager devices...
INFO:routers.scheduler:Scheduler: Refreshing Citrix summary...
INFO:routers.scheduler:Scheduler: Checking Citrix machine power states for unknowns...
INFO:routers.scheduler:Scheduler: Power check complete. New unknowns: 0, Recovered: 0, Notified teams: none
INFO:apscheduler.executors.default:Job "job_citrix_power_unknown_check (trigger: interval[0:15:00], next run at: 2026-05-12 14:58:32 CDT)" executed successfully
INFO:apscheduler.executors.default:Running job "job_meraki_refresh (trigger: interval[0:15:00], next run at: 2026-05-12 14:58:32 CDT)" (scheduled at 2026-05-12 14:43:32.795181-05:00)
INFO:routers.scheduler:Scheduler: Refreshing Meraki data...
INFO:routers.meraki:Meraki refresh: starting...
INFO:routers.jira:Jira bulk prefetch: fetched 100 tickets so far
INFO:routers.meraki:Meraki: fetched 11 networks across 2 orgs.
INFO:routers.jira:Jira bulk prefetch: fetched 200 tickets so far
INFO:routers.jira:Jira bulk prefetch: fetched 300 tickets so far
INFO:routers.jira:Jira bulk prefetch: fetched 400 tickets so far
INFO:routers.meraki:Meraki: fetched 215 devices.
INFO:routers.jira:Jira bulk prefetch: fetched 500 tickets so far
INFO:routers.jira:Jira bulk prefetch: fetched 600 tickets so far
INFO:routers.meraki:Meraki: fetched uplinks for 19 appliances.
INFO:routers.jira:Jira bulk prefetch: fetched 700 tickets so far
INFO:routers.jira:Jira bulk prefetch: fetched 800 tickets so far
INFO:routers.jira:Jira bulk prefetch: fetched 900 tickets so far
INFO:routers.jira:Jira bulk prefetch: fetched 1000 tickets so far
INFO:routers.jira:Jira bulk prefetch: fetched 1100 tickets so far
INFO:routers.jira:Jira bulk prefetch: fetched 1200 tickets so far
INFO:routers.jira:Jira bulk prefetch: fetched 1300 tickets so far
INFO:routers.jira:Jira bulk prefetch: fetched 1393 tickets so far
INFO:routers.jira:Jira bulk prefetch: 1393 tickets indexed, 2229 words
INFO:routers.scheduler:Scheduler: Jira prefetch complete. 1393 ticket(s) fetched. 16/481 device(s) have open tickets.
INFO:apscheduler.executors.default:Job "job_jira_prefetch (trigger: interval[0:30:00], next run at: 2026-05-12 15:13:32 CDT)" executed successfully
WARNING:apscheduler.executors.default:Run time of job "job_findings (trigger: interval[0:15:00], next run at: 2026-05-12 14:58:32 CDT)" was missed by 0:00:10.269366
WARNING:apscheduler.executors.default:Run time of job "job_entra_refresh (trigger: interval[1:00:00], next run at: 2026-05-12 15:43:32 CDT)" was missed by 0:00:10.269388
INFO:routers.meraki:Meraki: fetched 1280 clients.
INFO:routers.meraki:Meraki refresh complete. 11 networks, 215 devices, 19 uplink appliances, 1280 recent clients.
INFO:apscheduler.executors.default:Job "job_meraki_refresh (trigger: interval[0:15:00], next run at: 2026-05-12 14:58:32 CDT)" executed successfully
ERROR:routers.scheduler:Scheduler: OpManager devices error: database is locked
INFO:apscheduler.executors.default:Job "job_opmanager_devices (trigger: interval[0:15:00], next run at: 2026-05-12 14:58:32 CDT)" executed successfully
ERROR:routers.scheduler:Scheduler: VM list error: database is locked
INFO:apscheduler.executors.default:Job "job_basic_vms (trigger: interval[0:30:00], next run at: 2026-05-12 15:13:32 CDT)" executed successfully
ERROR:routers.scheduler:Scheduler: Host list error: database is locked
INFO:apscheduler.executors.default:Job "job_basic_hosts (trigger: interval[0:30:00], next run at: 2026-05-12 15:13:32 CDT)" executed successfully
ERROR:routers.scheduler:Scheduler: Citrix job failed: database is locked
INFO:apscheduler.executors.default:Job "job_citrix_summary (trigger: interval[1:00:00], next run at: 2026-05-12 15:43:32 CDT)" executed successfully
INFO:routers.scheduler:Scheduler: OpManager alerts updated. Count: 8823
INFO:routers.jira:Jira bulk prefetch: fetched 100 tickets so far
INFO:routers.jira:Jira bulk prefetch: fetched 200 tickets so far
INFO:routers.jira:Jira bulk prefetch: fetched 300 tickets so far
INFO:routers.jira:Jira bulk prefetch: fetched 400 tickets so far
INFO:routers.jira:Jira bulk prefetch: fetched 500 tickets so far
INFO:routers.jira:Jira bulk prefetch: fetched 600 tickets so far
INFO:routers.jira:Jira bulk prefetch: fetched 700 tickets so far
INFO:routers.jira:Jira bulk prefetch: fetched 800 tickets so far
INFO:routers.jira:Jira bulk prefetch: fetched 900 tickets so far
INFO:routers.jira:Jira bulk prefetch: fetched 1000 tickets so far
INFO:routers.jira:Jira bulk prefetch: fetched 1100 tickets so far
INFO:routers.jira:Jira bulk prefetch: fetched 1200 tickets so far
INFO:routers.jira:Jira bulk prefetch: fetched 1300 tickets so far
INFO:routers.jira:Jira bulk prefetch: fetched 1394 tickets so far
INFO:routers.jira:Jira bulk prefetch: 1394 tickets indexed, 2229 words
INFO:routers.scheduler:Scheduler: Jira prefetch complete. 1394 ticket(s) fetched. 16/481 device(s) have open tickets.
INFO:apscheduler.executors.default:Job "job_opmanager_alerts (trigger: interval[0:05:00], next run at: 2026-05-12 14:48:32 CDT)" executed successfully
INFO:apscheduler.executors.default:Running job "job_opmanager_alerts (trigger: interval[0:05:00], next run at: 2026-05-12 14:53:32 CDT)" (scheduled at 2026-05-12 14:48:32.794473-05:00)
INFO:routers.scheduler:Scheduler: Refreshing OpManager alerts...
INFO:routers.scheduler:Scheduler: OpManager alerts updated. Count: 8823
INFO:routers.jira:Jira bulk prefetch: fetched 100 tickets so far
INFO:routers.jira:Jira bulk prefetch: fetched 200 tickets so far
INFO:routers.jira:Jira bulk prefetch: fetched 300 tickets so far
INFO:routers.jira:Jira bulk prefetch: fetched 400 tickets so far
INFO:routers.jira:Jira bulk prefetch: fetched 500 tickets so far
INFO:routers.jira:Jira bulk prefetch: fetched 600 tickets so far
INFO:routers.jira:Jira bulk prefetch: fetched 700 tickets so far
INFO:routers.jira:Jira bulk prefetch: fetched 800 tickets so far
INFO:routers.jira:Jira bulk prefetch: fetched 900 tickets so far
INFO:routers.jira:Jira bulk prefetch: fetched 1000 tickets so far
INFO:routers.jira:Jira bulk prefetch: fetched 1100 tickets so far
INFO:routers.jira:Jira bulk prefetch: fetched 1200 tickets so far
INFO:routers.jira:Jira bulk prefetch: fetched 1300 tickets so far
INFO:routers.jira:Jira bulk prefetch: fetched 1395 tickets so far
INFO:routers.jira:Jira bulk prefetch: 1395 tickets indexed, 2232 words
INFO:routers.scheduler:Scheduler: Jira prefetch complete. 1395 ticket(s) fetched. 16/482 device(s) have open tickets.
INFO:apscheduler.executors.default:Job "job_opmanager_alerts (trigger: interval[0:05:00], next run at: 2026-05-12 14:53:32 CDT)" executed successfully
INFO:routers.scheduler:Scheduler: Detailed host data updated.
INFO:apscheduler.executors.default:Job "job_detailed_hosts (trigger: interval[2:00:00], next run at: 2026-05-12 16:43:32 CDT)" executed successfully
INFO:routers.scheduler:Scheduler: Disk snapshots updated.
INFO:apscheduler.executors.default:Job "job_disk_snapshots (trigger: interval[2:00:00], next run at: 2026-05-12 16:43:32 CDT)" executed successfully
INFO:apscheduler.executors.default:Running job "job_opmanager_alerts (trigger: interval[0:05:00], next run at: 2026-05-12 14:58:32 CDT)" (scheduled at 2026-05-12 14:53:32.794473-05:00)
INFO:routers.scheduler:Scheduler: Refreshing OpManager alerts...
INFO:routers.scheduler:Scheduler: OpManager alerts updated. Count: 8823
INFO:routers.jira:Jira bulk prefetch: fetched 100 tickets so far
INFO:routers.jira:Jira bulk prefetch: fetched 200 tickets so far
INFO:routers.jira:Jira bulk prefetch: fetched 300 tickets so far
INFO:routers.jira:Jira bulk prefetch: fetched 400 tickets so far
INFO:routers.jira:Jira bulk prefetch: fetched 500 tickets so far
INFO:routers.jira:Jira bulk prefetch: fetched 600 tickets so far
INFO:routers.jira:Jira bulk prefetch: fetched 700 tickets so far
INFO:routers.jira:Jira bulk prefetch: fetched 800 tickets so far
INFO:routers.jira:Jira bulk prefetch: fetched 900 tickets so far
INFO:routers.jira:Jira bulk prefetch: fetched 1000 tickets so far
INFO:routers.jira:Jira bulk prefetch: fetched 1100 tickets so far
INFO:routers.jira:Jira bulk prefetch: fetched 1200 tickets so far
INFO:routers.jira:Jira bulk prefetch: fetched 1300 tickets so far
INFO:routers.jira:Jira bulk prefetch: fetched 1394 tickets so far
INFO:routers.jira:Jira bulk prefetch: 1394 tickets indexed, 2229 words
INFO:routers.scheduler:Scheduler: Jira prefetch complete. 1394 ticket(s) fetched. 14/481 device(s) have open tickets.
INFO:apscheduler.executors.default:Job "job_opmanager_alerts (trigger: interval[0:05:00], next run at: 2026-05-12 14:58:32 CDT)" executed successfully
INFO:apscheduler.executors.default:Running job "job_opmanager_alerts (trigger: interval[0:05:00], next run at: 2026-05-12 15:03:32 CDT)" (scheduled at 2026-05-12 14:58:32.794473-05:00)
INFO:routers.scheduler:Scheduler: Refreshing OpManager alerts...
INFO:apscheduler.executors.default:Running job "job_citrix_power_unknown_check (trigger: interval[0:15:00], next run at: 2026-05-12 15:13:32 CDT)" (scheduled at 2026-05-12 14:58:32.795007-05:00)
INFO:apscheduler.executors.default:Running job "job_meraki_refresh (trigger: interval[0:15:00], next run at: 2026-05-12 15:13:32 CDT)" (scheduled at 2026-05-12 14:58:32.795181-05:00)
INFO:apscheduler.executors.default:Running job "job_findings (trigger: interval[0:15:00], next run at: 2026-05-12 15:13:32 CDT)" (scheduled at 2026-05-12 14:58:32.795375-05:00)
INFO:apscheduler.executors.default:Running job "job_opmanager_devices (trigger: interval[0:15:00], next run at: 2026-05-12 15:13:32 CDT)" (scheduled at 2026-05-12 14:58:32.794516-05:00)
INFO:routers.scheduler:Scheduler: Checking Citrix machine power states for unknowns...
INFO:routers.scheduler:Scheduler: Refreshing Meraki data...
INFO:routers.scheduler:Scheduler: Refreshing OpManager devices...
INFO:routers.scheduler:Scheduler: Power check complete. New unknowns: 0, Recovered: 0, Notified teams: none
INFO:routers.meraki:Meraki refresh: starting...
INFO:apscheduler.executors.default:Job "job_citrix_power_unknown_check (trigger: interval[0:15:00], next run at: 2026-05-12 15:13:32 CDT)" executed successfully
INFO:routers.findings:findings: refreshed — 36 total
INFO:routers.scheduler:Scheduler: findings refreshed — 36 findings
INFO:apscheduler.executors.default:Job "job_findings (trigger: interval[0:15:00], next run at: 2026-05-12 15:13:32 CDT)" executed successfully
INFO:routers.meraki:Meraki: fetched 11 networks across 2 orgs.
INFO:routers.meraki:Meraki: fetched 215 devices.
INFO:routers.meraki:Meraki: fetched uplinks for 19 appliances.
INFO:routers.meraki:Meraki: fetched 1250 clients.
INFO:routers.meraki:Meraki refresh complete. 11 networks, 215 devices, 19 uplink appliances, 1250 recent clients.
INFO:apscheduler.executors.default:Job "job_meraki_refresh (trigger: interval[0:15:00], next run at: 2026-05-12 15:13:32 CDT)" executed successfully
INFO:routers.scheduler:Scheduler: OpManager alerts updated. Count: 8824
INFO:routers.scheduler:Scheduler: OpManager devices updated.
INFO:apscheduler.executors.default:Job "job_opmanager_devices (trigger: interval[0:15:00], next run at: 2026-05-12 15:13:32 CDT)" executed successfully
INFO:routers.jira:Jira bulk prefetch: fetched 100 tickets so far
INFO:routers.jira:Jira bulk prefetch: fetched 200 tickets so far
INFO:routers.jira:Jira bulk prefetch: fetched 300 tickets so far
INFO:routers.jira:Jira bulk prefetch: fetched 400 tickets so far
INFO:routers.jira:Jira bulk prefetch: fetched 500 tickets so far
INFO:routers.jira:Jira bulk prefetch: fetched 600 tickets so far
INFO:routers.jira:Jira bulk prefetch: fetched 700 tickets so far
INFO:routers.jira:Jira bulk prefetch: fetched 800 tickets so far
INFO:routers.jira:Jira bulk prefetch: fetched 900 tickets so far
INFO:routers.jira:Jira bulk prefetch: fetched 1000 tickets so far
INFO:routers.jira:Jira bulk prefetch: fetched 1100 tickets so far
INFO:routers.jira:Jira bulk prefetch: fetched 1200 tickets so far
INFO:routers.jira:Jira bulk prefetch: fetched 1300 tickets so far
INFO:routers.jira:Jira bulk prefetch: fetched 1393 tickets so far
INFO:routers.jira:Jira bulk prefetch: 1393 tickets indexed, 2228 words
INFO:routers.scheduler:Scheduler: Jira prefetch complete. 1393 ticket(s) fetched. 13/477 device(s) have open tickets.
INFO:apscheduler.executors.default:Job "job_opmanager_alerts (trigger: interval[0:05:00], next run at: 2026-05-12 15:03:32 CDT)" executed successfully
INFO:apscheduler.executors.default:Running job "job_opmanager_alerts (trigger: interval[0:05:00], next run at: 2026-05-12 15:08:32 CDT)" (scheduled at 2026-05-12 15:03:32.794473-05:00)
INFO:routers.scheduler:Scheduler: Refreshing OpManager alerts...
INFO:routers.scheduler:Scheduler: OpManager alerts updated. Count: 8824
INFO:routers.jira:Jira bulk prefetch: fetched 100 tickets so far
INFO:routers.jira:Jira bulk prefetch: fetched 200 tickets so far
INFO:routers.jira:Jira bulk prefetch: fetched 300 tickets so far
INFO:routers.jira:Jira bulk prefetch: fetched 400 tickets so far
INFO:routers.jira:Jira bulk prefetch: fetched 500 tickets so far
INFO:routers.jira:Jira bulk prefetch: fetched 600 tickets so far
INFO:routers.jira:Jira bulk prefetch: fetched 700 tickets so far
INFO:routers.jira:Jira bulk prefetch: fetched 800 tickets so far
INFO:routers.jira:Jira bulk prefetch: fetched 900 tickets so far
INFO:routers.jira:Jira bulk prefetch: fetched 1000 tickets so far
INFO:routers.jira:Jira bulk prefetch: fetched 1100 tickets so far
INFO:routers.jira:Jira bulk prefetch: fetched 1200 tickets so far
INFO:routers.jira:Jira bulk prefetch: fetched 1300 tickets so far
INFO:routers.jira:Jira bulk prefetch: fetched 1393 tickets so far
INFO:routers.jira:Jira bulk prefetch: 1393 tickets indexed, 2228 words
INFO:routers.scheduler:Scheduler: Jira prefetch complete. 1393 ticket(s) fetched. 13/478 device(s) have open tickets.
INFO:apscheduler.executors.default:Job "job_opmanager_alerts (trigger: interval[0:05:00], next run at: 2026-05-12 15:08:32 CDT)" executed successfully
INFO:apscheduler.executors.default:Running job "job_opmanager_alerts (trigger: interval[0:05:00], next run at: 2026-05-12 15:13:32 CDT)" (scheduled at 2026-05-12 15:08:32.794473-05:00)
INFO:routers.scheduler:Scheduler: Refreshing OpManager alerts...
INFO:routers.scheduler:Scheduler: OpManager alerts updated. Count: 8824
INFO:routers.scheduler:Scheduler: Detailed VM data updated.
INFO:apscheduler.executors.default:Job "job_detailed_vms (trigger: interval[2:00:00], next run at: 2026-05-12 16:43:32 CDT)" executed successfully
INFO:routers.jira:Jira bulk prefetch: fetched 100 tickets so far
INFO:routers.jira:Jira bulk prefetch: fetched 200 tickets so far
INFO:routers.jira:Jira bulk prefetch: fetched 300 tickets so far
INFO:routers.jira:Jira bulk prefetch: fetched 400 tickets so far
INFO:routers.jira:Jira bulk prefetch: fetched 500 tickets so far
INFO:routers.jira:Jira bulk prefetch: fetched 600 tickets so far
INFO:routers.jira:Jira bulk prefetch: fetched 700 tickets so far
INFO:routers.jira:Jira bulk prefetch: fetched 800 tickets so far
INFO:routers.jira:Jira bulk prefetch: fetched 900 tickets so far
INFO:routers.jira:Jira bulk prefetch: fetched 1000 tickets so far
INFO:routers.jira:Jira bulk prefetch: fetched 1100 tickets so far
INFO:routers.jira:Jira bulk prefetch: fetched 1200 tickets so far
INFO:routers.jira:Jira bulk prefetch: fetched 1300 tickets so far
INFO:routers.jira:Jira bulk prefetch: fetched 1393 tickets so far
INFO:routers.jira:Jira bulk prefetch: 1393 tickets indexed, 2228 words
INFO:routers.scheduler:Scheduler: Jira prefetch complete. 1393 ticket(s) fetched. 14/481 device(s) have open tickets.
INFO:apscheduler.executors.default:Job "job_opmanager_alerts (trigger: interval[0:05:00], next run at: 2026-05-12 15:13:32 CDT)" executed successfully
INFO:apscheduler.executors.default:Running job "job_basic_vms (trigger: interval[0:30:00], next run at: 2026-05-12 15:43:32 CDT)" (scheduled at 2026-05-12 15:13:32.794019-05:00)
INFO:routers.scheduler:Scheduler: Refreshing basic VM list...
INFO:apscheduler.executors.default:Running job "job_basic_hosts (trigger: interval[0:30:00], next run at: 2026-05-12 15:43:32 CDT)" (scheduled at 2026-05-12 15:13:32.794166-05:00)
INFO:apscheduler.executors.default:Running job "job_opmanager_devices (trigger: interval[0:15:00], next run at: 2026-05-12 15:28:32 CDT)" (scheduled at 2026-05-12 15:13:32.794516-05:00)
INFO:apscheduler.executors.default:Running job "job_jira_prefetch (trigger: interval[0:30:00], next run at: 2026-05-12 15:43:32 CDT)" (scheduled at 2026-05-12 15:13:32.794562-05:00)
INFO:routers.scheduler:Scheduler: Refreshing basic host list...
INFO:apscheduler.executors.default:Running job "job_opmanager_alerts (trigger: interval[0:05:00], next run at: 2026-05-12 15:18:32 CDT)" (scheduled at 2026-05-12 15:13:32.794473-05:00)
INFO:routers.scheduler:Scheduler: Refreshing OpManager devices...
INFO:routers.scheduler:Scheduler: Refreshing OpManager alerts...
INFO:apscheduler.executors.default:Running job "job_citrix_power_unknown_check (trigger: interval[0:15:00], next run at: 2026-05-12 15:28:32 CDT)" (scheduled at 2026-05-12 15:13:32.795007-05:00)
INFO:routers.scheduler:Scheduler: Checking Citrix machine power states for unknowns...
INFO:routers.scheduler:Scheduler: Power check complete. New unknowns: 0, Recovered: 0, Notified teams: none
INFO:apscheduler.executors.default:Running job "job_meraki_refresh (trigger: interval[0:15:00], next run at: 2026-05-12 15:28:32 CDT)" (scheduled at 2026-05-12 15:13:32.795181-05:00)
INFO:routers.scheduler:Scheduler: Refreshing Meraki data...
INFO:routers.meraki:Meraki refresh: starting...
INFO:apscheduler.executors.default:Running job "job_findings (trigger: interval[0:15:00], next run at: 2026-05-12 15:28:32 CDT)" (scheduled at 2026-05-12 15:13:32.795375-05:00)
INFO:apscheduler.executors.default:Job "job_citrix_power_unknown_check (trigger: interval[0:15:00], next run at: 2026-05-12 15:28:32 CDT)" executed successfully
INFO:routers.findings:findings: refreshed — 36 total
INFO:routers.scheduler:Scheduler: findings refreshed — 36 findings
INFO:apscheduler.executors.default:Job "job_findings (trigger: interval[0:15:00], next run at: 2026-05-12 15:28:32 CDT)" executed successfully
INFO:routers.jira:Jira bulk prefetch: fetched 100 tickets so far
INFO:routers.meraki:Meraki: fetched 11 networks across 2 orgs.
INFO:routers.jira:Jira bulk prefetch: fetched 200 tickets so far
INFO:routers.jira:Jira bulk prefetch: fetched 300 tickets so far
INFO:routers.jira:Jira bulk prefetch: fetched 400 tickets so far
INFO:routers.meraki:Meraki: fetched 215 devices.
INFO:routers.jira:Jira bulk prefetch: fetched 500 tickets so far
INFO:routers.jira:Jira bulk prefetch: fetched 600 tickets so far
INFO:routers.meraki:Meraki: fetched uplinks for 19 appliances.
INFO:routers.jira:Jira bulk prefetch: fetched 700 tickets so far
INFO:routers.jira:Jira bulk prefetch: fetched 800 tickets so far
INFO:routers.scheduler:Scheduler: OpManager devices updated.
INFO:apscheduler.executors.default:Job "job_opmanager_devices (trigger: interval[0:15:00], next run at: 2026-05-12 15:28:32 CDT)" executed successfully
INFO:routers.jira:Jira bulk prefetch: fetched 900 tickets so far
INFO:routers.jira:Jira bulk prefetch: fetched 1000 tickets so far
INFO:routers.jira:Jira bulk prefetch: fetched 1100 tickets so far
INFO:routers.jira:Jira bulk prefetch: fetched 1200 tickets so far
INFO:routers.jira:Jira bulk prefetch: fetched 1300 tickets so far
INFO:routers.jira:Jira bulk prefetch: fetched 1393 tickets so far
INFO:routers.jira:Jira bulk prefetch: 1393 tickets indexed, 2228 words
INFO:routers.scheduler:Scheduler: Jira prefetch complete. 1393 ticket(s) fetched. 14/481 device(s) have open tickets.
INFO:apscheduler.executors.default:Job "job_jira_prefetch (trigger: interval[0:30:00], next run at: 2026-05-12 15:43:32 CDT)" executed successfully
INFO:routers.meraki:Meraki: fetched 1215 clients.
INFO:routers.meraki:Meraki refresh complete. 11 networks, 215 devices, 19 uplink appliances, 1215 recent clients.
INFO:apscheduler.executors.default:Job "job_meraki_refresh (trigger: interval[0:15:00], next run at: 2026-05-12 15:28:32 CDT)" executed successfully
INFO:routers.scheduler:Scheduler: Basic host list updated.
INFO:apscheduler.executors.default:Job "job_basic_hosts (trigger: interval[0:30:00], next run at: 2026-05-12 15:43:32 CDT)" executed successfully
INFO:routers.scheduler:Scheduler: OpManager alerts updated. Count: 8824
INFO:routers.scheduler:Scheduler: Basic VM list updated.
INFO:apscheduler.executors.default:Job "job_basic_vms (trigger: interval[0:30:00], next run at: 2026-05-12 15:43:32 CDT)" executed successfully
INFO:routers.jira:Jira bulk prefetch: fetched 100 tickets so far
INFO:routers.jira:Jira bulk prefetch: fetched 200 tickets so far
INFO:routers.jira:Jira bulk prefetch: fetched 300 tickets so far
INFO:routers.jira:Jira bulk prefetch: fetched 400 tickets so far
INFO:routers.jira:Jira bulk prefetch: fetched 500 tickets so far
INFO:routers.jira:Jira bulk prefetch: fetched 600 tickets so far
INFO:routers.jira:Jira bulk prefetch: fetched 700 tickets so far
INFO:routers.jira:Jira bulk prefetch: fetched 800 tickets so far
INFO:routers.jira:Jira bulk prefetch: fetched 900 tickets so far
INFO:routers.jira:Jira bulk prefetch: fetched 1000 tickets so far
INFO:routers.jira:Jira bulk prefetch: fetched 1100 tickets so far
INFO:routers.jira:Jira bulk prefetch: fetched 1200 tickets so far
INFO:routers.jira:Jira bulk prefetch: fetched 1300 tickets so far
INFO:routers.jira:Jira bulk prefetch: fetched 1393 tickets so far
INFO:routers.jira:Jira bulk prefetch: 1393 tickets indexed, 2228 words
INFO:routers.scheduler:Scheduler: Jira prefetch complete. 1393 ticket(s) fetched. 14/481 device(s) have open tickets.
INFO:apscheduler.executors.default:Job "job_opmanager_alerts (trigger: interval[0:05:00], next run at: 2026-05-12 15:18:32 CDT)" executed successfully
INFO:apscheduler.executors.default:Running job "job_opmanager_alerts (trigger: interval[0:05:00], next run at: 2026-05-12 15:23:32 CDT)" (scheduled at 2026-05-12 15:18:32.794473-05:00)
INFO:routers.scheduler:Scheduler: Refreshing OpManager alerts...
INFO:routers.scheduler:Scheduler: OpManager alerts updated. Count: 8824
INFO:routers.jira:Jira bulk prefetch: fetched 100 tickets so far
INFO:routers.jira:Jira bulk prefetch: fetched 200 tickets so far
INFO:routers.jira:Jira bulk prefetch: fetched 300 tickets so far
INFO:routers.jira:Jira bulk prefetch: fetched 400 tickets so far
INFO:routers.jira:Jira bulk prefetch: fetched 500 tickets so far
INFO:routers.jira:Jira bulk prefetch: fetched 600 tickets so far
INFO:routers.jira:Jira bulk prefetch: fetched 700 tickets so far
INFO:routers.jira:Jira bulk prefetch: fetched 800 tickets so far
INFO:routers.jira:Jira bulk prefetch: fetched 900 tickets so far
INFO:routers.jira:Jira bulk prefetch: fetched 1000 tickets so far
INFO:routers.jira:Jira bulk prefetch: fetched 1100 tickets so far
INFO:routers.jira:Jira bulk prefetch: fetched 1200 tickets so far
INFO:routers.jira:Jira bulk prefetch: fetched 1300 tickets so far
INFO:routers.jira:Jira bulk prefetch: fetched 1393 tickets so far
INFO:routers.jira:Jira bulk prefetch: 1393 tickets indexed, 2228 words
INFO:routers.scheduler:Scheduler: Jira prefetch complete. 1393 ticket(s) fetched. 14/479 device(s) have open tickets.
INFO:apscheduler.executors.default:Job "job_opmanager_alerts (trigger: interval[0:05:00], next run at: 2026-05-12 15:23:32 CDT)" executed successfully
INFO:apscheduler.executors.default:Running job "job_opmanager_alerts (trigger: interval[0:05:00], next run at: 2026-05-12 15:28:32 CDT)" (scheduled at 2026-05-12 15:23:32.794473-05:00)
INFO:routers.scheduler:Scheduler: Refreshing OpManager alerts...
INFO:routers.scheduler:Scheduler: OpManager alerts updated. Count: 8822
INFO:routers.jira:Jira bulk prefetch: fetched 100 tickets so far
INFO:routers.jira:Jira bulk prefetch: fetched 200 tickets so far
INFO:routers.jira:Jira bulk prefetch: fetched 300 tickets so far
INFO:routers.jira:Jira bulk prefetch: fetched 400 tickets so far
INFO:routers.jira:Jira bulk prefetch: fetched 500 tickets so far
INFO:routers.jira:Jira bulk prefetch: fetched 600 tickets so far
INFO:routers.jira:Jira bulk prefetch: fetched 700 tickets so far
INFO:routers.jira:Jira bulk prefetch: fetched 800 tickets so far
INFO:routers.jira:Jira bulk prefetch: fetched 900 tickets so far
INFO:routers.jira:Jira bulk prefetch: fetched 1000 tickets so far
INFO:routers.jira:Jira bulk prefetch: fetched 1100 tickets so far
INFO:routers.jira:Jira bulk prefetch: fetched 1200 tickets so far
INFO:routers.jira:Jira bulk prefetch: fetched 1300 tickets so far
INFO:routers.jira:Jira bulk prefetch: fetched 1393 tickets so far
INFO:routers.jira:Jira bulk prefetch: 1393 tickets indexed, 2228 words
INFO:routers.scheduler:Scheduler: Jira prefetch complete. 1393 ticket(s) fetched. 13/474 device(s) have open tickets.
INFO:apscheduler.executors.default:Job "job_opmanager_alerts (trigger: interval[0:05:00], next run at: 2026-05-12 15:28:32 CDT)" executed successfully
INFO:apscheduler.executors.default:Running job "job_opmanager_alerts (trigger: interval[0:05:00], next run at: 2026-05-12 15:33:32 CDT)" (scheduled at 2026-05-12 15:28:32.794473-05:00)
INFO:routers.scheduler:Scheduler: Refreshing OpManager alerts...
INFO:apscheduler.executors.default:Running job "job_citrix_power_unknown_check (trigger: interval[0:15:00], next run at: 2026-05-12 15:43:32 CDT)" (scheduled at 2026-05-12 15:28:32.795007-05:00)
INFO:apscheduler.executors.default:Running job "job_meraki_refresh (trigger: interval[0:15:00], next run at: 2026-05-12 15:43:32 CDT)" (scheduled at 2026-05-12 15:28:32.795181-05:00)
INFO:apscheduler.executors.default:Running job "job_findings (trigger: interval[0:15:00], next run at: 2026-05-12 15:43:32 CDT)" (scheduled at 2026-05-12 15:28:32.795375-05:00)
INFO:apscheduler.executors.default:Running job "job_opmanager_devices (trigger: interval[0:15:00], next run at: 2026-05-12 15:43:32 CDT)" (scheduled at 2026-05-12 15:28:32.794516-05:00)
INFO:routers.scheduler:Scheduler: Checking Citrix machine power states for unknowns...
INFO:routers.scheduler:Scheduler: Refreshing Meraki data...
INFO:routers.scheduler:Scheduler: Refreshing OpManager devices...
INFO:routers.scheduler:Scheduler: Power check complete. New unknowns: 0, Recovered: 0, Notified teams: none
INFO:routers.meraki:Meraki refresh: starting...
INFO:apscheduler.executors.default:Job "job_citrix_power_unknown_check (trigger: interval[0:15:00], next run at: 2026-05-12 15:43:32 CDT)" executed successfully
INFO:routers.findings:findings: refreshed — 36 total
INFO:routers.scheduler:Scheduler: findings refreshed — 36 findings
INFO:apscheduler.executors.default:Job "job_findings (trigger: interval[0:15:00], next run at: 2026-05-12 15:43:32 CDT)" executed successfully
INFO:routers.meraki:Meraki: fetched 11 networks across 2 orgs.
INFO:routers.meraki:Meraki: fetched 215 devices.
INFO:routers.meraki:Meraki: fetched uplinks for 19 appliances.
INFO:routers.meraki:Meraki: fetched 1205 clients.
INFO:routers.meraki:Meraki refresh complete. 11 networks, 215 devices, 19 uplink appliances, 1205 recent clients.
INFO:apscheduler.executors.default:Job "job_meraki_refresh (trigger: interval[0:15:00], next run at: 2026-05-12 15:43:32 CDT)" executed successfully
ERROR:routers.scheduler:Scheduler: OpManager devices error: database is locked
INFO:apscheduler.executors.default:Job "job_opmanager_devices (trigger: interval[0:15:00], next run at: 2026-05-12 15:43:32 CDT)" executed successfully
INFO:routers.scheduler:Scheduler: OpManager alerts updated. Count: 8822
INFO:routers.jira:Jira bulk prefetch: fetched 100 tickets so far
INFO:routers.jira:Jira bulk prefetch: fetched 200 tickets so far
INFO:routers.jira:Jira bulk prefetch: fetched 300 tickets so far
INFO:routers.jira:Jira bulk prefetch: fetched 400 tickets so far
INFO:routers.jira:Jira bulk prefetch: fetched 500 tickets so far
INFO:routers.jira:Jira bulk prefetch: fetched 600 tickets so far
INFO:routers.jira:Jira bulk prefetch: fetched 700 tickets so far
INFO:routers.jira:Jira bulk prefetch: fetched 800 tickets so far
INFO:routers.jira:Jira bulk prefetch: fetched 900 tickets so far
INFO:routers.jira:Jira bulk prefetch: fetched 1000 tickets so far
INFO:routers.jira:Jira bulk prefetch: fetched 1100 tickets so far
INFO:routers.jira:Jira bulk prefetch: fetched 1200 tickets so far
INFO:routers.jira:Jira bulk prefetch: fetched 1300 tickets so far
INFO:routers.jira:Jira bulk prefetch: fetched 1394 tickets so far
INFO:routers.jira:Jira bulk prefetch: 1394 tickets indexed, 2228 words
INFO:routers.scheduler:Scheduler: Jira prefetch complete. 1394 ticket(s) fetched. 13/474 device(s) have open tickets.
INFO:apscheduler.executors.default:Job "job_opmanager_alerts (trigger: interval[0:05:00], next run at: 2026-05-12 15:33:32 CDT)" executed successfully
INFO:apscheduler.executors.default:Running job "job_opmanager_alerts (trigger: interval[0:05:00], next run at: 2026-05-12 15:38:32 CDT)" (scheduled at 2026-05-12 15:33:32.794473-05:00)
INFO:routers.scheduler:Scheduler: Refreshing OpManager alerts...
INFO:routers.scheduler:Scheduler: OpManager alerts updated. Count: 8823
INFO:routers.jira:Jira bulk prefetch: fetched 100 tickets so far
INFO:routers.jira:Jira bulk prefetch: fetched 200 tickets so far
INFO:routers.jira:Jira bulk prefetch: fetched 300 tickets so far
INFO:routers.jira:Jira bulk prefetch: fetched 400 tickets so far
INFO:routers.jira:Jira bulk prefetch: fetched 500 tickets so far
INFO:routers.jira:Jira bulk prefetch: fetched 600 tickets so far
INFO:routers.jira:Jira bulk prefetch: fetched 700 tickets so far
INFO:routers.jira:Jira bulk prefetch: fetched 800 tickets so far
INFO:routers.jira:Jira bulk prefetch: fetched 900 tickets so far
INFO:routers.jira:Jira bulk prefetch: fetched 1000 tickets so far
INFO:routers.jira:Jira bulk prefetch: fetched 1100 tickets so far
INFO:routers.jira:Jira bulk prefetch: fetched 1200 tickets so far
INFO:routers.jira:Jira bulk prefetch: fetched 1300 tickets so far
INFO:routers.jira:Jira bulk prefetch: fetched 1393 tickets so far
INFO:routers.jira:Jira bulk prefetch: 1393 tickets indexed, 2227 words
INFO:routers.scheduler:Scheduler: Jira prefetch complete. 1393 ticket(s) fetched. 13/475 device(s) have open tickets.
INFO:apscheduler.executors.default:Job "job_opmanager_alerts (trigger: interval[0:05:00], next run at: 2026-05-12 15:38:32 CDT)" executed successfully
INFO:apscheduler.executors.default:Running job "job_opmanager_alerts (trigger: interval[0:05:00], next run at: 2026-05-12 15:43:32 CDT)" (scheduled at 2026-05-12 15:38:32.794473-05:00)
INFO:routers.scheduler:Scheduler: Refreshing OpManager alerts...
INFO:routers.scheduler:Scheduler: OpManager alerts updated. Count: 8823
INFO:routers.jira:Jira bulk prefetch: fetched 100 tickets so far
INFO:routers.jira:Jira bulk prefetch: fetched 200 tickets so far
INFO:routers.jira:Jira bulk prefetch: fetched 300 tickets so far
INFO:routers.jira:Jira bulk prefetch: fetched 400 tickets so far
INFO:routers.jira:Jira bulk prefetch: fetched 500 tickets so far
INFO:routers.jira:Jira bulk prefetch: fetched 600 tickets so far
INFO:routers.jira:Jira bulk prefetch: fetched 700 tickets so far
INFO:routers.jira:Jira bulk prefetch: fetched 800 tickets so far
INFO:routers.jira:Jira bulk prefetch: fetched 900 tickets so far
INFO:routers.jira:Jira bulk prefetch: fetched 1000 tickets so far
INFO:routers.jira:Jira bulk prefetch: fetched 1100 tickets so far
INFO:routers.jira:Jira bulk prefetch: fetched 1200 tickets so far
INFO:routers.jira:Jira bulk prefetch: fetched 1300 tickets so far
INFO:routers.jira:Jira bulk prefetch: fetched 1392 tickets so far
INFO:routers.jira:Jira bulk prefetch: 1392 tickets indexed, 2223 words
INFO:routers.scheduler:Scheduler: Jira prefetch complete. 1392 ticket(s) fetched. 14/478 device(s) have open tickets.
INFO:apscheduler.executors.default:Job "job_opmanager_alerts (trigger: interval[0:05:00], next run at: 2026-05-12 15:43:32 CDT)" executed successfully
INFO:apscheduler.executors.default:Running job "job_basic_vms (trigger: interval[0:30:00], next run at: 2026-05-12 16:13:32 CDT)" (scheduled at 2026-05-12 15:43:32.794019-05:00)
INFO:apscheduler.executors.default:Running job "job_basic_hosts (trigger: interval[0:30:00], next run at: 2026-05-12 16:13:32 CDT)" (scheduled at 2026-05-12 15:43:32.794166-05:00)
INFO:apscheduler.executors.default:Running job "job_opmanager_alerts (trigger: interval[0:05:00], next run at: 2026-05-12 15:48:32 CDT)" (scheduled at 2026-05-12 15:43:32.794473-05:00)
INFO:apscheduler.executors.default:Running job "job_opmanager_devices (trigger: interval[0:15:00], next run at: 2026-05-12 15:58:32 CDT)" (scheduled at 2026-05-12 15:43:32.794516-05:00)
INFO:apscheduler.executors.default:Running job "job_jira_prefetch (trigger: interval[0:30:00], next run at: 2026-05-12 16:13:32 CDT)" (scheduled at 2026-05-12 15:43:32.794562-05:00)
INFO:apscheduler.executors.default:Running job "job_citrix_summary (trigger: interval[1:00:00], next run at: 2026-05-12 16:43:32 CDT)" (scheduled at 2026-05-12 15:43:32.794960-05:00)
INFO:apscheduler.executors.default:Running job "job_citrix_power_unknown_check (trigger: interval[0:15:00], next run at: 2026-05-12 15:58:32 CDT)" (scheduled at 2026-05-12 15:43:32.795007-05:00)
INFO:apscheduler.executors.default:Running job "job_meraki_refresh (trigger: interval[0:15:00], next run at: 2026-05-12 15:58:32 CDT)" (scheduled at 2026-05-12 15:43:32.795181-05:00)
INFO:apscheduler.executors.default:Running job "job_findings (trigger: interval[0:15:00], next run at: 2026-05-12 15:58:32 CDT)" (scheduled at 2026-05-12 15:43:32.795375-05:00)
INFO:apscheduler.executors.default:Running job "job_entra_refresh (trigger: interval[1:00:00], next run at: 2026-05-12 16:43:32 CDT)" (scheduled at 2026-05-12 15:43:32.795425-05:00)
INFO:routers.scheduler:Scheduler: Refreshing basic VM list...
INFO:routers.scheduler:Scheduler: Refreshing basic host list...
INFO:routers.scheduler:Scheduler: Refreshing OpManager alerts...
INFO:routers.scheduler:Scheduler: Refreshing OpManager devices...
INFO:routers.scheduler:Scheduler: Refreshing Citrix summary...
INFO:routers.scheduler:Scheduler: Checking Citrix machine power states for unknowns...
INFO:routers.scheduler:Scheduler: Refreshing Meraki data...
INFO:routers.scheduler:Scheduler: Refreshing Entra / M365 data...
INFO:routers.scheduler:Scheduler: Power check complete. New unknowns: 0, Recovered: 0, Notified teams: none
INFO:routers.meraki:Meraki refresh: starting...
INFO:apscheduler.executors.default:Job "job_citrix_power_unknown_check (trigger: interval[0:15:00], next run at: 2026-05-12 15:58:32 CDT)" executed successfully
INFO:routers.findings:findings: refreshed — 36 total
INFO:routers.scheduler:Scheduler: findings refreshed — 36 findings
INFO:apscheduler.executors.default:Job "job_findings (trigger: interval[0:15:00], next run at: 2026-05-12 15:58:32 CDT)" executed successfully
INFO:httpx:HTTP Request: POST https://login.microsoftonline.com/c0d9a159-18ab-4c31-a5a5-f4d0b805de7d/oauth2/v2.0/token "HTTP/1.1 200 OK"
INFO:routers.jira:Jira bulk prefetch: fetched 100 tickets so far
INFO:httpx:HTTP Request: GET https://graph.microsoft.com/v1.0/subscribedSkus "HTTP/1.1 200 OK"
INFO:routers.meraki:Meraki: fetched 11 networks across 2 orgs.
INFO:routers.jira:Jira bulk prefetch: fetched 200 tickets so far
INFO:routers.jira:Jira bulk prefetch: fetched 300 tickets so far
INFO:routers.jira:Jira bulk prefetch: fetched 400 tickets so far
INFO:routers.jira:Jira bulk prefetch: fetched 500 tickets so far
INFO:routers.meraki:Meraki: fetched 215 devices.
INFO:httpx:HTTP Request: GET https://graph.microsoft.com/v1.0/users?%24select=id%2CdisplayName%2CuserPrincipalName%2CaccountEnabled%2CuserType%2CsignInActivity%2CassignedLicenses%2CcreatedDateTime%2Cmail&%24top=999&%24count=true "HTTP/1.1 200 OK"
INFO:routers.jira:Jira bulk prefetch: fetched 600 tickets so far
INFO:routers.jira:Jira bulk prefetch: fetched 700 tickets so far
INFO:routers.meraki:Meraki: fetched uplinks for 19 appliances.
INFO:routers.jira:Jira bulk prefetch: fetched 800 tickets so far
INFO:routers.jira:Jira bulk prefetch: fetched 900 tickets so far
INFO:httpx:HTTP Request: GET https://graph.microsoft.com/v1.0/users?$select=id%2cdisplayName%2cuserPrincipalName%2caccountEnabled%2cuserType%2csignInActivity%2cassignedLicenses%2ccreatedDateTime%2cmail&$top=999&$count=true&$skiptoken=m~AQAoOzE0NTM2ZjY3NmUwODRlMGI5OWNmYjUxZTFmNWY5MDkzOzswOzA7Ow "HTTP/1.1 200 OK"
INFO:routers.jira:Jira bulk prefetch: fetched 1000 tickets so far
INFO:routers.jira:Jira bulk prefetch: fetched 1100 tickets so far
INFO:routers.jira:Jira bulk prefetch: fetched 1200 tickets so far
INFO:httpx:HTTP Request: GET https://graph.microsoft.com/v1.0/users?$select=id%2cdisplayName%2cuserPrincipalName%2caccountEnabled%2cuserType%2csignInActivity%2cassignedLicenses%2ccreatedDateTime%2cmail&$top=999&$count=true&$skiptoken=m~AQAoOzI4NTc0ZjI0MGY2YTRmYjU5ZGJmNzVmNzRiZTQ3NDJlOzswOzA7Ow "HTTP/1.1 200 OK"
INFO:routers.jira:Jira bulk prefetch: fetched 1300 tickets so far
INFO:routers.scheduler:Scheduler: OpManager devices updated.
INFO:apscheduler.executors.default:Job "job_opmanager_devices (trigger: interval[0:15:00], next run at: 2026-05-12 15:58:32 CDT)" executed successfully
INFO:routers.jira:Jira bulk prefetch: fetched 1391 tickets so far
INFO:routers.jira:Jira bulk prefetch: 1391 tickets indexed, 2221 words
INFO:routers.scheduler:Scheduler: Jira prefetch complete. 1391 ticket(s) fetched. 14/477 device(s) have open tickets.
INFO:apscheduler.executors.default:Job "job_jira_prefetch (trigger: interval[0:30:00], next run at: 2026-05-12 16:13:32 CDT)" executed successfully
INFO:httpx:HTTP Request: GET https://graph.microsoft.com/v1.0/users?$select=id%2cdisplayName%2cuserPrincipalName%2caccountEnabled%2cuserType%2csignInActivity%2cassignedLicenses%2ccreatedDateTime%2cmail&$top=999&$count=true&$skiptoken=m~AQAoOzNiZTU2M2U2MjgxYjQzOTg5OTI1ZWE3OGI2ZGFlNWYwOzswOzA7Ow "HTTP/1.1 200 OK"
INFO:httpx:HTTP Request: GET https://graph.microsoft.com/v1.0/users?$select=id%2cdisplayName%2cuserPrincipalName%2caccountEnabled%2cuserType%2csignInActivity%2cassignedLicenses%2ccreatedDateTime%2cmail&$top=999&$count=true&$skiptoken=m~AQAoOzUxNGRhZmRhZTNhYTQ0NjY5MTFkZjEzMjIwMzI3NTI0OzswOzA7Ow "HTTP/1.1 200 OK"
INFO:routers.meraki:Meraki: fetched 1195 clients.
INFO:routers.meraki:Meraki refresh complete. 11 networks, 215 devices, 19 uplink appliances, 1195 recent clients.
INFO:apscheduler.executors.default:Job "job_meraki_refresh (trigger: interval[0:15:00], next run at: 2026-05-12 15:58:32 CDT)" executed successfully
INFO:httpx:HTTP Request: GET https://graph.microsoft.com/v1.0/users?$select=id%2cdisplayName%2cuserPrincipalName%2caccountEnabled%2cuserType%2csignInActivity%2cassignedLicenses%2ccreatedDateTime%2cmail&$top=999&$count=true&$skiptoken=m~AQAoOzY1N2E3MzRhZTM5NDQ0OTBiNzczNWExZjM5NGEzMjk4OzswOzA7Ow "HTTP/1.1 200 OK"
INFO:httpx:HTTP Request: GET https://graph.microsoft.com/v1.0/users?$select=id%2cdisplayName%2cuserPrincipalName%2caccountEnabled%2cuserType%2csignInActivity%2cassignedLicenses%2ccreatedDateTime%2cmail&$top=999&$count=true&$skiptoken=m~AQAoOzdhMjJmY2MwYjEzNzQ2NzZhZDI0OTJhNTQxOWNmYjgyOzswOzA7Ow "HTTP/1.1 200 OK"
INFO:httpx:HTTP Request: GET https://graph.microsoft.com/v1.0/users?$select=id%2cdisplayName%2cuserPrincipalName%2caccountEnabled%2cuserType%2csignInActivity%2cassignedLicenses%2ccreatedDateTime%2cmail&$top=999&$count=true&$skiptoken=m~AQAoOzhlMGVjM2JmNTUxMTRmNGY5ZGQ0Y2Y3ZDRhYWU0ZjFiOzswOzA7Ow "HTTP/1.1 200 OK"
INFO:httpx:HTTP Request: GET https://graph.microsoft.com/v1.0/users?$select=id%2cdisplayName%2cuserPrincipalName%2caccountEnabled%2cuserType%2csignInActivity%2cassignedLicenses%2ccreatedDateTime%2cmail&$top=999&$count=true&$skiptoken=m~AQAoO2ExNTRlMmU2NjAyMTQ1YTFhODM0NmIzM2E1NjBkZjBiOzswOzA7Ow "HTTP/1.1 200 OK"
INFO:httpx:HTTP Request: GET https://graph.microsoft.com/v1.0/users?$select=id%2cdisplayName%2cuserPrincipalName%2caccountEnabled%2cuserType%2csignInActivity%2cassignedLicenses%2ccreatedDateTime%2cmail&$top=999&$count=true&$skiptoken=m~AQAoO2I2NjdiOTA3NjhmZTQ3NDQ5ZDdjZDEwYzNkN2EzYjgyOzswOzA7Ow "HTTP/1.1 200 OK"
INFO:httpx:HTTP Request: GET https://graph.microsoft.com/v1.0/users?$select=id%2cdisplayName%2cuserPrincipalName%2caccountEnabled%2cuserType%2csignInActivity%2cassignedLicenses%2ccreatedDateTime%2cmail&$top=999&$count=true&$skiptoken=m~AQAoO2NhOTFiNWE2NGRiMjQ3NmRhYzZkYjNkYzc2MTZjNjQwOzswOzA7Ow "HTTP/1.1 200 OK"
INFO:httpx:HTTP Request: GET https://graph.microsoft.com/v1.0/users?$select=id%2cdisplayName%2cuserPrincipalName%2caccountEnabled%2cuserType%2csignInActivity%2cassignedLicenses%2ccreatedDateTime%2cmail&$top=999&$count=true&$skiptoken=m~AQAoO2RlZGQzNGI5YTA5ZDQ2YzdiZTFlNDU1NzliOTVmZTQ2OzswOzA7Ow "HTTP/1.1 200 OK"
INFO:httpx:HTTP Request: GET https://graph.microsoft.com/v1.0/users?$select=id%2cdisplayName%2cuserPrincipalName%2caccountEnabled%2cuserType%2csignInActivity%2cassignedLicenses%2ccreatedDateTime%2cmail&$top=999&$count=true&$skiptoken=m~AQAoO2YyZjVkNGYwYTVmNTQ4MTJiMGI5MGU4NzE4YjAzNTM5OzswOzA7Ow "HTTP/1.1 200 OK"
INFO:routers.scheduler:Scheduler: Basic host list updated.
INFO:apscheduler.executors.default:Job "job_basic_hosts (trigger: interval[0:30:00], next run at: 2026-05-12 16:13:32 CDT)" executed successfully
INFO:routers.scheduler:Scheduler: OpManager alerts updated. Count: 8823
INFO:routers.scheduler:Scheduler: Citrix updated. Machines: 687, Sessions: 929
INFO:apscheduler.executors.default:Job "job_citrix_summary (trigger: interval[1:00:00], next run at: 2026-05-12 16:43:32 CDT)" executed successfully
INFO:routers.scheduler:Scheduler: Basic VM list updated.
INFO:apscheduler.executors.default:Job "job_basic_vms (trigger: interval[0:30:00], next run at: 2026-05-12 16:13:32 CDT)" executed successfully
INFO:httpx:HTTP Request: GET https://graph.microsoft.com/v1.0/groups?%24select=id%2CdisplayName%2CgroupTypes%2CsecurityEnabled%2CmailEnabled%2CmembershipRule%2CcreatedDateTime&%24top=999 "HTTP/1.1 200 OK"
INFO:routers.jira:Jira bulk prefetch: fetched 100 tickets so far
INFO:httpx:HTTP Request: GET https://graph.microsoft.com/v1.0/groups?$select=id%2cdisplayName%2cgroupTypes%2csecurityEnabled%2cmailEnabled%2cmembershipRule%2ccreatedDateTime&$top=999&$skiptoken=RFNwdAIAAQAAACpHcm91cF8wZTMwNDVhMy0xOTIxLTQ0MTctOWMxNC1kZjRiMTFiYzVjNGQqR3JvdXBfMGUzMDQ1YTMtMTkyMS00NDE3LTljMTQtZGY0YjExYmM1YzRkAAAAAAAAAAAAAAA "HTTP/1.1 200 OK"
INFO:routers.jira:Jira bulk prefetch: fetched 200 tickets so far
INFO:httpx:HTTP Request: GET https://graph.microsoft.com/v1.0/groups?$select=id%2cdisplayName%2cgroupTypes%2csecurityEnabled%2cmailEnabled%2cmembershipRule%2ccreatedDateTime&$top=999&$skiptoken=RFNwdAIAACpHcm91cF8wZTMwNWQyOS1hMmUzLTQ3NTktODQ1NS0yOGE3ZmQxN2E0ZjIqR3JvdXBfMGUzMDVkMjktYTJlMy00NzU5LTg0NTUtMjhhN2ZkMTdhNGYyACpHcm91cF8xYzYzMzc5NS03MWNlLTRjOWQtYmI0OC0xMTJhYzI5ZmZkZDQqR3JvdXBfMWM2MzM3OTUtNzFjZS00YzlkLWJiNDgtMTEyYWMyOWZmZGQ0AAAAAAAAAAAAAAA "HTTP/1.1 200 OK"
INFO:routers.jira:Jira bulk prefetch: fetched 300 tickets so far
INFO:httpx:HTTP Request: GET https://graph.microsoft.com/v1.0/groups?$select=id%2cdisplayName%2cgroupTypes%2csecurityEnabled%2cmailEnabled%2cmembershipRule%2ccreatedDateTime&$top=999&$skiptoken=RFNwdAIAACpHcm91cF8xYzY4NjEzNC1iY2Y4LTRhNDItOTJkNC1iZGI0ZGE5YTIxZGIqR3JvdXBfMWM2ODYxMzQtYmNmOC00YTQyLTkyZDQtYmRiNGRhOWEyMWRiACpHcm91cF8yOWJiOWNjMC00Y2Q1LTQ5YjMtYjAwZi00NjgyNzZiNzRmNDEqR3JvdXBfMjliYjljYzAtNGNkNS00OWIzLWIwMGYtNDY4Mjc2Yjc0ZjQxAAAAAAAAAAAAAAA "HTTP/1.1 200 OK"
INFO:routers.jira:Jira bulk prefetch: fetched 400 tickets so far
INFO:httpx:HTTP Request: GET https://graph.microsoft.com/v1.0/groups?$select=id%2cdisplayName%2cgroupTypes%2csecurityEnabled%2cmailEnabled%2cmembershipRule%2ccreatedDateTime&$top=999&$skiptoken=RFNwdAIAACpHcm91cF8yOWMwYTJiMi0yZTE0LTQ2OWEtYjE5Mi00MGJjYzVmYmNjYTUqR3JvdXBfMjljMGEyYjItMmUxNC00NjlhLWIxOTItNDBiY2M1ZmJjY2E1ACpHcm91cF8zNzExMWVhMC0xMjYwLTRjNjUtOWFjMS0yYWY2Mzk3NTY4ZDUqR3JvdXBfMzcxMTFlYTAtMTI2MC00YzY1LTlhYzEtMmFmNjM5NzU2OGQ1AAAAAAAAAAAAAAA "HTTP/1.1 200 OK"
INFO:routers.jira:Jira bulk prefetch: fetched 500 tickets so far
INFO:routers.jira:Jira bulk prefetch: fetched 600 tickets so far
INFO:httpx:HTTP Request: GET https://graph.microsoft.com/v1.0/groups?$select=id%2cdisplayName%2cgroupTypes%2csecurityEnabled%2cmailEnabled%2cmembershipRule%2ccreatedDateTime&$top=999&$skiptoken=RFNwdAIAACpHcm91cF8zNzFjZTkyZS1hZGI1LTQwMDUtOWNkOS1jZDQzZGU0ZjA3ODQqR3JvdXBfMzcxY2U5MmUtYWRiNS00MDA1LTljZDktY2Q0M2RlNGYwNzg0ACpHcm91cF80NDhiOTJjMi01NDQ2LTQ5MDItODRiZi1iMzdlOGJjOGVlZmMqR3JvdXBfNDQ4YjkyYzItNTQ0Ni00OTAyLTg0YmYtYjM3ZThiYzhlZWZjAAAAAAAAAAAAAAA "HTTP/1.1 200 OK"
INFO:routers.jira:Jira bulk prefetch: fetched 700 tickets so far
INFO:httpx:HTTP Request: GET https://graph.microsoft.com/v1.0/groups?$select=id%2cdisplayName%2cgroupTypes%2csecurityEnabled%2cmailEnabled%2cmembershipRule%2ccreatedDateTime&$top=999&$skiptoken=RFNwdAIAACpHcm91cF80NDhkZjQ2Yi1lOTEzLTRkNGUtYTBkMC02Mzg2OTFiYmNlNGYqR3JvdXBfNDQ4ZGY0NmItZTkxMy00ZDRlLWEwZDAtNjM4NjkxYmJjZTRmACpHcm91cF81MWE1Y2FmNS1lMTkyLTQ4MTEtYmJiYS1iYmIzYjY2M2E5NDIqR3JvdXBfNTFhNWNhZjUtZTE5Mi00ODExLWJiYmEtYmJiM2I2NjNhOTQyAAAAAAAAAAAAAAA "HTTP/1.1 200 OK"
INFO:routers.jira:Jira bulk prefetch: fetched 800 tickets so far
INFO:httpx:HTTP Request: GET https://graph.microsoft.com/v1.0/groups?$select=id%2cdisplayName%2cgroupTypes%2csecurityEnabled%2cmailEnabled%2cmembershipRule%2ccreatedDateTime&$top=999&$skiptoken=RFNwdAIAACpHcm91cF81MWE3YjQ4ZS02NmZiLTQ5YTEtYjQ1ZS1kMzZiZmRjOWI5OGUqR3JvdXBfNTFhN2I0OGUtNjZmYi00OWExLWI0NWUtZDM2YmZkYzliOThlACpHcm91cF81ZTY1MDBmMC1iNjJhLTRkNDMtOThjYS0wODk0YzIwNGY2ZWIqR3JvdXBfNWU2NTAwZjAtYjYyYS00ZDQzLTk4Y2EtMDg5NGMyMDRmNmViAAAAAAAAAAAAAAA "HTTP/1.1 200 OK"
INFO:routers.jira:Jira bulk prefetch: fetched 900 tickets so far
INFO:routers.jira:Jira bulk prefetch: fetched 1000 tickets so far
INFO:httpx:HTTP Request: GET https://graph.microsoft.com/v1.0/groups?$select=id%2cdisplayName%2cgroupTypes%2csecurityEnabled%2cmailEnabled%2cmembershipRule%2ccreatedDateTime&$top=999&$skiptoken=RFNwdAIAACpHcm91cF81ZTY3N2M4Zi04N2I1LTQwMDktODJjZC04NDAyMWRlNTBjNTIqR3JvdXBfNWU2NzdjOGYtODdiNS00MDA5LTgyY2QtODQwMjFkZTUwYzUyACpHcm91cF82YzhjOGIxOS0wNTUyLTRhZGMtYWExMi0yN2U2NmViYjRjZjUqR3JvdXBfNmM4YzhiMTktMDU1Mi00YWRjLWFhMTItMjdlNjZlYmI0Y2Y1AAAAAAAAAAAAAAA "HTTP/1.1 200 OK"
INFO:routers.jira:Jira bulk prefetch: fetched 1100 tickets so far
INFO:routers.jira:Jira bulk prefetch: fetched 1200 tickets so far
INFO:httpx:HTTP Request: GET https://graph.microsoft.com/v1.0/groups?$select=id%2cdisplayName%2cgroupTypes%2csecurityEnabled%2cmailEnabled%2cmembershipRule%2ccreatedDateTime&$top=999&$skiptoken=RFNwdAIAACpHcm91cF82YzhlMDAwNC05NDlkLTRhOWMtOTRhYy00MzU1MGNjZTdmZDAqR3JvdXBfNmM4ZTAwMDQtOTQ5ZC00YTljLTk0YWMtNDM1NTBjY2U3ZmQwACpHcm91cF83OWRiYjQ0Zi05YTgxLTQwOWEtOWFhMS03Yjk0ZmZmOGI4OWYqR3JvdXBfNzlkYmI0NGYtOWE4MS00MDlhLTlhYTEtN2I5NGZmZjhiODlmAAAAAAAAAAAAAAA "HTTP/1.1 200 OK"
INFO:routers.jira:Jira bulk prefetch: fetched 1300 tickets so far
INFO:httpx:HTTP Request: GET https://graph.microsoft.com/v1.0/groups?$select=id%2cdisplayName%2cgroupTypes%2csecurityEnabled%2cmailEnabled%2cmembershipRule%2ccreatedDateTime&$top=999&$skiptoken=RFNwdAIAACpHcm91cF83OWRjZWQ1MS1iYjQ0LTRmYWMtOTlkOC00OTUzZjMzOTZlZDUqR3JvdXBfNzlkY2VkNTEtYmI0NC00ZmFjLTk5ZDgtNDk1M2YzMzk2ZWQ1ACpHcm91cF84NzE4Y2MzYy04ZmQzLTRjZGYtOWNiZi0wM2ExY2FmYjcyYWEqR3JvdXBfODcxOGNjM2MtOGZkMy00Y2RmLTljYmYtMDNhMWNhZmI3MmFhAAAAAAAAAAAAAAA "HTTP/1.1 200 OK"
INFO:routers.jira:Jira bulk prefetch: fetched 1391 tickets so far
INFO:routers.jira:Jira bulk prefetch: 1391 tickets indexed, 2221 words
INFO:routers.scheduler:Scheduler: Jira prefetch complete. 1391 ticket(s) fetched. 14/477 device(s) have open tickets.
INFO:apscheduler.executors.default:Job "job_opmanager_alerts (trigger: interval[0:05:00], next run at: 2026-05-12 15:48:32 CDT)" executed successfully
INFO:httpx:HTTP Request: GET https://graph.microsoft.com/v1.0/groups?$select=id%2cdisplayName%2cgroupTypes%2csecurityEnabled%2cmailEnabled%2cmembershipRule%2ccreatedDateTime&$top=999&$skiptoken=RFNwdAIAACpHcm91cF84NzFkYmJjOS1iZTUzLTRhNWQtOTNiOS1jNmFjY2FlZDJhODEqR3JvdXBfODcxZGJiYzktYmU1My00YTVkLTkzYjktYzZhY2NhZWQyYTgxACpHcm91cF85NTA0NTUwOS1kMThmLTQ2ZTgtYmJkMy1kYjhjOWFhZDA3ZTcqR3JvdXBfOTUwNDU1MDktZDE4Zi00NmU4LWJiZDMtZGI4YzlhYWQwN2U3AAAAAAAAAAAAAAA "HTTP/1.1 200 OK"
INFO:httpx:HTTP Request: GET https://graph.microsoft.com/v1.0/groups?$select=id%2cdisplayName%2cgroupTypes%2csecurityEnabled%2cmailEnabled%2cmembershipRule%2ccreatedDateTime&$top=999&$skiptoken=RFNwdAIAACpHcm91cF85NTA4YWE4Zi1mODE4LTQ3NzAtOTBkMS1kNjkxYzM1ZTkxMmMqR3JvdXBfOTUwOGFhOGYtZjgxOC00NzcwLTkwZDEtZDY5MWMzNWU5MTJjACpHcm91cF9hMjNmYjdjZC01NTUxLTRiMDItYTUyYy1mMzc0NjZhNzlkNTUqR3JvdXBfYTIzZmI3Y2QtNTU1MS00YjAyLWE1MmMtZjM3NDY2YTc5ZDU1AAAAAAAAAAAAAAA "HTTP/1.1 200 OK"
INFO:httpx:HTTP Request: GET https://graph.microsoft.com/v1.0/groups?$select=id%2cdisplayName%2cgroupTypes%2csecurityEnabled%2cmailEnabled%2cmembershipRule%2ccreatedDateTime&$top=999&$skiptoken=RFNwdAIAACpHcm91cF9hMjNmZTVjMy0xOGUzLTRjMzktYjhjMi03Y2EyMmQ5ZmE0NzIqR3JvdXBfYTIzZmU1YzMtMThlMy00YzM5LWI4YzItN2NhMjJkOWZhNDcyACpHcm91cF9hZjQyZWI5Zi05YTUwLTRlMjYtYmQxOS01NzUxMTM5ZDdkMWUqR3JvdXBfYWY0MmViOWYtOWE1MC00ZTI2LWJkMTktNTc1MTEzOWQ3ZDFlAAAAAAAAAAAAAAA "HTTP/1.1 200 OK"
INFO:httpx:HTTP Request: GET https://graph.microsoft.com/v1.0/groups?$select=id%2cdisplayName%2cgroupTypes%2csecurityEnabled%2cmailEnabled%2cmembershipRule%2ccreatedDateTime&$top=999&$skiptoken=RFNwdAIAACpHcm91cF9hZjQ1M2NkNy0yMWQ3LTRhOWUtYjY1Mi1hMGZlODgyODYyYWUqR3JvdXBfYWY0NTNjZDctMjFkNy00YTllLWI2NTItYTBmZTg4Mjg2MmFlACpHcm91cF9iY2NlYjE3OC00MTY0LTQ5MGEtODJlZi05OGFhYTVjNzQxNTQqR3JvdXBfYmNjZWIxNzgtNDE2NC00OTBhLTgyZWYtOThhYWE1Yzc0MTU0AAAAAAAAAAAAAAA "HTTP/1.1 200 OK"
INFO:httpx:HTTP Request: GET https://graph.microsoft.com/v1.0/groups?$select=id%2cdisplayName%2cgroupTypes%2csecurityEnabled%2cmailEnabled%2cmembershipRule%2ccreatedDateTime&$top=999&$skiptoken=RFNwdAIAACpHcm91cF9iY2QyY2E5OC0yZjk4LTRiYWEtYmZkMy1iZGFiNWViMGU3YzAqR3JvdXBfYmNkMmNhOTgtMmY5OC00YmFhLWJmZDMtYmRhYjVlYjBlN2MwACpHcm91cF9jYTY2MjlmMS1lMGJhLTQwNGYtODM4Mi04MTBiZDJiNTE3MmYqR3JvdXBfY2E2NjI5ZjEtZTBiYS00MDRmLTgzODItODEwYmQyYjUxNzJmAAAAAAAAAAAAAAA "HTTP/1.1 200 OK"
INFO:httpx:HTTP Request: GET https://graph.microsoft.com/v1.0/groups?$select=id%2cdisplayName%2cgroupTypes%2csecurityEnabled%2cmailEnabled%2cmembershipRule%2ccreatedDateTime&$top=999&$skiptoken=RFNwdAIAACpHcm91cF9jYTY3MDFiNy0xODg4LTQ0MzMtYTZhOC0zMWZjNDg2OTk4ODMqR3JvdXBfY2E2NzAxYjctMTg4OC00NDMzLWE2YTgtMzFmYzQ4Njk5ODgzACpHcm91cF9kN2JjZWIwZC00MDJmLTRiOWUtODdhZS01YjE2YWQ3MDE4ODgqR3JvdXBfZDdiY2ViMGQtNDAyZi00YjllLTg3YWUtNWIxNmFkNzAxODg4AAAAAAAAAAAAAAA "HTTP/1.1 200 OK"
INFO:httpx:HTTP Request: GET https://graph.microsoft.com/v1.0/groups?$select=id%2cdisplayName%2cgroupTypes%2csecurityEnabled%2cmailEnabled%2cmembershipRule%2ccreatedDateTime&$top=999&$skiptoken=RFNwdAIAACpHcm91cF9kN2JkMmQzOC03N2I2LTQ5M2YtYjZmMS01ZmY0OTcyMjE4MzcqR3JvdXBfZDdiZDJkMzgtNzdiNi00OTNmLWI2ZjEtNWZmNDk3MjIxODM3ACpHcm91cF9lNGIwMjM0Ni03NmNlLTQ1MTctYjU0NS04YWIxNzkwNjljNGYqR3JvdXBfZTRiMDIzNDYtNzZjZS00NTE3LWI1NDUtOGFiMTc5MDY5YzRmAAAAAAAAAAAAAAA "HTTP/1.1 200 OK"
INFO:httpx:HTTP Request: GET https://graph.microsoft.com/v1.0/groups?$select=id%2cdisplayName%2cgroupTypes%2csecurityEnabled%2cmailEnabled%2cmembershipRule%2ccreatedDateTime&$top=999&$skiptoken=RFNwdAIAACpHcm91cF9lNGJkNDk1MS05MjQzLTQ3MzUtODU4OC0yODFkM2Q4YzZmYzUqR3JvdXBfZTRiZDQ5NTEtOTI0My00NzM1LTg1ODgtMjgxZDNkOGM2ZmM1ACpHcm91cF9mMjI3OGJkZC0zYjlmLTRmMDYtOWM5Ny0yZDQ3M2JlYTE3NjcqR3JvdXBfZjIyNzhiZGQtM2I5Zi00ZjA2LTljOTctMmQ0NzNiZWExNzY3AAAAAAAAAAAAAAA "HTTP/1.1 200 OK"
INFO:httpx:HTTP Request: GET https://graph.microsoft.com/v1.0/groups?$select=id%2cdisplayName%2cgroupTypes%2csecurityEnabled%2cmailEnabled%2cmembershipRule%2ccreatedDateTime&$top=999&$skiptoken=RFNwdAIAACpHcm91cF9mMjJlNGVjMy01NGY1LTRhYzgtOTIyMS1lNjNkNDlhYWE3MTEqR3JvdXBfZjIyZTRlYzMtNTRmNS00YWM4LTkyMjEtZTYzZDQ5YWFhNzExACpHcm91cF9mZjgxZmJhNS1lN2M2LTQ1OWQtOGI0ZS1kNGNlOTBjNzFiMjAqR3JvdXBfZmY4MWZiYTUtZTdjNi00NTlkLThiNGUtZDRjZTkwYzcxYjIwAAAAAAAAAAAAAAA "HTTP/1.1 200 OK"
INFO:httpx:HTTP Request: GET https://graph.microsoft.com/v1.0/applications?%24select=id%2CdisplayName%2CappId%2CcreatedDateTime%2CpasswordCredentials%2CkeyCredentials%2CsignInAudience&%24top=999 "HTTP/1.1 200 OK"
INFO:httpx:HTTP Request: GET https://graph.microsoft.com/v1.0/reports/getMailboxUsageDetail(period='D30') "HTTP/1.1 302 Found"
INFO:httpx:HTTP Request: GET https://reportsncu.office.com/data/v1.0/download?token=eyJhbGciOiJSUzI1NiIsImtpZCI6IkY5QjU0NEU5N0Y1OERGOUM2RUNBQTVERTYyOEQ5RDgwNEE1M0YzRUEiLCJ0eXAiOiJKV1QifQ.eyJ0aWQiOiJjMGQ5YTE1OS0xOGFiLTRjMzEtYTVhNS1mNGQwYjgwNWRlN2QiLCJlbnQiOiJnZXRNYWlsYm94VXNhZ2VEZXRhaWwiLCJhcHAiOiI4NmNkOWVjZi00YTE3LTQ1NGYtYjY5ZC04N2JjNDQ4NGUyZjEiLCJjaWQiOiIxQ0EyMDJCODI1OTY0MjFEQjk2QzIyNDA3MTdFRTQwNCIsImd2ZXIiOiJWMSIsImFnZyI6Ik0zMCIsImRhdGUiOiIiLCJ0dmVyIjoiVjEuMCIsInJlcSI6InJlcG9ydHNuY3Uub2ZmaWNlLmNvbSIsInBvciI6IjQ0MyIsIm5iZiI6MTc3ODYxODY3MywiZXhwIjoxNzc4NjE4NzkzLCJpYXQiOjE3Nzg2MTg2NzMsImlzcyI6IjUwN2JjOWRhLWM0ZTItNDBjYi05NmE3LWFjOTBkZjkyNjg1YyIsImF1ZCI6InJlcG9ydHNuY3Uub2ZmaWNlLmNvbSJ9.N6L89HfQIyFLs-hwMpQ5bR_Hu5EHu1XUjzl_tWZ8TpAqJ0xKmLHVLzIOUuWcHgEuSOakkHOM635c_Mqc0Qa4FmE2ZJTJf4lo0d7ETSrXY8DC1-jP2SehpmE-CFQ0Pg5_oNKeO7YjwWbINrfMZcZNtG3f7MshrFmae07Eyfh7oXCsl_9EeyX8pSEEUBelZ5bACi7rHSC8U_uNndk6deMsEewMnk_tW-F0JLPhEHuQZXHeMjXB7CVe2qvYiv1vt2NvdLl-VYTiknPlGEOzo30kh51aLqu2MBCbns6yUFOUfV7jAUo4DmLMOMUTD1Ipe_fSvkthwgBWWaV_LNo894eqzA "HTTP/1.1 200 OK"
INFO:httpx:HTTP Request: GET https://graph.microsoft.com/v1.0/identityProtection/riskyUsers?%24filter=riskState+ne+%27dismissed%27+and+riskState+ne+%27remediated%27&%24top=50 "HTTP/1.1 200 OK"
INFO:httpx:HTTP Request: GET https://graph.microsoft.com/v1.0/identityProtection/riskyUsers?$filter=riskState+ne+%27dismissed%27+and+riskState+ne+%27remediated%27&$top=50&$skiptoken=b25dc8c5ddc9e4d4c2f78c895532ca1bd44c633c3e9c36a5ae32f57cb754b2c5_50 "HTTP/1.1 200 OK"
INFO:httpx:HTTP Request: GET https://graph.microsoft.com/v1.0/identityProtection/riskyUsers?$filter=riskState+ne+%27dismissed%27+and+riskState+ne+%27remediated%27&$top=50&$skiptoken=f5466fe606d6eb2096da31b7df87800030c335d9a82cea5481b5b206b00b4731_100 "HTTP/1.1 200 OK"
INFO:httpx:HTTP Request: GET https://graph.microsoft.com/v1.0/identityProtection/riskyUsers?$filter=riskState+ne+%27dismissed%27+and+riskState+ne+%27remediated%27&$top=50&$skiptoken=daa1d6e638699b8393543c18a5d95e780ca78bd1cdfbe41819f2210709a52758_150 "HTTP/1.1 200 OK"
INFO:httpx:HTTP Request: GET https://graph.microsoft.com/v1.0/identityProtection/riskyUsers?$filter=riskState+ne+%27dismissed%27+and+riskState+ne+%27remediated%27&$top=50&$skiptoken=48532368cca2ab6305a08d455509bc825823bab84df6b82b56d5a1ddd2c55075_200 "HTTP/1.1 200 OK"
INFO:httpx:HTTP Request: GET https://graph.microsoft.com/v1.0/identityProtection/riskyUsers?$filter=riskState+ne+%27dismissed%27+and+riskState+ne+%27remediated%27&$top=50&$skiptoken=2a1a546cff2d8583644ec352c9dbe77aa7fbf4cd1101928b105352ce99274d17_250 "HTTP/1.1 200 OK"
INFO:httpx:HTTP Request: GET https://graph.microsoft.com/v1.0/identityProtection/riskyUsers?$filter=riskState+ne+%27dismissed%27+and+riskState+ne+%27remediated%27&$top=50&$skiptoken=ceb80fceed721448bb58ab6fa889d94f1e9a9482a372a7539d2b152e21e7d366_300 "HTTP/1.1 200 OK"
INFO:httpx:HTTP Request: GET https://graph.microsoft.com/v1.0/identityProtection/riskyUsers?$filter=riskState+ne+%27dismissed%27+and+riskState+ne+%27remediated%27&$top=50&$skiptoken=45716480b8864a27b9fa459957513bd47942abb343e15d0aa83a518805e08496_350 "HTTP/1.1 200 OK"
INFO:httpx:HTTP Request: GET https://graph.microsoft.com/v1.0/identityProtection/riskyUsers?$filter=riskState+ne+%27dismissed%27+and+riskState+ne+%27remediated%27&$top=50&$skiptoken=0d5d45bf756d05ccd6d144202344a53c5bf1e9839b8cf47e97c67d2fbf8c6287_400 "HTTP/1.1 200 OK"
INFO:httpx:HTTP Request: GET https://graph.microsoft.com/v1.0/identityProtection/riskyUsers?$filter=riskState+ne+%27dismissed%27+and+riskState+ne+%27remediated%27&$top=50&$skiptoken=a3d6ada2ad8a8d670d75e5520c3d3887064bc0391d484fbc962920535de8269d_450 "HTTP/1.1 200 OK"
INFO:httpx:HTTP Request: GET https://graph.microsoft.com/v1.0/identityProtection/riskyUsers?$filter=riskState+ne+%27dismissed%27+and+riskState+ne+%27remediated%27&$top=50&$skiptoken=f23abe2431fa771fd3a0c207c861ec578f384174d38ec1487578300db014c2cd_500 "HTTP/1.1 200 OK"
INFO:httpx:HTTP Request: GET https://graph.microsoft.com/v1.0/identityProtection/riskyUsers?$filter=riskState+ne+%27dismissed%27+and+riskState+ne+%27remediated%27&$top=50&$skiptoken=d04a3430e0b0ef32dd6fdcab0874146bfddea7c36ffcc38186564f6e1d509928_550 "HTTP/1.1 200 OK"
INFO:httpx:HTTP Request: GET https://graph.microsoft.com/v1.0/identity/conditionalAccess/policies "HTTP/1.1 200 OK"
INFO:routers.entra:Entra refresh complete: {'licenses': 38, 'users': 12608, 'groups': 19023, 'apps': 356, 'mailbox': 5041, 'risky': 584, 'ca_policies': 25}
INFO:routers.scheduler:Scheduler: Entra refresh complete: {'licenses': 38, 'users': 12608, 'groups': 19023, 'apps': 356, 'mailbox': 5041, 'risky': 584, 'ca_policies': 25}
INFO:apscheduler.executors.default:Job "job_entra_refresh (trigger: interval[1:00:00], next run at: 2026-05-12 16:43:32 CDT)" executed successfully
INFO:apscheduler.executors.default:Running job "job_opmanager_alerts (trigger: interval[0:05:00], next run at: 2026-05-12 15:53:32 CDT)" (scheduled at 2026-05-12 15:48:32.794473-05:00)
INFO:routers.scheduler:Scheduler: Refreshing OpManager alerts...
INFO:routers.scheduler:Scheduler: OpManager alerts updated. Count: 8823
INFO:routers.jira:Jira bulk prefetch: fetched 100 tickets so far
INFO:routers.jira:Jira bulk prefetch: fetched 200 tickets so far
INFO:routers.jira:Jira bulk prefetch: fetched 300 tickets so far
INFO:routers.jira:Jira bulk prefetch: fetched 400 tickets so far
INFO:routers.jira:Jira bulk prefetch: fetched 500 tickets so far
INFO:routers.jira:Jira bulk prefetch: fetched 600 tickets so far
INFO:routers.jira:Jira bulk prefetch: fetched 700 tickets so far
INFO:routers.jira:Jira bulk prefetch: fetched 800 tickets so far
INFO:routers.jira:Jira bulk prefetch: fetched 900 tickets so far
INFO:routers.jira:Jira bulk prefetch: fetched 1000 tickets so far
INFO:routers.jira:Jira bulk prefetch: fetched 1100 tickets so far
INFO:routers.jira:Jira bulk prefetch: fetched 1200 tickets so far
INFO:routers.jira:Jira bulk prefetch: fetched 1300 tickets so far
INFO:routers.jira:Jira bulk prefetch: fetched 1391 tickets so far
INFO:routers.jira:Jira bulk prefetch: 1391 tickets indexed, 2221 words
INFO:routers.scheduler:Scheduler: Jira prefetch complete. 1391 ticket(s) fetched. 14/476 device(s) have open tickets.
INFO:apscheduler.executors.default:Job "job_opmanager_alerts (trigger: interval[0:05:00], next run at: 2026-05-12 15:53:32 CDT)" executed successfully
INFO:apscheduler.executors.default:Running job "job_opmanager_alerts (trigger: interval[0:05:00], next run at: 2026-05-12 15:58:32 CDT)" (scheduled at 2026-05-12 15:53:32.794473-05:00)
INFO:routers.scheduler:Scheduler: Refreshing OpManager alerts...
INFO:routers.scheduler:Scheduler: OpManager alerts updated. Count: 8823
INFO:routers.jira:Jira bulk prefetch: fetched 100 tickets so far
INFO:routers.jira:Jira bulk prefetch: fetched 200 tickets so far
INFO:routers.jira:Jira bulk prefetch: fetched 300 tickets so far
INFO:routers.jira:Jira bulk prefetch: fetched 400 tickets so far
INFO:routers.jira:Jira bulk prefetch: fetched 500 tickets so far
INFO:routers.jira:Jira bulk prefetch: fetched 600 tickets so far
INFO:routers.jira:Jira bulk prefetch: fetched 700 tickets so far
INFO:routers.jira:Jira bulk prefetch: fetched 800 tickets so far
INFO:routers.jira:Jira bulk prefetch: fetched 900 tickets so far
INFO:routers.jira:Jira bulk prefetch: fetched 1000 tickets so far
INFO:routers.jira:Jira bulk prefetch: fetched 1100 tickets so far
INFO:routers.jira:Jira bulk prefetch: fetched 1200 tickets so far
INFO:routers.jira:Jira bulk prefetch: fetched 1300 tickets so far
INFO:routers.jira:Jira bulk prefetch: fetched 1392 tickets so far
INFO:routers.jira:Jira bulk prefetch: 1392 tickets indexed, 2224 words
INFO:routers.scheduler:Scheduler: Jira prefetch complete. 1392 ticket(s) fetched. 13/475 device(s) have open tickets.
INFO:apscheduler.executors.default:Job "job_opmanager_alerts (trigger: interval[0:05:00], next run at: 2026-05-12 15:58:32 CDT)" executed successfully
INFO:apscheduler.executors.default:Running job "job_opmanager_alerts (trigger: interval[0:05:00], next run at: 2026-05-12 16:03:32 CDT)" (scheduled at 2026-05-12 15:58:32.794473-05:00)
INFO:routers.scheduler:Scheduler: Refreshing OpManager alerts...
INFO:apscheduler.executors.default:Running job "job_opmanager_devices (trigger: interval[0:15:00], next run at: 2026-05-12 16:13:32 CDT)" (scheduled at 2026-05-12 15:58:32.794516-05:00)
INFO:apscheduler.executors.default:Running job "job_meraki_refresh (trigger: interval[0:15:00], next run at: 2026-05-12 16:13:32 CDT)" (scheduled at 2026-05-12 15:58:32.795181-05:00)
INFO:apscheduler.executors.default:Running job "job_findings (trigger: interval[0:15:00], next run at: 2026-05-12 16:13:32 CDT)" (scheduled at 2026-05-12 15:58:32.795375-05:00)
INFO:apscheduler.executors.default:Running job "job_citrix_power_unknown_check (trigger: interval[0:15:00], next run at: 2026-05-12 16:13:32 CDT)" (scheduled at 2026-05-12 15:58:32.795007-05:00)
INFO:routers.scheduler:Scheduler: Refreshing OpManager devices...
INFO:routers.scheduler:Scheduler: Refreshing Meraki data...
INFO:routers.scheduler:Scheduler: Checking Citrix machine power states for unknowns...
INFO:routers.meraki:Meraki refresh: starting...
INFO:routers.scheduler:Scheduler: Power check complete. New unknowns: 0, Recovered: 0, Notified teams: none
INFO:apscheduler.executors.default:Job "job_citrix_power_unknown_check (trigger: interval[0:15:00], next run at: 2026-05-12 16:13:32 CDT)" executed successfully
INFO:routers.findings:findings: refreshed — 36 total
INFO:routers.scheduler:Scheduler: findings refreshed — 36 findings
INFO:apscheduler.executors.default:Job "job_findings (trigger: interval[0:15:00], next run at: 2026-05-12 16:13:32 CDT)" executed successfully
INFO:routers.meraki:Meraki: fetched 11 networks across 2 orgs.
INFO:routers.meraki:Meraki: fetched 215 devices.
INFO:routers.meraki:Meraki: fetched uplinks for 19 appliances.
INFO:routers.scheduler:Scheduler: OpManager devices updated.
INFO:apscheduler.executors.default:Job "job_opmanager_devices (trigger: interval[0:15:00], next run at: 2026-05-12 16:13:32 CDT)" executed successfully
INFO:routers.meraki:Meraki: fetched 1187 clients.
INFO:routers.meraki:Meraki refresh complete. 11 networks, 215 devices, 19 uplink appliances, 1187 recent clients.
INFO:apscheduler.executors.default:Job "job_meraki_refresh (trigger: interval[0:15:00], next run at: 2026-05-12 16:13:32 CDT)" executed successfully
INFO:routers.scheduler:Scheduler: OpManager alerts updated. Count: 8823
INFO:routers.jira:Jira bulk prefetch: fetched 100 tickets so far
INFO:routers.jira:Jira bulk prefetch: fetched 200 tickets so far
INFO:routers.jira:Jira bulk prefetch: fetched 300 tickets so far
INFO:routers.jira:Jira bulk prefetch: fetched 400 tickets so far
INFO:routers.jira:Jira bulk prefetch: fetched 500 tickets so far
INFO:routers.jira:Jira bulk prefetch: fetched 600 tickets so far
INFO:routers.jira:Jira bulk prefetch: fetched 700 tickets so far
INFO:routers.jira:Jira bulk prefetch: fetched 800 tickets so far
INFO:routers.jira:Jira bulk prefetch: fetched 900 tickets so far
INFO:routers.jira:Jira bulk prefetch: fetched 1000 tickets so far
INFO:routers.jira:Jira bulk prefetch: fetched 1100 tickets so far
INFO:routers.jira:Jira bulk prefetch: fetched 1200 tickets so far
INFO:routers.jira:Jira bulk prefetch: fetched 1300 tickets so far
INFO:routers.jira:Jira bulk prefetch: fetched 1391 tickets so far
INFO:routers.jira:Jira bulk prefetch: 1391 tickets indexed, 2223 words
INFO:routers.scheduler:Scheduler: Jira prefetch complete. 1391 ticket(s) fetched. 13/475 device(s) have open tickets.
INFO:apscheduler.executors.default:Job "job_opmanager_alerts (trigger: interval[0:05:00], next run at: 2026-05-12 16:03:32 CDT)" executed successfully
INFO:     127.0.0.1:54630 - "GET / HTTP/1.1" 302 Found
INFO:     127.0.0.1:54630 - "GET /infraportal/auth/login?next=http://127.0.0.1:8000/ HTTP/1.1" 302 Found
INFO:apscheduler.executors.default:Running job "job_opmanager_alerts (trigger: interval[0:05:00], next run at: 2026-05-12 16:08:32 CDT)" (scheduled at 2026-05-12 16:03:32.794473-05:00)
INFO:routers.scheduler:Scheduler: Refreshing OpManager alerts...
INFO:routers.scheduler:Scheduler: OpManager alerts updated. Count: 8823
INFO:routers.jira:Jira bulk prefetch: fetched 100 tickets so far
INFO:routers.jira:Jira bulk prefetch: fetched 200 tickets so far
INFO:routers.jira:Jira bulk prefetch: fetched 300 tickets so far
INFO:routers.jira:Jira bulk prefetch: fetched 400 tickets so far
INFO:routers.jira:Jira bulk prefetch: fetched 500 tickets so far
INFO:routers.jira:Jira bulk prefetch: fetched 600 tickets so far
INFO:routers.jira:Jira bulk prefetch: fetched 700 tickets so far
INFO:routers.jira:Jira bulk prefetch: fetched 800 tickets so far
INFO:routers.jira:Jira bulk prefetch: fetched 900 tickets so far
INFO:routers.jira:Jira bulk prefetch: fetched 1000 tickets so far
INFO:routers.jira:Jira bulk prefetch: fetched 1100 tickets so far
INFO:routers.jira:Jira bulk prefetch: fetched 1200 tickets so far
INFO:routers.jira:Jira bulk prefetch: fetched 1300 tickets so far
INFO:routers.jira:Jira bulk prefetch: fetched 1391 tickets so far
INFO:routers.jira:Jira bulk prefetch: 1391 tickets indexed, 2223 words
INFO:routers.scheduler:Scheduler: Jira prefetch complete. 1391 ticket(s) fetched. 13/473 device(s) have open tickets.
INFO:apscheduler.executors.default:Job "job_opmanager_alerts (trigger: interval[0:05:00], next run at: 2026-05-12 16:08:32 CDT)" executed successfully
INFO:apscheduler.executors.default:Running job "job_opmanager_alerts (trigger: interval[0:05:00], next run at: 2026-05-12 16:13:32 CDT)" (scheduled at 2026-05-12 16:08:32.794473-05:00)
INFO:routers.scheduler:Scheduler: Refreshing OpManager alerts...
INFO:routers.scheduler:Scheduler: OpManager alerts updated. Count: 8823
INFO:routers.jira:Jira bulk prefetch: fetched 100 tickets so far
INFO:routers.jira:Jira bulk prefetch: fetched 200 tickets so far
INFO:routers.jira:Jira bulk prefetch: fetched 300 tickets so far
INFO:routers.jira:Jira bulk prefetch: fetched 400 tickets so far
INFO:routers.jira:Jira bulk prefetch: fetched 500 tickets so far
INFO:routers.jira:Jira bulk prefetch: fetched 600 tickets so far
INFO:routers.jira:Jira bulk prefetch: fetched 700 tickets so far
INFO:routers.jira:Jira bulk prefetch: fetched 800 tickets so far
INFO:routers.jira:Jira bulk prefetch: fetched 900 tickets so far
INFO:routers.jira:Jira bulk prefetch: fetched 1000 tickets so far
INFO:routers.jira:Jira bulk prefetch: fetched 1100 tickets so far
INFO:routers.jira:Jira bulk prefetch: fetched 1200 tickets so far
INFO:routers.jira:Jira bulk prefetch: fetched 1300 tickets so far
INFO:routers.jira:Jira bulk prefetch: fetched 1391 tickets so far
INFO:routers.jira:Jira bulk prefetch: 1391 tickets indexed, 2223 words
INFO:routers.scheduler:Scheduler: Jira prefetch complete. 1391 ticket(s) fetched. 14/475 device(s) have open tickets.
INFO:apscheduler.executors.default:Job "job_opmanager_alerts (trigger: interval[0:05:00], next run at: 2026-05-12 16:13:32 CDT)" executed successfully
INFO:apscheduler.executors.default:Running job "job_basic_vms (trigger: interval[0:30:00], next run at: 2026-05-12 16:43:32 CDT)" (scheduled at 2026-05-12 16:13:32.794019-05:00)
INFO:apscheduler.executors.default:Running job "job_basic_hosts (trigger: interval[0:30:00], next run at: 2026-05-12 16:43:32 CDT)" (scheduled at 2026-05-12 16:13:32.794166-05:00)
INFO:apscheduler.executors.default:Running job "job_opmanager_alerts (trigger: interval[0:05:00], next run at: 2026-05-12 16:18:32 CDT)" (scheduled at 2026-05-12 16:13:32.794473-05:00)
INFO:apscheduler.executors.default:Running job "job_opmanager_devices (trigger: interval[0:15:00], next run at: 2026-05-12 16:28:32 CDT)" (scheduled at 2026-05-12 16:13:32.794516-05:00)
INFO:apscheduler.executors.default:Running job "job_jira_prefetch (trigger: interval[0:30:00], next run at: 2026-05-12 16:43:32 CDT)" (scheduled at 2026-05-12 16:13:32.794562-05:00)
INFO:apscheduler.executors.default:Running job "job_citrix_power_unknown_check (trigger: interval[0:15:00], next run at: 2026-05-12 16:28:32 CDT)" (scheduled at 2026-05-12 16:13:32.795007-05:00)
INFO:apscheduler.executors.default:Running job "job_meraki_refresh (trigger: interval[0:15:00], next run at: 2026-05-12 16:28:32 CDT)" (scheduled at 2026-05-12 16:13:32.795181-05:00)
INFO:apscheduler.executors.default:Running job "job_findings (trigger: interval[0:15:00], next run at: 2026-05-12 16:28:32 CDT)" (scheduled at 2026-05-12 16:13:32.795375-05:00)
INFO:routers.scheduler:Scheduler: Refreshing basic VM list...
INFO:routers.scheduler:Scheduler: Refreshing basic host list...
INFO:routers.scheduler:Scheduler: Refreshing OpManager alerts...
INFO:routers.scheduler:Scheduler: Refreshing OpManager devices...
INFO:routers.scheduler:Scheduler: Checking Citrix machine power states for unknowns...
INFO:routers.scheduler:Scheduler: Refreshing Meraki data...
INFO:routers.scheduler:Scheduler: Power check complete. New unknowns: 0, Recovered: 0, Notified teams: none
INFO:routers.meraki:Meraki refresh: starting...
INFO:apscheduler.executors.default:Job "job_citrix_power_unknown_check (trigger: interval[0:15:00], next run at: 2026-05-12 16:28:32 CDT)" executed successfully
INFO:routers.findings:findings: refreshed — 36 total
INFO:routers.scheduler:Scheduler: findings refreshed — 36 findings
INFO:apscheduler.executors.default:Job "job_findings (trigger: interval[0:15:00], next run at: 2026-05-12 16:28:32 CDT)" executed successfully
INFO:routers.jira:Jira bulk prefetch: fetched 100 tickets so far
INFO:routers.jira:Jira bulk prefetch: fetched 200 tickets so far
INFO:routers.meraki:Meraki: fetched 11 networks across 2 orgs.
INFO:routers.jira:Jira bulk prefetch: fetched 300 tickets so far
INFO:routers.jira:Jira bulk prefetch: fetched 400 tickets so far
INFO:routers.jira:Jira bulk prefetch: fetched 500 tickets so far
INFO:routers.meraki:Meraki: fetched 215 devices.
INFO:routers.jira:Jira bulk prefetch: fetched 600 tickets so far
INFO:routers.jira:Jira bulk prefetch: fetched 700 tickets so far
INFO:routers.meraki:Meraki: fetched uplinks for 19 appliances.
INFO:routers.jira:Jira bulk prefetch: fetched 800 tickets so far
INFO:routers.jira:Jira bulk prefetch: fetched 900 tickets so far
INFO:routers.scheduler:Scheduler: OpManager devices updated.
INFO:apscheduler.executors.default:Job "job_opmanager_devices (trigger: interval[0:15:00], next run at: 2026-05-12 16:28:32 CDT)" executed successfully
INFO:routers.jira:Jira bulk prefetch: fetched 1000 tickets so far
INFO:routers.jira:Jira bulk prefetch: fetched 1100 tickets so far
INFO:routers.jira:Jira bulk prefetch: fetched 1200 tickets so far
INFO:routers.jira:Jira bulk prefetch: fetched 1300 tickets so far
INFO:routers.jira:Jira bulk prefetch: fetched 1391 tickets so far
INFO:routers.jira:Jira bulk prefetch: 1391 tickets indexed, 2223 words
INFO:routers.scheduler:Scheduler: Jira prefetch complete. 1391 ticket(s) fetched. 14/476 device(s) have open tickets.
INFO:apscheduler.executors.default:Job "job_jira_prefetch (trigger: interval[0:30:00], next run at: 2026-05-12 16:43:32 CDT)" executed successfully
INFO:routers.meraki:Meraki: fetched 1184 clients.
INFO:routers.meraki:Meraki refresh complete. 11 networks, 215 devices, 19 uplink appliances, 1184 recent clients.
INFO:apscheduler.executors.default:Job "job_meraki_refresh (trigger: interval[0:15:00], next run at: 2026-05-12 16:28:32 CDT)" executed successfully
INFO:routers.scheduler:Scheduler: OpManager alerts updated. Count: 8823
INFO:routers.scheduler:Scheduler: Basic host list updated.
INFO:apscheduler.executors.default:Job "job_basic_hosts (trigger: interval[0:30:00], next run at: 2026-05-12 16:43:32 CDT)" executed successfully
INFO:routers.scheduler:Scheduler: Basic VM list updated.
INFO:apscheduler.executors.default:Job "job_basic_vms (trigger: interval[0:30:00], next run at: 2026-05-12 16:43:32 CDT)" executed successfully
INFO:routers.jira:Jira bulk prefetch: fetched 100 tickets so far
INFO:routers.jira:Jira bulk prefetch: fetched 200 tickets so far
INFO:routers.jira:Jira bulk prefetch: fetched 300 tickets so far
INFO:routers.jira:Jira bulk prefetch: fetched 400 tickets so far
INFO:routers.jira:Jira bulk prefetch: fetched 500 tickets so far
INFO:routers.jira:Jira bulk prefetch: fetched 600 tickets so far
INFO:routers.jira:Jira bulk prefetch: fetched 700 tickets so far
INFO:routers.jira:Jira bulk prefetch: fetched 800 tickets so far
INFO:routers.jira:Jira bulk prefetch: fetched 900 tickets so far
INFO:routers.jira:Jira bulk prefetch: fetched 1000 tickets so far
INFO:routers.jira:Jira bulk prefetch: fetched 1100 tickets so far
INFO:routers.jira:Jira bulk prefetch: fetched 1200 tickets so far
INFO:routers.jira:Jira bulk prefetch: fetched 1300 tickets so far
INFO:routers.jira:Jira bulk prefetch: fetched 1391 tickets so far
INFO:routers.jira:Jira bulk prefetch: 1391 tickets indexed, 2223 words
INFO:routers.scheduler:Scheduler: Jira prefetch complete. 1391 ticket(s) fetched. 14/476 device(s) have open tickets.
INFO:apscheduler.executors.default:Job "job_opmanager_alerts (trigger: interval[0:05:00], next run at: 2026-05-12 16:18:32 CDT)" executed successfully
INFO:apscheduler.executors.default:Running job "job_opmanager_alerts (trigger: interval[0:05:00], next run at: 2026-05-12 16:23:32 CDT)" (scheduled at 2026-05-12 16:18:32.794473-05:00)
INFO:routers.scheduler:Scheduler: Refreshing OpManager alerts...
INFO:routers.scheduler:Scheduler: OpManager alerts updated. Count: 8823
INFO:routers.jira:Jira bulk prefetch: fetched 100 tickets so far
INFO:routers.jira:Jira bulk prefetch: fetched 200 tickets so far
INFO:routers.jira:Jira bulk prefetch: fetched 300 tickets so far
INFO:routers.jira:Jira bulk prefetch: fetched 400 tickets so far
INFO:routers.jira:Jira bulk prefetch: fetched 500 tickets so far
INFO:routers.jira:Jira bulk prefetch: fetched 600 tickets so far
INFO:routers.jira:Jira bulk prefetch: fetched 700 tickets so far
INFO:routers.jira:Jira bulk prefetch: fetched 800 tickets so far
INFO:routers.jira:Jira bulk prefetch: fetched 900 tickets so far
INFO:routers.jira:Jira bulk prefetch: fetched 1000 tickets so far
INFO:routers.jira:Jira bulk prefetch: fetched 1100 tickets so far
INFO:routers.jira:Jira bulk prefetch: fetched 1200 tickets so far
INFO:routers.jira:Jira bulk prefetch: fetched 1300 tickets so far
INFO:routers.jira:Jira bulk prefetch: fetched 1391 tickets so far
INFO:routers.jira:Jira bulk prefetch: 1391 tickets indexed, 2223 words
INFO:routers.scheduler:Scheduler: Jira prefetch complete. 1391 ticket(s) fetched. 14/475 device(s) have open tickets.
INFO:apscheduler.executors.default:Job "job_opmanager_alerts (trigger: interval[0:05:00], next run at: 2026-05-12 16:23:32 CDT)" executed successfully
INFO:apscheduler.executors.default:Running job "job_opmanager_alerts (trigger: interval[0:05:00], next run at: 2026-05-12 16:28:32 CDT)" (scheduled at 2026-05-12 16:23:32.794473-05:00)
INFO:routers.scheduler:Scheduler: Refreshing OpManager alerts...
INFO:routers.scheduler:Scheduler: OpManager alerts updated. Count: 8823
INFO:routers.jira:Jira bulk prefetch: fetched 100 tickets so far
INFO:routers.jira:Jira bulk prefetch: fetched 200 tickets so far
INFO:routers.jira:Jira bulk prefetch: fetched 300 tickets so far
INFO:routers.jira:Jira bulk prefetch: fetched 400 tickets so far
INFO:routers.jira:Jira bulk prefetch: fetched 500 tickets so far
INFO:routers.jira:Jira bulk prefetch: fetched 600 tickets so far
INFO:routers.jira:Jira bulk prefetch: fetched 700 tickets so far
INFO:routers.jira:Jira bulk prefetch: fetched 800 tickets so far
INFO:routers.jira:Jira bulk prefetch: fetched 900 tickets so far
INFO:routers.jira:Jira bulk prefetch: fetched 1000 tickets so far
INFO:routers.jira:Jira bulk prefetch: fetched 1100 tickets so far
INFO:routers.jira:Jira bulk prefetch: fetched 1200 tickets so far
INFO:routers.jira:Jira bulk prefetch: fetched 1300 tickets so far
INFO:routers.jira:Jira bulk prefetch: fetched 1391 tickets so far
INFO:routers.jira:Jira bulk prefetch: 1391 tickets indexed, 2223 words
INFO:routers.scheduler:Scheduler: Jira prefetch complete. 1391 ticket(s) fetched. 15/478 device(s) have open tickets.
INFO:apscheduler.executors.default:Job "job_opmanager_alerts (trigger: interval[0:05:00], next run at: 2026-05-12 16:28:32 CDT)" executed successfully
INFO:apscheduler.executors.default:Running job "job_opmanager_alerts (trigger: interval[0:05:00], next run at: 2026-05-12 16:33:32 CDT)" (scheduled at 2026-05-12 16:28:32.794473-05:00)
INFO:apscheduler.executors.default:Running job "job_citrix_power_unknown_check (trigger: interval[0:15:00], next run at: 2026-05-12 16:43:32 CDT)" (scheduled at 2026-05-12 16:28:32.795007-05:00)
INFO:apscheduler.executors.default:Running job "job_opmanager_devices (trigger: interval[0:15:00], next run at: 2026-05-12 16:43:32 CDT)" (scheduled at 2026-05-12 16:28:32.794516-05:00)
INFO:apscheduler.executors.default:Running job "job_meraki_refresh (trigger: interval[0:15:00], next run at: 2026-05-12 16:43:32 CDT)" (scheduled at 2026-05-12 16:28:32.795181-05:00)
INFO:apscheduler.executors.default:Running job "job_findings (trigger: interval[0:15:00], next run at: 2026-05-12 16:43:32 CDT)" (scheduled at 2026-05-12 16:28:32.795375-05:00)
INFO:routers.scheduler:Scheduler: Refreshing OpManager alerts...
INFO:routers.scheduler:Scheduler: Checking Citrix machine power states for unknowns...
INFO:routers.scheduler:Scheduler: Refreshing OpManager devices...
INFO:routers.scheduler:Scheduler: Refreshing Meraki data...
INFO:routers.scheduler:Scheduler: Power check complete. New unknowns: 0, Recovered: 0, Notified teams: none
INFO:apscheduler.executors.default:Job "job_citrix_power_unknown_check (trigger: interval[0:15:00], next run at: 2026-05-12 16:43:32 CDT)" executed successfully
INFO:routers.meraki:Meraki refresh: starting...
INFO:routers.findings:findings: refreshed — 36 total
INFO:routers.scheduler:Scheduler: findings refreshed — 36 findings
INFO:apscheduler.executors.default:Job "job_findings (trigger: interval[0:15:00], next run at: 2026-05-12 16:43:32 CDT)" executed successfully
INFO:routers.meraki:Meraki: fetched 11 networks across 2 orgs.
INFO:routers.meraki:Meraki: fetched 215 devices.
INFO:routers.meraki:Meraki: fetched uplinks for 19 appliances.
INFO:routers.scheduler:Scheduler: OpManager devices updated.
INFO:apscheduler.executors.default:Job "job_opmanager_devices (trigger: interval[0:15:00], next run at: 2026-05-12 16:43:32 CDT)" executed successfully
INFO:routers.meraki:Meraki: fetched 1179 clients.
INFO:routers.meraki:Meraki refresh complete. 11 networks, 215 devices, 19 uplink appliances, 1179 recent clients.
INFO:apscheduler.executors.default:Job "job_meraki_refresh (trigger: interval[0:15:00], next run at: 2026-05-12 16:43:32 CDT)" executed successfully
INFO:routers.scheduler:Scheduler: OpManager alerts updated. Count: 8823
INFO:routers.jira:Jira bulk prefetch: fetched 100 tickets so far
INFO:routers.jira:Jira bulk prefetch: fetched 200 tickets so far
INFO:routers.jira:Jira bulk prefetch: fetched 300 tickets so far
INFO:routers.jira:Jira bulk prefetch: fetched 400 tickets so far
INFO:routers.jira:Jira bulk prefetch: fetched 500 tickets so far
INFO:routers.jira:Jira bulk prefetch: fetched 600 tickets so far
INFO:routers.jira:Jira bulk prefetch: fetched 700 tickets so far
INFO:routers.jira:Jira bulk prefetch: fetched 800 tickets so far
INFO:routers.jira:Jira bulk prefetch: fetched 900 tickets so far
INFO:routers.jira:Jira bulk prefetch: fetched 1000 tickets so far
INFO:routers.jira:Jira bulk prefetch: fetched 1100 tickets so far
INFO:routers.jira:Jira bulk prefetch: fetched 1200 tickets so far
INFO:routers.jira:Jira bulk prefetch: fetched 1300 tickets so far
INFO:routers.jira:Jira bulk prefetch: fetched 1391 tickets so far
INFO:routers.jira:Jira bulk prefetch: 1391 tickets indexed, 2223 words
INFO:routers.scheduler:Scheduler: Jira prefetch complete. 1391 ticket(s) fetched. 15/479 device(s) have open tickets.
INFO:apscheduler.executors.default:Job "job_opmanager_alerts (trigger: interval[0:05:00], next run at: 2026-05-12 16:33:32 CDT)" executed successfully
INFO:apscheduler.executors.default:Running job "job_opmanager_alerts (trigger: interval[0:05:00], next run at: 2026-05-12 16:38:32 CDT)" (scheduled at 2026-05-12 16:33:32.794473-05:00)
INFO:routers.scheduler:Scheduler: Refreshing OpManager alerts...
INFO:routers.scheduler:Scheduler: OpManager alerts updated. Count: 8823
INFO:routers.jira:Jira bulk prefetch: fetched 100 tickets so far
INFO:routers.jira:Jira bulk prefetch: fetched 200 tickets so far
INFO:routers.jira:Jira bulk prefetch: fetched 300 tickets so far
INFO:routers.jira:Jira bulk prefetch: fetched 400 tickets so far
INFO:routers.jira:Jira bulk prefetch: fetched 500 tickets so far
INFO:routers.jira:Jira bulk prefetch: fetched 600 tickets so far
INFO:routers.jira:Jira bulk prefetch: fetched 700 tickets so far
INFO:routers.jira:Jira bulk prefetch: fetched 800 tickets so far
INFO:routers.jira:Jira bulk prefetch: fetched 900 tickets so far
INFO:routers.jira:Jira bulk prefetch: fetched 1000 tickets so far
INFO:routers.jira:Jira bulk prefetch: fetched 1100 tickets so far
INFO:routers.jira:Jira bulk prefetch: fetched 1200 tickets so far
INFO:routers.jira:Jira bulk prefetch: fetched 1300 tickets so far
INFO:routers.jira:Jira bulk prefetch: fetched 1391 tickets so far
INFO:routers.jira:Jira bulk prefetch: 1391 tickets indexed, 2223 words
INFO:routers.scheduler:Scheduler: Jira prefetch complete. 1391 ticket(s) fetched. 15/479 device(s) have open tickets.
INFO:apscheduler.executors.default:Job "job_opmanager_alerts (trigger: interval[0:05:00], next run at: 2026-05-12 16:38:32 CDT)" executed successfully
INFO:apscheduler.executors.default:Running job "job_opmanager_alerts (trigger: interval[0:05:00], next run at: 2026-05-12 16:43:32 CDT)" (scheduled at 2026-05-12 16:38:32.794473-05:00)
INFO:routers.scheduler:Scheduler: Refreshing OpManager alerts...
INFO:routers.scheduler:Scheduler: OpManager alerts updated. Count: 8823
INFO:routers.jira:Jira bulk prefetch: fetched 100 tickets so far
INFO:routers.jira:Jira bulk prefetch: fetched 200 tickets so far
INFO:routers.jira:Jira bulk prefetch: fetched 300 tickets so far
INFO:routers.jira:Jira bulk prefetch: fetched 400 tickets so far
INFO:routers.jira:Jira bulk prefetch: fetched 500 tickets so far
INFO:routers.jira:Jira bulk prefetch: fetched 600 tickets so far
INFO:routers.jira:Jira bulk prefetch: fetched 700 tickets so far
INFO:routers.jira:Jira bulk prefetch: fetched 800 tickets so far
INFO:routers.jira:Jira bulk prefetch: fetched 900 tickets so far
INFO:routers.jira:Jira bulk prefetch: fetched 1000 tickets so far
INFO:routers.jira:Jira bulk prefetch: fetched 1100 tickets so far
INFO:routers.jira:Jira bulk prefetch: fetched 1200 tickets so far
INFO:routers.jira:Jira bulk prefetch: fetched 1300 tickets so far
INFO:routers.jira:Jira bulk prefetch: fetched 1391 tickets so far
INFO:routers.jira:Jira bulk prefetch: 1391 tickets indexed, 2223 words
INFO:routers.scheduler:Scheduler: Jira prefetch complete. 1391 ticket(s) fetched. 13/473 device(s) have open tickets.
INFO:apscheduler.executors.default:Job "job_opmanager_alerts (trigger: interval[0:05:00], next run at: 2026-05-12 16:43:32 CDT)" executed successfully
INFO:apscheduler.executors.default:Running job "job_basic_vms (trigger: interval[0:30:00], next run at: 2026-05-12 17:13:32 CDT)" (scheduled at 2026-05-12 16:43:32.794019-05:00)
INFO:apscheduler.executors.default:Running job "job_basic_hosts (trigger: interval[0:30:00], next run at: 2026-05-12 17:13:32 CDT)" (scheduled at 2026-05-12 16:43:32.794166-05:00)
INFO:apscheduler.executors.default:Running job "job_detailed_vms (trigger: interval[2:00:00], next run at: 2026-05-12 18:43:32 CDT)" (scheduled at 2026-05-12 16:43:32.794243-05:00)
INFO:apscheduler.executors.default:Running job "job_disk_snapshots (trigger: interval[2:00:00], next run at: 2026-05-12 18:43:32 CDT)" (scheduled at 2026-05-12 16:43:32.794306-05:00)
INFO:apscheduler.executors.default:Running job "job_untagged_vms (trigger: interval[4:00:00], next run at: 2026-05-12 20:43:32 CDT)" (scheduled at 2026-05-12 16:43:32.794372-05:00)
INFO:apscheduler.executors.default:Running job "job_detailed_hosts (trigger: interval[2:00:00], next run at: 2026-05-12 18:43:32 CDT)" (scheduled at 2026-05-12 16:43:32.794428-05:00)
INFO:apscheduler.executors.default:Running job "job_opmanager_alerts (trigger: interval[0:05:00], next run at: 2026-05-12 16:48:32 CDT)" (scheduled at 2026-05-12 16:43:32.794473-05:00)
INFO:apscheduler.executors.default:Running job "job_opmanager_devices (trigger: interval[0:15:00], next run at: 2026-05-12 16:58:32 CDT)" (scheduled at 2026-05-12 16:43:32.794516-05:00)
INFO:apscheduler.executors.default:Running job "job_jira_prefetch (trigger: interval[0:30:00], next run at: 2026-05-12 17:13:32 CDT)" (scheduled at 2026-05-12 16:43:32.794562-05:00)
INFO:apscheduler.executors.default:Running job "job_ad_summary (trigger: interval[4:00:00], next run at: 2026-05-12 20:43:32 CDT)" (scheduled at 2026-05-12 16:43:32.794639-05:00)
INFO:routers.scheduler:Scheduler: Refreshing basic VM list...
INFO:routers.scheduler:Scheduler: Refreshing basic host list...
INFO:routers.scheduler:Scheduler: Refreshing detailed VM data...
INFO:routers.scheduler:Scheduler: Refreshing disk snapshots...
INFO:routers.scheduler:Scheduler: Refreshing untagged VM check...
INFO:routers.scheduler:Scheduler: Refreshing detailed host data...
INFO:routers.scheduler:Scheduler: Refreshing OpManager alerts...
INFO:routers.scheduler:Scheduler: Refreshing OpManager devices...
INFO:routers.scheduler:Scheduler: Refreshing AD summary...
INFO:routers.jira:Jira bulk prefetch: fetched 100 tickets so far
INFO:routers.jira:Jira bulk prefetch: fetched 200 tickets so far
INFO:routers.jira:Jira bulk prefetch: fetched 300 tickets so far
INFO:routers.jira:Jira bulk prefetch: fetched 400 tickets so far
INFO:routers.jira:Jira bulk prefetch: fetched 500 tickets so far
INFO:routers.jira:Jira bulk prefetch: fetched 600 tickets so far
INFO:routers.jira:Jira bulk prefetch: fetched 700 tickets so far
INFO:routers.jira:Jira bulk prefetch: fetched 800 tickets so far
INFO:routers.jira:Jira bulk prefetch: fetched 900 tickets so far
INFO:routers.jira:Jira bulk prefetch: fetched 1000 tickets so far
INFO:routers.jira:Jira bulk prefetch: fetched 1100 tickets so far
INFO:routers.jira:Jira bulk prefetch: fetched 1200 tickets so far
INFO:routers.jira:Jira bulk prefetch: fetched 1300 tickets so far
INFO:routers.jira:Jira bulk prefetch: fetched 1391 tickets so far
INFO:routers.jira:Jira bulk prefetch: 1391 tickets indexed, 2223 words
INFO:routers.scheduler:Scheduler: Jira prefetch complete. 1391 ticket(s) fetched. 13/473 device(s) have open tickets.
INFO:apscheduler.executors.default:Job "job_jira_prefetch (trigger: interval[0:30:00], next run at: 2026-05-12 17:13:32 CDT)" executed successfully
WARNING:apscheduler.executors.default:Run time of job "job_cert_summary (trigger: interval[4:00:00], next run at: 2026-05-12 20:43:32 CDT)" was missed by 0:00:09.347525
WARNING:apscheduler.executors.default:Run time of job "job_cert_expiring (trigger: interval[4:00:00], next run at: 2026-05-12 20:43:32 CDT)" was missed by 0:00:09.347542
WARNING:apscheduler.executors.default:Run time of job "job_cert_dc_certs (trigger: interval[4:00:00], next run at: 2026-05-12 20:43:32 CDT)" was missed by 0:00:09.347542
WARNING:apscheduler.executors.default:Run time of job "job_citrix_summary (trigger: interval[1:00:00], next run at: 2026-05-12 17:43:32 CDT)" was missed by 0:00:09.347536
WARNING:apscheduler.executors.default:Run time of job "job_citrix_power_unknown_check (trigger: interval[0:15:00], next run at: 2026-05-12 16:58:32 CDT)" was missed by 0:00:09.347525
WARNING:apscheduler.executors.default:Run time of job "job_meraki_refresh (trigger: interval[0:15:00], next run at: 2026-05-12 16:58:32 CDT)" was missed by 0:00:09.347405
WARNING:apscheduler.executors.default:Run time of job "job_findings (trigger: interval[0:15:00], next run at: 2026-05-12 16:58:32 CDT)" was missed by 0:00:09.347252
WARNING:apscheduler.executors.default:Run time of job "job_entra_refresh (trigger: interval[1:00:00], next run at: 2026-05-12 17:43:32 CDT)" was missed by 0:00:09.347246
ERROR:routers.scheduler:Scheduler: OpManager devices error: database is locked
INFO:apscheduler.executors.default:Job "job_opmanager_devices (trigger: interval[0:15:00], next run at: 2026-05-12 16:58:32 CDT)" executed successfully
ERROR:routers.scheduler:Scheduler: Host list error: database is locked
INFO:apscheduler.executors.default:Job "job_basic_hosts (trigger: interval[0:30:00], next run at: 2026-05-12 17:13:32 CDT)" executed successfully
ERROR:routers.scheduler:Scheduler: VM list error: database is locked
INFO:apscheduler.executors.default:Job "job_basic_vms (trigger: interval[0:30:00], next run at: 2026-05-12 17:13:32 CDT)" executed successfully
ERROR:routers.scheduler:Scheduler: AD summary error: database is locked
INFO:apscheduler.executors.default:Job "job_ad_summary (trigger: interval[4:00:00], next run at: 2026-05-12 20:43:32 CDT)" executed successfully
INFO:routers.scheduler:Scheduler: OpManager alerts updated. Count: 8823
INFO:routers.jira:Jira bulk prefetch: fetched 100 tickets so far
INFO:routers.jira:Jira bulk prefetch: fetched 200 tickets so far
INFO:routers.jira:Jira bulk prefetch: fetched 300 tickets so far
INFO:routers.jira:Jira bulk prefetch: fetched 400 tickets so far
INFO:routers.jira:Jira bulk prefetch: fetched 500 tickets so far
INFO:routers.jira:Jira bulk prefetch: fetched 600 tickets so far
INFO:routers.jira:Jira bulk prefetch: fetched 700 tickets so far
INFO:routers.jira:Jira bulk prefetch: fetched 800 tickets so far
INFO:routers.jira:Jira bulk prefetch: fetched 900 tickets so far
INFO:routers.jira:Jira bulk prefetch: fetched 1000 tickets so far
INFO:routers.jira:Jira bulk prefetch: fetched 1100 tickets so far
INFO:routers.jira:Jira bulk prefetch: fetched 1200 tickets so far
INFO:routers.jira:Jira bulk prefetch: fetched 1300 tickets so far
INFO:routers.jira:Jira bulk prefetch: fetched 1390 tickets so far
INFO:routers.jira:Jira bulk prefetch: 1390 tickets indexed, 2220 words
INFO:routers.scheduler:Scheduler: Jira prefetch complete. 1390 ticket(s) fetched. 13/474 device(s) have open tickets.
INFO:apscheduler.executors.default:Job "job_opmanager_alerts (trigger: interval[0:05:00], next run at: 2026-05-12 16:48:32 CDT)" executed successfully
INFO:apscheduler.executors.default:Running job "job_opmanager_alerts (trigger: interval[0:05:00], next run at: 2026-05-12 16:53:32 CDT)" (scheduled at 2026-05-12 16:48:32.794473-05:00)
INFO:routers.scheduler:Scheduler: Refreshing OpManager alerts...
INFO:routers.scheduler:Scheduler: OpManager alerts updated. Count: 8823
INFO:routers.jira:Jira bulk prefetch: fetched 100 tickets so far
INFO:routers.jira:Jira bulk prefetch: fetched 200 tickets so far
INFO:routers.jira:Jira bulk prefetch: fetched 300 tickets so far
INFO:routers.jira:Jira bulk prefetch: fetched 400 tickets so far
INFO:routers.jira:Jira bulk prefetch: fetched 500 tickets so far
INFO:routers.jira:Jira bulk prefetch: fetched 600 tickets so far
INFO:routers.jira:Jira bulk prefetch: fetched 700 tickets so far
INFO:routers.jira:Jira bulk prefetch: fetched 800 tickets so far
INFO:routers.jira:Jira bulk prefetch: fetched 900 tickets so far
INFO:routers.jira:Jira bulk prefetch: fetched 1000 tickets so far
INFO:routers.jira:Jira bulk prefetch: fetched 1100 tickets so far
INFO:routers.jira:Jira bulk prefetch: fetched 1200 tickets so far
INFO:routers.jira:Jira bulk prefetch: fetched 1300 tickets so far
INFO:routers.jira:Jira bulk prefetch: fetched 1390 tickets so far
INFO:routers.jira:Jira bulk prefetch: 1390 tickets indexed, 2220 words
INFO:routers.scheduler:Scheduler: Jira prefetch complete. 1390 ticket(s) fetched. 13/473 device(s) have open tickets.
INFO:apscheduler.executors.default:Job "job_opmanager_alerts (trigger: interval[0:05:00], next run at: 2026-05-12 16:53:32 CDT)" executed successfully
INFO:routers.scheduler:Scheduler: Untagged VM check updated.
INFO:apscheduler.executors.default:Job "job_untagged_vms (trigger: interval[4:00:00], next run at: 2026-05-12 20:43:32 CDT)" executed successfully
INFO:apscheduler.executors.default:Running job "job_opmanager_alerts (trigger: interval[0:05:00], next run at: 2026-05-12 16:58:32 CDT)" (scheduled at 2026-05-12 16:53:32.794473-05:00)
INFO:routers.scheduler:Scheduler: Refreshing OpManager alerts...
INFO:routers.scheduler:Scheduler: OpManager alerts updated. Count: 8823
INFO:routers.scheduler:Scheduler: Disk snapshots updated.
INFO:apscheduler.executors.default:Job "job_disk_snapshots (trigger: interval[2:00:00], next run at: 2026-05-12 18:43:32 CDT)" executed successfully
INFO:routers.jira:Jira bulk prefetch: fetched 100 tickets so far
INFO:routers.jira:Jira bulk prefetch: fetched 200 tickets so far
INFO:routers.jira:Jira bulk prefetch: fetched 300 tickets so far
INFO:routers.jira:Jira bulk prefetch: fetched 400 tickets so far
INFO:routers.jira:Jira bulk prefetch: fetched 500 tickets so far
INFO:routers.jira:Jira bulk prefetch: fetched 600 tickets so far
INFO:routers.jira:Jira bulk prefetch: fetched 700 tickets so far
INFO:routers.jira:Jira bulk prefetch: fetched 800 tickets so far
INFO:routers.jira:Jira bulk prefetch: fetched 900 tickets so far
INFO:routers.jira:Jira bulk prefetch: fetched 1000 tickets so far
INFO:routers.jira:Jira bulk prefetch: fetched 1100 tickets so far
INFO:routers.jira:Jira bulk prefetch: fetched 1200 tickets so far
INFO:routers.jira:Jira bulk prefetch: fetched 1300 tickets so far
INFO:routers.jira:Jira bulk prefetch: fetched 1390 tickets so far
INFO:routers.jira:Jira bulk prefetch: 1390 tickets indexed, 2220 words
INFO:routers.scheduler:Scheduler: Jira prefetch complete. 1390 ticket(s) fetched. 14/477 device(s) have open tickets.
INFO:apscheduler.executors.default:Job "job_opmanager_alerts (trigger: interval[0:05:00], next run at: 2026-05-12 16:58:32 CDT)" executed successfully
INFO:routers.scheduler:Scheduler: Detailed host data updated.
INFO:apscheduler.executors.default:Job "job_detailed_hosts (trigger: interval[2:00:00], next run at: 2026-05-12 18:43:32 CDT)" executed successfully
INFO:apscheduler.executors.default:Running job "job_opmanager_alerts (trigger: interval[0:05:00], next run at: 2026-05-12 17:03:32 CDT)" (scheduled at 2026-05-12 16:58:32.794473-05:00)
INFO:apscheduler.executors.default:Running job "job_opmanager_devices (trigger: interval[0:15:00], next run at: 2026-05-12 17:13:32 CDT)" (scheduled at 2026-05-12 16:58:32.794516-05:00)
INFO:apscheduler.executors.default:Running job "job_citrix_power_unknown_check (trigger: interval[0:15:00], next run at: 2026-05-12 17:13:32 CDT)" (scheduled at 2026-05-12 16:58:32.795007-05:00)
INFO:apscheduler.executors.default:Running job "job_meraki_refresh (trigger: interval[0:15:00], next run at: 2026-05-12 17:13:32 CDT)" (scheduled at 2026-05-12 16:58:32.795181-05:00)
INFO:apscheduler.executors.default:Running job "job_findings (trigger: interval[0:15:00], next run at: 2026-05-12 17:13:32 CDT)" (scheduled at 2026-05-12 16:58:32.795375-05:00)
INFO:routers.scheduler:Scheduler: Refreshing OpManager alerts...
INFO:routers.scheduler:Scheduler: Refreshing OpManager devices...
INFO:routers.scheduler:Scheduler: Checking Citrix machine power states for unknowns...
INFO:routers.scheduler:Scheduler: Refreshing Meraki data...
INFO:routers.meraki:Meraki refresh: starting...
INFO:routers.scheduler:Scheduler: Power check complete. New unknowns: 0, Recovered: 0, Notified teams: none
INFO:apscheduler.executors.default:Job "job_citrix_power_unknown_check (trigger: interval[0:15:00], next run at: 2026-05-12 17:13:32 CDT)" executed successfully
INFO:routers.findings:findings: refreshed — 36 total
INFO:routers.scheduler:Scheduler: findings refreshed — 36 findings
INFO:apscheduler.executors.default:Job "job_findings (trigger: interval[0:15:00], next run at: 2026-05-12 17:13:32 CDT)" executed successfully
INFO:routers.meraki:Meraki: fetched 11 networks across 2 orgs.
INFO:routers.meraki:Meraki: fetched 215 devices.
INFO:routers.meraki:Meraki: fetched uplinks for 19 appliances.
INFO:routers.meraki:Meraki: fetched 1146 clients.
INFO:routers.meraki:Meraki refresh complete. 11 networks, 215 devices, 19 uplink appliances, 1146 recent clients.
INFO:apscheduler.executors.default:Job "job_meraki_refresh (trigger: interval[0:15:00], next run at: 2026-05-12 17:13:32 CDT)" executed successfully
ERROR:routers.scheduler:Scheduler: OpManager devices error: database is locked
INFO:apscheduler.executors.default:Job "job_opmanager_devices (trigger: interval[0:15:00], next run at: 2026-05-12 17:13:32 CDT)" executed successfully
INFO:routers.scheduler:Scheduler: OpManager alerts updated. Count: 8823
INFO:routers.jira:Jira bulk prefetch: fetched 100 tickets so far
INFO:routers.jira:Jira bulk prefetch: fetched 200 tickets so far
INFO:routers.jira:Jira bulk prefetch: fetched 300 tickets so far
INFO:routers.jira:Jira bulk prefetch: fetched 400 tickets so far
INFO:routers.jira:Jira bulk prefetch: fetched 500 tickets so far
INFO:routers.jira:Jira bulk prefetch: fetched 600 tickets so far
INFO:routers.jira:Jira bulk prefetch: fetched 700 tickets so far
INFO:routers.jira:Jira bulk prefetch: fetched 800 tickets so far
INFO:routers.jira:Jira bulk prefetch: fetched 900 tickets so far
INFO:routers.jira:Jira bulk prefetch: fetched 1000 tickets so far
INFO:routers.jira:Jira bulk prefetch: fetched 1100 tickets so far
INFO:routers.jira:Jira bulk prefetch: fetched 1200 tickets so far
INFO:routers.jira:Jira bulk prefetch: fetched 1300 tickets so far
INFO:routers.jira:Jira bulk prefetch: fetched 1390 tickets so far
INFO:routers.jira:Jira bulk prefetch: 1390 tickets indexed, 2220 words
INFO:routers.scheduler:Scheduler: Jira prefetch complete. 1390 ticket(s) fetched. 14/476 device(s) have open tickets.
INFO:apscheduler.executors.default:Job "job_opmanager_alerts (trigger: interval[0:05:00], next run at: 2026-05-12 17:03:32 CDT)" executed successfully
INFO:apscheduler.executors.default:Running job "job_opmanager_alerts (trigger: interval[0:05:00], next run at: 2026-05-12 17:08:32 CDT)" (scheduled at 2026-05-12 17:03:32.794473-05:00)
INFO:routers.scheduler:Scheduler: Refreshing OpManager alerts...
INFO:routers.scheduler:Scheduler: OpManager alerts updated. Count: 8823
INFO:routers.jira:Jira bulk prefetch: fetched 100 tickets so far
INFO:routers.jira:Jira bulk prefetch: fetched 200 tickets so far
INFO:routers.jira:Jira bulk prefetch: fetched 300 tickets so far
INFO:routers.jira:Jira bulk prefetch: fetched 400 tickets so far
INFO:routers.jira:Jira bulk prefetch: fetched 500 tickets so far
INFO:routers.jira:Jira bulk prefetch: fetched 600 tickets so far
INFO:routers.jira:Jira bulk prefetch: fetched 700 tickets so far
INFO:routers.jira:Jira bulk prefetch: fetched 800 tickets so far
INFO:routers.jira:Jira bulk prefetch: fetched 900 tickets so far
INFO:routers.jira:Jira bulk prefetch: fetched 1000 tickets so far
INFO:routers.jira:Jira bulk prefetch: fetched 1100 tickets so far
INFO:routers.jira:Jira bulk prefetch: fetched 1200 tickets so far
INFO:routers.jira:Jira bulk prefetch: fetched 1300 tickets so far
INFO:routers.jira:Jira bulk prefetch: fetched 1390 tickets so far
INFO:routers.jira:Jira bulk prefetch: 1390 tickets indexed, 2220 words
INFO:routers.scheduler:Scheduler: Jira prefetch complete. 1390 ticket(s) fetched. 14/478 device(s) have open tickets.
INFO:apscheduler.executors.default:Job "job_opmanager_alerts (trigger: interval[0:05:00], next run at: 2026-05-12 17:08:32 CDT)" executed successfully
INFO:apscheduler.executors.default:Running job "job_opmanager_alerts (trigger: interval[0:05:00], next run at: 2026-05-12 17:13:32 CDT)" (scheduled at 2026-05-12 17:08:32.794473-05:00)
INFO:routers.scheduler:Scheduler: Refreshing OpManager alerts...
INFO:routers.scheduler:Scheduler: OpManager alerts updated. Count: 8823
INFO:routers.jira:Jira bulk prefetch: fetched 100 tickets so far
INFO:routers.jira:Jira bulk prefetch: fetched 200 tickets so far
INFO:routers.jira:Jira bulk prefetch: fetched 300 tickets so far
INFO:routers.jira:Jira bulk prefetch: fetched 400 tickets so far
INFO:routers.jira:Jira bulk prefetch: fetched 500 tickets so far
INFO:routers.jira:Jira bulk prefetch: fetched 600 tickets so far
INFO:routers.jira:Jira bulk prefetch: fetched 700 tickets so far
INFO:routers.jira:Jira bulk prefetch: fetched 800 tickets so far
INFO:routers.jira:Jira bulk prefetch: fetched 900 tickets so far
INFO:routers.jira:Jira bulk prefetch: fetched 1000 tickets so far
INFO:routers.jira:Jira bulk prefetch: fetched 1100 tickets so far
INFO:routers.jira:Jira bulk prefetch: fetched 1200 tickets so far
INFO:routers.jira:Jira bulk prefetch: fetched 1300 tickets so far
INFO:routers.jira:Jira bulk prefetch: fetched 1390 tickets so far
INFO:routers.jira:Jira bulk prefetch: 1390 tickets indexed, 2220 words
INFO:routers.scheduler:Scheduler: Jira prefetch complete. 1390 ticket(s) fetched. 14/478 device(s) have open tickets.
INFO:apscheduler.executors.default:Job "job_opmanager_alerts (trigger: interval[0:05:00], next run at: 2026-05-12 17:13:32 CDT)" executed successfully
INFO:routers.scheduler:Scheduler: Detailed VM data updated.
INFO:apscheduler.executors.default:Job "job_detailed_vms (trigger: interval[2:00:00], next run at: 2026-05-12 18:43:32 CDT)" executed successfully
INFO:apscheduler.executors.default:Running job "job_basic_vms (trigger: interval[0:30:00], next run at: 2026-05-12 17:43:32 CDT)" (scheduled at 2026-05-12 17:13:32.794019-05:00)
INFO:apscheduler.executors.default:Running job "job_basic_hosts (trigger: interval[0:30:00], next run at: 2026-05-12 17:43:32 CDT)" (scheduled at 2026-05-12 17:13:32.794166-05:00)
INFO:apscheduler.executors.default:Running job "job_opmanager_alerts (trigger: interval[0:05:00], next run at: 2026-05-12 17:18:32 CDT)" (scheduled at 2026-05-12 17:13:32.794473-05:00)
INFO:apscheduler.executors.default:Running job "job_opmanager_devices (trigger: interval[0:15:00], next run at: 2026-05-12 17:28:32 CDT)" (scheduled at 2026-05-12 17:13:32.794516-05:00)
INFO:apscheduler.executors.default:Running job "job_jira_prefetch (trigger: interval[0:30:00], next run at: 2026-05-12 17:43:32 CDT)" (scheduled at 2026-05-12 17:13:32.794562-05:00)
INFO:apscheduler.executors.default:Running job "job_citrix_power_unknown_check (trigger: interval[0:15:00], next run at: 2026-05-12 17:28:32 CDT)" (scheduled at 2026-05-12 17:13:32.795007-05:00)
INFO:apscheduler.executors.default:Running job "job_meraki_refresh (trigger: interval[0:15:00], next run at: 2026-05-12 17:28:32 CDT)" (scheduled at 2026-05-12 17:13:32.795181-05:00)
INFO:apscheduler.executors.default:Running job "job_findings (trigger: interval[0:15:00], next run at: 2026-05-12 17:28:32 CDT)" (scheduled at 2026-05-12 17:13:32.795375-05:00)
INFO:routers.scheduler:Scheduler: Refreshing basic VM list...
INFO:routers.scheduler:Scheduler: Refreshing basic host list...
INFO:routers.scheduler:Scheduler: Refreshing OpManager alerts...
INFO:routers.scheduler:Scheduler: Refreshing OpManager devices...
INFO:routers.scheduler:Scheduler: Checking Citrix machine power states for unknowns...
INFO:routers.scheduler:Scheduler: Refreshing Meraki data...
INFO:routers.meraki:Meraki refresh: starting...
INFO:routers.scheduler:Scheduler: Power check complete. New unknowns: 0, Recovered: 0, Notified teams: none
INFO:apscheduler.executors.default:Job "job_citrix_power_unknown_check (trigger: interval[0:15:00], next run at: 2026-05-12 17:28:32 CDT)" executed successfully
INFO:routers.findings:findings: refreshed — 36 total
INFO:routers.scheduler:Scheduler: findings refreshed — 36 findings
INFO:apscheduler.executors.default:Job "job_findings (trigger: interval[0:15:00], next run at: 2026-05-12 17:28:32 CDT)" executed successfully
INFO:routers.jira:Jira bulk prefetch: fetched 100 tickets so far
INFO:routers.jira:Jira bulk prefetch: fetched 200 tickets so far
INFO:routers.meraki:Meraki: fetched 11 networks across 2 orgs.
INFO:routers.jira:Jira bulk prefetch: fetched 300 tickets so far
INFO:routers.jira:Jira bulk prefetch: fetched 400 tickets so far
INFO:routers.jira:Jira bulk prefetch: fetched 500 tickets so far
INFO:routers.meraki:Meraki: fetched 215 devices.
INFO:routers.jira:Jira bulk prefetch: fetched 600 tickets so far
INFO:routers.jira:Jira bulk prefetch: fetched 700 tickets so far
INFO:routers.meraki:Meraki: fetched uplinks for 19 appliances.
INFO:routers.jira:Jira bulk prefetch: fetched 800 tickets so far
INFO:routers.jira:Jira bulk prefetch: fetched 900 tickets so far
INFO:routers.jira:Jira bulk prefetch: fetched 1000 tickets so far
INFO:routers.jira:Jira bulk prefetch: fetched 1100 tickets so far
INFO:routers.jira:Jira bulk prefetch: fetched 1200 tickets so far
INFO:routers.jira:Jira bulk prefetch: fetched 1300 tickets so far
INFO:routers.jira:Jira bulk prefetch: fetched 1390 tickets so far
INFO:routers.jira:Jira bulk prefetch: 1390 tickets indexed, 2220 words
INFO:routers.scheduler:Scheduler: Jira prefetch complete. 1390 ticket(s) fetched. 14/478 device(s) have open tickets.
INFO:apscheduler.executors.default:Job "job_jira_prefetch (trigger: interval[0:30:00], next run at: 2026-05-12 17:43:32 CDT)" executed successfully
INFO:routers.scheduler:Scheduler: OpManager devices updated.
INFO:apscheduler.executors.default:Job "job_opmanager_devices (trigger: interval[0:15:00], next run at: 2026-05-12 17:28:32 CDT)" executed successfully
INFO:routers.meraki:Meraki: fetched 1027 clients.
INFO:routers.meraki:Meraki refresh complete. 11 networks, 215 devices, 19 uplink appliances, 1027 recent clients.
INFO:apscheduler.executors.default:Job "job_meraki_refresh (trigger: interval[0:15:00], next run at: 2026-05-12 17:28:32 CDT)" executed successfully
INFO:routers.scheduler:Scheduler: OpManager alerts updated. Count: 8823
INFO:routers.scheduler:Scheduler: Basic VM list updated.
INFO:apscheduler.executors.default:Job "job_basic_vms (trigger: interval[0:30:00], next run at: 2026-05-12 17:43:32 CDT)" executed successfully
INFO:routers.scheduler:Scheduler: Basic host list updated.
INFO:apscheduler.executors.default:Job "job_basic_hosts (trigger: interval[0:30:00], next run at: 2026-05-12 17:43:32 CDT)" executed successfully
INFO:routers.jira:Jira bulk prefetch: fetched 100 tickets so far
INFO:routers.jira:Jira bulk prefetch: fetched 200 tickets so far
INFO:routers.jira:Jira bulk prefetch: fetched 300 tickets so far
INFO:routers.jira:Jira bulk prefetch: fetched 400 tickets so far
INFO:routers.jira:Jira bulk prefetch: fetched 500 tickets so far
INFO:routers.jira:Jira bulk prefetch: fetched 600 tickets so far
INFO:routers.jira:Jira bulk prefetch: fetched 700 tickets so far
INFO:routers.jira:Jira bulk prefetch: fetched 800 tickets so far
INFO:routers.jira:Jira bulk prefetch: fetched 900 tickets so far
INFO:routers.jira:Jira bulk prefetch: fetched 1000 tickets so far
INFO:routers.jira:Jira bulk prefetch: fetched 1100 tickets so far
INFO:routers.jira:Jira bulk prefetch: fetched 1200 tickets so far
INFO:routers.jira:Jira bulk prefetch: fetched 1300 tickets so far
INFO:routers.jira:Jira bulk prefetch: fetched 1390 tickets so far
INFO:routers.jira:Jira bulk prefetch: 1390 tickets indexed, 2220 words
INFO:routers.scheduler:Scheduler: Jira prefetch complete. 1390 ticket(s) fetched. 14/477 device(s) have open tickets.
INFO:apscheduler.executors.default:Job "job_opmanager_alerts (trigger: interval[0:05:00], next run at: 2026-05-12 17:18:32 CDT)" executed successfully
INFO:apscheduler.executors.default:Running job "job_opmanager_alerts (trigger: interval[0:05:00], next run at: 2026-05-12 17:23:32 CDT)" (scheduled at 2026-05-12 17:18:32.794473-05:00)
INFO:routers.scheduler:Scheduler: Refreshing OpManager alerts...
INFO:routers.scheduler:Scheduler: OpManager alerts updated. Count: 8823
INFO:routers.jira:Jira bulk prefetch: fetched 100 tickets so far
INFO:routers.jira:Jira bulk prefetch: fetched 200 tickets so far
INFO:routers.jira:Jira bulk prefetch: fetched 300 tickets so far
INFO:routers.jira:Jira bulk prefetch: fetched 400 tickets so far
INFO:routers.jira:Jira bulk prefetch: fetched 500 tickets so far
INFO:routers.jira:Jira bulk prefetch: fetched 600 tickets so far
ERROR:routers.jira:Jira POST /search/jql failed: Expecting value: line 1 column 1 (char 0)
WARNING:routers.jira:Jira bulk prefetch: no data returned, stopping
INFO:routers.jira:Jira bulk prefetch: 600 tickets indexed, 1148 words
INFO:routers.scheduler:Scheduler: Jira prefetch complete. 600 ticket(s) fetched. 10/476 device(s) have open tickets.
INFO:apscheduler.executors.default:Job "job_opmanager_alerts (trigger: interval[0:05:00], next run at: 2026-05-12 17:23:32 CDT)" executed successfully
INFO:apscheduler.executors.default:Running job "job_opmanager_alerts (trigger: interval[0:05:00], next run at: 2026-05-12 17:28:32 CDT)" (scheduled at 2026-05-12 17:23:32.794473-05:00)
INFO:routers.scheduler:Scheduler: Refreshing OpManager alerts...
INFO:routers.scheduler:Scheduler: OpManager alerts updated. Count: 8823
INFO:routers.jira:Jira bulk prefetch: fetched 100 tickets so far
INFO:routers.jira:Jira bulk prefetch: fetched 200 tickets so far
INFO:routers.jira:Jira bulk prefetch: fetched 300 tickets so far
INFO:routers.jira:Jira bulk prefetch: fetched 400 tickets so far
INFO:routers.jira:Jira bulk prefetch: fetched 500 tickets so far
INFO:routers.jira:Jira bulk prefetch: fetched 600 tickets so far
INFO:routers.jira:Jira bulk prefetch: fetched 700 tickets so far
INFO:routers.jira:Jira bulk prefetch: fetched 800 tickets so far
INFO:routers.jira:Jira bulk prefetch: fetched 900 tickets so far
INFO:routers.jira:Jira bulk prefetch: fetched 1000 tickets so far
INFO:routers.jira:Jira bulk prefetch: fetched 1100 tickets so far
INFO:routers.jira:Jira bulk prefetch: fetched 1200 tickets so far
INFO:routers.jira:Jira bulk prefetch: fetched 1300 tickets so far
INFO:routers.jira:Jira bulk prefetch: fetched 1390 tickets so far
INFO:routers.jira:Jira bulk prefetch: 1390 tickets indexed, 2220 words
INFO:routers.scheduler:Scheduler: Jira prefetch complete. 1390 ticket(s) fetched. 14/476 device(s) have open tickets.
INFO:apscheduler.executors.default:Job "job_opmanager_alerts (trigger: interval[0:05:00], next run at: 2026-05-12 17:28:32 CDT)" executed successfully
INFO:apscheduler.executors.default:Running job "job_opmanager_alerts (trigger: interval[0:05:00], next run at: 2026-05-12 17:33:32 CDT)" (scheduled at 2026-05-12 17:28:32.794473-05:00)
INFO:apscheduler.executors.default:Running job "job_opmanager_devices (trigger: interval[0:15:00], next run at: 2026-05-12 17:43:32 CDT)" (scheduled at 2026-05-12 17:28:32.794516-05:00)
INFO:apscheduler.executors.default:Running job "job_citrix_power_unknown_check (trigger: interval[0:15:00], next run at: 2026-05-12 17:43:32 CDT)" (scheduled at 2026-05-12 17:28:32.795007-05:00)
INFO:apscheduler.executors.default:Running job "job_meraki_refresh (trigger: interval[0:15:00], next run at: 2026-05-12 17:43:32 CDT)" (scheduled at 2026-05-12 17:28:32.795181-05:00)
INFO:apscheduler.executors.default:Running job "job_findings (trigger: interval[0:15:00], next run at: 2026-05-12 17:43:32 CDT)" (scheduled at 2026-05-12 17:28:32.795375-05:00)
INFO:routers.scheduler:Scheduler: Refreshing OpManager alerts...
INFO:routers.scheduler:Scheduler: Refreshing OpManager devices...
INFO:routers.scheduler:Scheduler: Checking Citrix machine power states for unknowns...
INFO:routers.scheduler:Scheduler: Refreshing Meraki data...
INFO:routers.scheduler:Scheduler: Power check complete. New unknowns: 0, Recovered: 0, Notified teams: none
INFO:apscheduler.executors.default:Job "job_citrix_power_unknown_check (trigger: interval[0:15:00], next run at: 2026-05-12 17:43:32 CDT)" executed successfully
INFO:routers.meraki:Meraki refresh: starting...
INFO:routers.findings:findings: refreshed — 36 total
INFO:routers.scheduler:Scheduler: findings refreshed — 36 findings
INFO:apscheduler.executors.default:Job "job_findings (trigger: interval[0:15:00], next run at: 2026-05-12 17:43:32 CDT)" executed successfully
INFO:routers.meraki:Meraki: fetched 11 networks across 2 orgs.
INFO:routers.meraki:Meraki: fetched 215 devices.
INFO:routers.meraki:Meraki: fetched uplinks for 19 appliances.
INFO:routers.scheduler:Scheduler: OpManager devices updated.
INFO:apscheduler.executors.default:Job "job_opmanager_devices (trigger: interval[0:15:00], next run at: 2026-05-12 17:43:32 CDT)" executed successfully
INFO:routers.meraki:Meraki: fetched 978 clients.
INFO:routers.meraki:Meraki refresh complete. 11 networks, 215 devices, 19 uplink appliances, 978 recent clients.
INFO:apscheduler.executors.default:Job "job_meraki_refresh (trigger: interval[0:15:00], next run at: 2026-05-12 17:43:32 CDT)" executed successfully
INFO:routers.scheduler:Scheduler: OpManager alerts updated. Count: 8823
INFO:routers.jira:Jira bulk prefetch: fetched 100 tickets so far
INFO:routers.jira:Jira bulk prefetch: fetched 200 tickets so far
INFO:routers.jira:Jira bulk prefetch: fetched 300 tickets so far
INFO:routers.jira:Jira bulk prefetch: fetched 400 tickets so far
INFO:routers.jira:Jira bulk prefetch: fetched 500 tickets so far
INFO:routers.jira:Jira bulk prefetch: fetched 600 tickets so far
INFO:routers.jira:Jira bulk prefetch: fetched 700 tickets so far
INFO:routers.jira:Jira bulk prefetch: fetched 800 tickets so far
INFO:routers.jira:Jira bulk prefetch: fetched 900 tickets so far
INFO:routers.jira:Jira bulk prefetch: fetched 1000 tickets so far
INFO:routers.jira:Jira bulk prefetch: fetched 1100 tickets so far
INFO:routers.jira:Jira bulk prefetch: fetched 1200 tickets so far
INFO:routers.jira:Jira bulk prefetch: fetched 1300 tickets so far
INFO:routers.jira:Jira bulk prefetch: fetched 1390 tickets so far
INFO:routers.jira:Jira bulk prefetch: 1390 tickets indexed, 2220 words
INFO:routers.scheduler:Scheduler: Jira prefetch complete. 1390 ticket(s) fetched. 14/475 device(s) have open tickets.
INFO:apscheduler.executors.default:Job "job_opmanager_alerts (trigger: interval[0:05:00], next run at: 2026-05-12 17:33:32 CDT)" executed successfully
INFO:apscheduler.executors.default:Running job "job_opmanager_alerts (trigger: interval[0:05:00], next run at: 2026-05-12 17:38:32 CDT)" (scheduled at 2026-05-12 17:33:32.794473-05:00)
INFO:routers.scheduler:Scheduler: Refreshing OpManager alerts...
INFO:routers.scheduler:Scheduler: OpManager alerts updated. Count: 8823
INFO:routers.jira:Jira bulk prefetch: fetched 100 tickets so far
INFO:routers.jira:Jira bulk prefetch: fetched 200 tickets so far
INFO:routers.jira:Jira bulk prefetch: fetched 300 tickets so far
INFO:routers.jira:Jira bulk prefetch: fetched 400 tickets so far
INFO:routers.jira:Jira bulk prefetch: fetched 500 tickets so far
INFO:routers.jira:Jira bulk prefetch: fetched 600 tickets so far
INFO:routers.jira:Jira bulk prefetch: fetched 700 tickets so far
INFO:routers.jira:Jira bulk prefetch: fetched 800 tickets so far
INFO:routers.jira:Jira bulk prefetch: fetched 900 tickets so far
INFO:routers.jira:Jira bulk prefetch: fetched 1000 tickets so far
INFO:routers.jira:Jira bulk prefetch: fetched 1100 tickets so far
INFO:routers.jira:Jira bulk prefetch: fetched 1200 tickets so far
INFO:routers.jira:Jira bulk prefetch: fetched 1300 tickets so far
INFO:routers.jira:Jira bulk prefetch: fetched 1390 tickets so far
INFO:routers.jira:Jira bulk prefetch: 1390 tickets indexed, 2220 words
INFO:routers.scheduler:Scheduler: Jira prefetch complete. 1390 ticket(s) fetched. 14/475 device(s) have open tickets.
INFO:apscheduler.executors.default:Job "job_opmanager_alerts (trigger: interval[0:05:00], next run at: 2026-05-12 17:38:32 CDT)" executed successfully
INFO:apscheduler.executors.default:Running job "job_opmanager_alerts (trigger: interval[0:05:00], next run at: 2026-05-12 17:43:32 CDT)" (scheduled at 2026-05-12 17:38:32.794473-05:00)
INFO:routers.scheduler:Scheduler: Refreshing OpManager alerts...
INFO:routers.scheduler:Scheduler: OpManager alerts updated. Count: 8823
INFO:routers.jira:Jira bulk prefetch: fetched 100 tickets so far
INFO:routers.jira:Jira bulk prefetch: fetched 200 tickets so far
INFO:routers.jira:Jira bulk prefetch: fetched 300 tickets so far
INFO:routers.jira:Jira bulk prefetch: fetched 400 tickets so far
INFO:routers.jira:Jira bulk prefetch: fetched 500 tickets so far
INFO:routers.jira:Jira bulk prefetch: fetched 600 tickets so far
INFO:routers.jira:Jira bulk prefetch: fetched 700 tickets so far
INFO:routers.jira:Jira bulk prefetch: fetched 800 tickets so far
INFO:routers.jira:Jira bulk prefetch: fetched 900 tickets so far
INFO:routers.jira:Jira bulk prefetch: fetched 1000 tickets so far
INFO:routers.jira:Jira bulk prefetch: fetched 1100 tickets so far
INFO:routers.jira:Jira bulk prefetch: fetched 1200 tickets so far
INFO:routers.jira:Jira bulk prefetch: fetched 1300 tickets so far
INFO:routers.jira:Jira bulk prefetch: fetched 1391 tickets so far
INFO:routers.jira:Jira bulk prefetch: 1391 tickets indexed, 2223 words
INFO:routers.scheduler:Scheduler: Jira prefetch complete. 1391 ticket(s) fetched. 15/477 device(s) have open tickets.
INFO:apscheduler.executors.default:Job "job_opmanager_alerts (trigger: interval[0:05:00], next run at: 2026-05-12 17:43:32 CDT)" executed successfully
INFO:apscheduler.executors.default:Running job "job_basic_vms (trigger: interval[0:30:00], next run at: 2026-05-12 18:13:32 CDT)" (scheduled at 2026-05-12 17:43:32.794019-05:00)
INFO:routers.scheduler:Scheduler: Refreshing basic VM list...
INFO:apscheduler.executors.default:Running job "job_opmanager_devices (trigger: interval[0:15:00], next run at: 2026-05-12 17:58:32 CDT)" (scheduled at 2026-05-12 17:43:32.794516-05:00)
INFO:apscheduler.executors.default:Running job "job_jira_prefetch (trigger: interval[0:30:00], next run at: 2026-05-12 18:13:32 CDT)" (scheduled at 2026-05-12 17:43:32.794562-05:00)
INFO:apscheduler.executors.default:Running job "job_citrix_summary (trigger: interval[1:00:00], next run at: 2026-05-12 18:43:32 CDT)" (scheduled at 2026-05-12 17:43:32.794960-05:00)
INFO:apscheduler.executors.default:Running job "job_citrix_power_unknown_check (trigger: interval[0:15:00], next run at: 2026-05-12 17:58:32 CDT)" (scheduled at 2026-05-12 17:43:32.795007-05:00)
INFO:apscheduler.executors.default:Running job "job_meraki_refresh (trigger: interval[0:15:00], next run at: 2026-05-12 17:58:32 CDT)" (scheduled at 2026-05-12 17:43:32.795181-05:00)
INFO:apscheduler.executors.default:Running job "job_findings (trigger: interval[0:15:00], next run at: 2026-05-12 17:58:32 CDT)" (scheduled at 2026-05-12 17:43:32.795375-05:00)
INFO:apscheduler.executors.default:Running job "job_entra_refresh (trigger: interval[1:00:00], next run at: 2026-05-12 18:43:32 CDT)" (scheduled at 2026-05-12 17:43:32.795425-05:00)
INFO:apscheduler.executors.default:Running job "job_opmanager_alerts (trigger: interval[0:05:00], next run at: 2026-05-12 17:48:32 CDT)" (scheduled at 2026-05-12 17:43:32.794473-05:00)
INFO:apscheduler.executors.default:Running job "job_basic_hosts (trigger: interval[0:30:00], next run at: 2026-05-12 18:13:32 CDT)" (scheduled at 2026-05-12 17:43:32.794166-05:00)
INFO:routers.scheduler:Scheduler: Refreshing OpManager devices...
INFO:routers.scheduler:Scheduler: Refreshing Citrix summary...
INFO:routers.scheduler:Scheduler: Checking Citrix machine power states for unknowns...
INFO:routers.scheduler:Scheduler: Refreshing Meraki data...
INFO:routers.scheduler:Scheduler: Refreshing Entra / M365 data...
INFO:routers.scheduler:Scheduler: Refreshing OpManager alerts...
INFO:routers.scheduler:Scheduler: Refreshing basic host list...
INFO:routers.scheduler:Scheduler: Power check complete. New unknowns: 0, Recovered: 0, Notified teams: none
INFO:routers.meraki:Meraki refresh: starting...
INFO:apscheduler.executors.default:Job "job_citrix_power_unknown_check (trigger: interval[0:15:00], next run at: 2026-05-12 17:58:32 CDT)" executed successfully
INFO:routers.findings:findings: refreshed — 36 total
INFO:routers.scheduler:Scheduler: findings refreshed — 36 findings
INFO:apscheduler.executors.default:Job "job_findings (trigger: interval[0:15:00], next run at: 2026-05-12 17:58:32 CDT)" executed successfully
INFO:httpx:HTTP Request: POST https://login.microsoftonline.com/c0d9a159-18ab-4c31-a5a5-f4d0b805de7d/oauth2/v2.0/token "HTTP/1.1 200 OK"
INFO:routers.jira:Jira bulk prefetch: fetched 100 tickets so far
INFO:httpx:HTTP Request: GET https://graph.microsoft.com/v1.0/subscribedSkus "HTTP/1.1 200 OK"
INFO:routers.meraki:Meraki: fetched 11 networks across 2 orgs.
INFO:routers.jira:Jira bulk prefetch: fetched 200 tickets so far
INFO:routers.jira:Jira bulk prefetch: fetched 300 tickets so far
INFO:routers.jira:Jira bulk prefetch: fetched 400 tickets so far
INFO:httpx:HTTP Request: GET https://graph.microsoft.com/v1.0/users?%24select=id%2CdisplayName%2CuserPrincipalName%2CaccountEnabled%2CuserType%2CsignInActivity%2CassignedLicenses%2CcreatedDateTime%2Cmail&%24top=999&%24count=true "HTTP/1.1 200 OK"
INFO:routers.jira:Jira bulk prefetch: fetched 500 tickets so far
INFO:routers.meraki:Meraki: fetched 215 devices.
INFO:routers.jira:Jira bulk prefetch: fetched 600 tickets so far
INFO:routers.jira:Jira bulk prefetch: fetched 700 tickets so far
INFO:routers.meraki:Meraki: fetched uplinks for 19 appliances.
INFO:routers.jira:Jira bulk prefetch: fetched 800 tickets so far
INFO:routers.scheduler:Scheduler: OpManager devices updated.
INFO:apscheduler.executors.default:Job "job_opmanager_devices (trigger: interval[0:15:00], next run at: 2026-05-12 17:58:32 CDT)" executed successfully
INFO:routers.jira:Jira bulk prefetch: fetched 900 tickets so far
INFO:httpx:HTTP Request: GET https://graph.microsoft.com/v1.0/users?$select=id%2cdisplayName%2cuserPrincipalName%2caccountEnabled%2cuserType%2csignInActivity%2cassignedLicenses%2ccreatedDateTime%2cmail&$top=999&$count=true&$skiptoken=m~AQAoOzE0NTM2ZjY3NmUwODRlMGI5OWNmYjUxZTFmNWY5MDkzOzswOzA7Ow "HTTP/1.1 200 OK"
INFO:routers.jira:Jira bulk prefetch: fetched 1000 tickets so far
INFO:routers.jira:Jira bulk prefetch: fetched 1100 tickets so far
INFO:routers.jira:Jira bulk prefetch: fetched 1200 tickets so far
INFO:routers.jira:Jira bulk prefetch: fetched 1300 tickets so far
INFO:httpx:HTTP Request: GET https://graph.microsoft.com/v1.0/users?$select=id%2cdisplayName%2cuserPrincipalName%2caccountEnabled%2cuserType%2csignInActivity%2cassignedLicenses%2ccreatedDateTime%2cmail&$top=999&$count=true&$skiptoken=m~AQAoOzI4NTc0ZjI0MGY2YTRmYjU5ZGJmNzVmNzRiZTQ3NDJlOzswOzA7Ow "HTTP/1.1 200 OK"
INFO:routers.jira:Jira bulk prefetch: fetched 1391 tickets so far
INFO:routers.jira:Jira bulk prefetch: 1391 tickets indexed, 2223 words
INFO:routers.scheduler:Scheduler: Jira prefetch complete. 1391 ticket(s) fetched. 15/477 device(s) have open tickets.
INFO:apscheduler.executors.default:Job "job_jira_prefetch (trigger: interval[0:30:00], next run at: 2026-05-12 18:13:32 CDT)" executed successfully
INFO:httpx:HTTP Request: GET https://graph.microsoft.com/v1.0/users?$select=id%2cdisplayName%2cuserPrincipalName%2caccountEnabled%2cuserType%2csignInActivity%2cassignedLicenses%2ccreatedDateTime%2cmail&$top=999&$count=true&$skiptoken=m~AQAoOzNiZTU2M2U2MjgxYjQzOTg5OTI1ZWE3OGI2ZGFlNWYwOzswOzA7Ow "HTTP/1.1 200 OK"
INFO:httpx:HTTP Request: GET https://graph.microsoft.com/v1.0/users?$select=id%2cdisplayName%2cuserPrincipalName%2caccountEnabled%2cuserType%2csignInActivity%2cassignedLicenses%2ccreatedDateTime%2cmail&$top=999&$count=true&$skiptoken=m~AQAoOzUxNGRhZmRhZTNhYTQ0NjY5MTFkZjEzMjIwMzI3NTI0OzswOzA7Ow "HTTP/1.1 200 OK"
INFO:routers.meraki:Meraki: fetched 956 clients.
INFO:routers.meraki:Meraki refresh complete. 11 networks, 215 devices, 19 uplink appliances, 956 recent clients.
INFO:apscheduler.executors.default:Job "job_meraki_refresh (trigger: interval[0:15:00], next run at: 2026-05-12 17:58:32 CDT)" executed successfully
INFO:httpx:HTTP Request: GET https://graph.microsoft.com/v1.0/users?$select=id%2cdisplayName%2cuserPrincipalName%2caccountEnabled%2cuserType%2csignInActivity%2cassignedLicenses%2ccreatedDateTime%2cmail&$top=999&$count=true&$skiptoken=m~AQAoOzY1N2E3MzRhZTM5NDQ0OTBiNzczNWExZjM5NGEzMjk4OzswOzA7Ow "HTTP/1.1 200 OK"
INFO:httpx:HTTP Request: GET https://graph.microsoft.com/v1.0/users?$select=id%2cdisplayName%2cuserPrincipalName%2caccountEnabled%2cuserType%2csignInActivity%2cassignedLicenses%2ccreatedDateTime%2cmail&$top=999&$count=true&$skiptoken=m~AQAoOzdhMjJmY2MwYjEzNzQ2NzZhZDI0OTJhNTQxOWNmYjgyOzswOzA7Ow "HTTP/1.1 200 OK"
INFO:httpx:HTTP Request: GET https://graph.microsoft.com/v1.0/users?$select=id%2cdisplayName%2cuserPrincipalName%2caccountEnabled%2cuserType%2csignInActivity%2cassignedLicenses%2ccreatedDateTime%2cmail&$top=999&$count=true&$skiptoken=m~AQAoOzhlMGVjM2JmNTUxMTRmNGY5ZGQ0Y2Y3ZDRhYWU0ZjFiOzswOzA7Ow "HTTP/1.1 200 OK"
INFO:httpx:HTTP Request: GET https://graph.microsoft.com/v1.0/users?$select=id%2cdisplayName%2cuserPrincipalName%2caccountEnabled%2cuserType%2csignInActivity%2cassignedLicenses%2ccreatedDateTime%2cmail&$top=999&$count=true&$skiptoken=m~AQAoO2ExNTRlMmU2NjAyMTQ1YTFhODM0NmIzM2E1NjBkZjBiOzswOzA7Ow "HTTP/1.1 200 OK"
INFO:httpx:HTTP Request: GET https://graph.microsoft.com/v1.0/users?$select=id%2cdisplayName%2cuserPrincipalName%2caccountEnabled%2cuserType%2csignInActivity%2cassignedLicenses%2ccreatedDateTime%2cmail&$top=999&$count=true&$skiptoken=m~AQAoO2I2NjdiOTA3NjhmZTQ3NDQ5ZDdjZDEwYzNkN2EzYjgyOzswOzA7Ow "HTTP/1.1 200 OK"
INFO:httpx:HTTP Request: GET https://graph.microsoft.com/v1.0/users?$select=id%2cdisplayName%2cuserPrincipalName%2caccountEnabled%2cuserType%2csignInActivity%2cassignedLicenses%2ccreatedDateTime%2cmail&$top=999&$count=true&$skiptoken=m~AQAoO2NhOTFiNWE2NGRiMjQ3NmRhYzZkYjNkYzc2MTZjNjQwOzswOzA7Ow "HTTP/1.1 200 OK"
INFO:httpx:HTTP Request: GET https://graph.microsoft.com/v1.0/users?$select=id%2cdisplayName%2cuserPrincipalName%2caccountEnabled%2cuserType%2csignInActivity%2cassignedLicenses%2ccreatedDateTime%2cmail&$top=999&$count=true&$skiptoken=m~AQAoO2RlZGQzNGI5YTA5ZDQ2YzdiZTFlNDU1NzliOTVmZTQ2OzswOzA7Ow "HTTP/1.1 200 OK"
INFO:httpx:HTTP Request: GET https://graph.microsoft.com/v1.0/users?$select=id%2cdisplayName%2cuserPrincipalName%2caccountEnabled%2cuserType%2csignInActivity%2cassignedLicenses%2ccreatedDateTime%2cmail&$top=999&$count=true&$skiptoken=m~AQAoO2YyZjVkNGYwYTVmNTQ4MTJiMGI5MGU4NzE4YjAzNTM5OzswOzA7Ow "HTTP/1.1 200 OK"
INFO:routers.scheduler:Scheduler: OpManager alerts updated. Count: 8823
INFO:routers.scheduler:Scheduler: Citrix updated. Machines: 687, Sessions: 434
INFO:apscheduler.executors.default:Job "job_citrix_summary (trigger: interval[1:00:00], next run at: 2026-05-12 18:43:32 CDT)" executed successfully
ERROR:routers.scheduler:Scheduler: VM list error: database is locked
INFO:apscheduler.executors.default:Job "job_basic_vms (trigger: interval[0:30:00], next run at: 2026-05-12 18:13:32 CDT)" executed successfully
INFO:routers.scheduler:Scheduler: Basic host list updated.
INFO:apscheduler.executors.default:Job "job_basic_hosts (trigger: interval[0:30:00], next run at: 2026-05-12 18:13:32 CDT)" executed successfully
INFO:routers.jira:Jira bulk prefetch: fetched 100 tickets so far
INFO:httpx:HTTP Request: GET https://graph.microsoft.com/v1.0/groups?%24select=id%2CdisplayName%2CgroupTypes%2CsecurityEnabled%2CmailEnabled%2CmembershipRule%2CcreatedDateTime&%24top=999 "HTTP/1.1 200 OK"
INFO:routers.jira:Jira bulk prefetch: fetched 200 tickets so far
INFO:routers.jira:Jira bulk prefetch: fetched 300 tickets so far
INFO:httpx:HTTP Request: GET https://graph.microsoft.com/v1.0/groups?$select=id%2cdisplayName%2cgroupTypes%2csecurityEnabled%2cmailEnabled%2cmembershipRule%2ccreatedDateTime&$top=999&$skiptoken=RFNwdAIAAQAAACpHcm91cF8wZTMwNDVhMy0xOTIxLTQ0MTctOWMxNC1kZjRiMTFiYzVjNGQqR3JvdXBfMGUzMDQ1YTMtMTkyMS00NDE3LTljMTQtZGY0YjExYmM1YzRkAAAAAAAAAAAAAAA "HTTP/1.1 200 OK"
INFO:routers.jira:Jira bulk prefetch: fetched 400 tickets so far
INFO:httpx:HTTP Request: GET https://graph.microsoft.com/v1.0/groups?$select=id%2cdisplayName%2cgroupTypes%2csecurityEnabled%2cmailEnabled%2cmembershipRule%2ccreatedDateTime&$top=999&$skiptoken=RFNwdAIAACpHcm91cF8wZTMwNWQyOS1hMmUzLTQ3NTktODQ1NS0yOGE3ZmQxN2E0ZjIqR3JvdXBfMGUzMDVkMjktYTJlMy00NzU5LTg0NTUtMjhhN2ZkMTdhNGYyACpHcm91cF8xYzYzMzc5NS03MWNlLTRjOWQtYmI0OC0xMTJhYzI5ZmZkZDQqR3JvdXBfMWM2MzM3OTUtNzFjZS00YzlkLWJiNDgtMTEyYWMyOWZmZGQ0AAAAAAAAAAAAAAA "HTTP/1.1 200 OK"
INFO:routers.jira:Jira bulk prefetch: fetched 500 tickets so far
INFO:routers.jira:Jira bulk prefetch: fetched 600 tickets so far
INFO:httpx:HTTP Request: GET https://graph.microsoft.com/v1.0/groups?$select=id%2cdisplayName%2cgroupTypes%2csecurityEnabled%2cmailEnabled%2cmembershipRule%2ccreatedDateTime&$top=999&$skiptoken=RFNwdAIAACpHcm91cF8xYzY4NjEzNC1iY2Y4LTRhNDItOTJkNC1iZGI0ZGE5YTIxZGIqR3JvdXBfMWM2ODYxMzQtYmNmOC00YTQyLTkyZDQtYmRiNGRhOWEyMWRiACpHcm91cF8yOWJiOWNjMC00Y2Q1LTQ5YjMtYjAwZi00NjgyNzZiNzRmNDEqR3JvdXBfMjliYjljYzAtNGNkNS00OWIzLWIwMGYtNDY4Mjc2Yjc0ZjQxAAAAAAAAAAAAAAA "HTTP/1.1 200 OK"
INFO:routers.jira:Jira bulk prefetch: fetched 700 tickets so far
INFO:httpx:HTTP Request: GET https://graph.microsoft.com/v1.0/groups?$select=id%2cdisplayName%2cgroupTypes%2csecurityEnabled%2cmailEnabled%2cmembershipRule%2ccreatedDateTime&$top=999&$skiptoken=RFNwdAIAACpHcm91cF8yOWMwYTJiMi0yZTE0LTQ2OWEtYjE5Mi00MGJjYzVmYmNjYTUqR3JvdXBfMjljMGEyYjItMmUxNC00NjlhLWIxOTItNDBiY2M1ZmJjY2E1ACpHcm91cF8zNzExMWVhMC0xMjYwLTRjNjUtOWFjMS0yYWY2Mzk3NTY4ZDUqR3JvdXBfMzcxMTFlYTAtMTI2MC00YzY1LTlhYzEtMmFmNjM5NzU2OGQ1AAAAAAAAAAAAAAA "HTTP/1.1 200 OK"
INFO:routers.jira:Jira bulk prefetch: fetched 800 tickets so far
INFO:httpx:HTTP Request: GET https://graph.microsoft.com/v1.0/groups?$select=id%2cdisplayName%2cgroupTypes%2csecurityEnabled%2cmailEnabled%2cmembershipRule%2ccreatedDateTime&$top=999&$skiptoken=RFNwdAIAACpHcm91cF8zNzFjZTkyZS1hZGI1LTQwMDUtOWNkOS1jZDQzZGU0ZjA3ODQqR3JvdXBfMzcxY2U5MmUtYWRiNS00MDA1LTljZDktY2Q0M2RlNGYwNzg0ACpHcm91cF80NDhiOTJjMi01NDQ2LTQ5MDItODRiZi1iMzdlOGJjOGVlZmMqR3JvdXBfNDQ4YjkyYzItNTQ0Ni00OTAyLTg0YmYtYjM3ZThiYzhlZWZjAAAAAAAAAAAAAAA "HTTP/1.1 200 OK"
INFO:routers.jira:Jira bulk prefetch: fetched 900 tickets so far
INFO:httpx:HTTP Request: GET https://graph.microsoft.com/v1.0/groups?$select=id%2cdisplayName%2cgroupTypes%2csecurityEnabled%2cmailEnabled%2cmembershipRule%2ccreatedDateTime&$top=999&$skiptoken=RFNwdAIAACpHcm91cF80NDhkZjQ2Yi1lOTEzLTRkNGUtYTBkMC02Mzg2OTFiYmNlNGYqR3JvdXBfNDQ4ZGY0NmItZTkxMy00ZDRlLWEwZDAtNjM4NjkxYmJjZTRmACpHcm91cF81MWE1Y2FmNS1lMTkyLTQ4MTEtYmJiYS1iYmIzYjY2M2E5NDIqR3JvdXBfNTFhNWNhZjUtZTE5Mi00ODExLWJiYmEtYmJiM2I2NjNhOTQyAAAAAAAAAAAAAAA "HTTP/1.1 200 OK"
INFO:routers.jira:Jira bulk prefetch: fetched 1000 tickets so far
INFO:httpx:HTTP Request: GET https://graph.microsoft.com/v1.0/groups?$select=id%2cdisplayName%2cgroupTypes%2csecurityEnabled%2cmailEnabled%2cmembershipRule%2ccreatedDateTime&$top=999&$skiptoken=RFNwdAIAACpHcm91cF81MWE3YjQ4ZS02NmZiLTQ5YTEtYjQ1ZS1kMzZiZmRjOWI5OGUqR3JvdXBfNTFhN2I0OGUtNjZmYi00OWExLWI0NWUtZDM2YmZkYzliOThlACpHcm91cF81ZTY1MDBmMC1iNjJhLTRkNDMtOThjYS0wODk0YzIwNGY2ZWIqR3JvdXBfNWU2NTAwZjAtYjYyYS00ZDQzLTk4Y2EtMDg5NGMyMDRmNmViAAAAAAAAAAAAAAA "HTTP/1.1 200 OK"
INFO:routers.jira:Jira bulk prefetch: fetched 1100 tickets so far
INFO:routers.jira:Jira bulk prefetch: fetched 1200 tickets so far
INFO:httpx:HTTP Request: GET https://graph.microsoft.com/v1.0/groups?$select=id%2cdisplayName%2cgroupTypes%2csecurityEnabled%2cmailEnabled%2cmembershipRule%2ccreatedDateTime&$top=999&$skiptoken=RFNwdAIAACpHcm91cF81ZTY3N2M4Zi04N2I1LTQwMDktODJjZC04NDAyMWRlNTBjNTIqR3JvdXBfNWU2NzdjOGYtODdiNS00MDA5LTgyY2QtODQwMjFkZTUwYzUyACpHcm91cF82YzhjOGIxOS0wNTUyLTRhZGMtYWExMi0yN2U2NmViYjRjZjUqR3JvdXBfNmM4YzhiMTktMDU1Mi00YWRjLWFhMTItMjdlNjZlYmI0Y2Y1AAAAAAAAAAAAAAA "HTTP/1.1 200 OK"
INFO:routers.jira:Jira bulk prefetch: fetched 1300 tickets so far
INFO:httpx:HTTP Request: GET https://graph.microsoft.com/v1.0/groups?$select=id%2cdisplayName%2cgroupTypes%2csecurityEnabled%2cmailEnabled%2cmembershipRule%2ccreatedDateTime&$top=999&$skiptoken=RFNwdAIAACpHcm91cF82YzhlMDAwNC05NDlkLTRhOWMtOTRhYy00MzU1MGNjZTdmZDAqR3JvdXBfNmM4ZTAwMDQtOTQ5ZC00YTljLTk0YWMtNDM1NTBjY2U3ZmQwACpHcm91cF83OWRiYjQ0Zi05YTgxLTQwOWEtOWFhMS03Yjk0ZmZmOGI4OWYqR3JvdXBfNzlkYmI0NGYtOWE4MS00MDlhLTlhYTEtN2I5NGZmZjhiODlmAAAAAAAAAAAAAAA "HTTP/1.1 200 OK"
INFO:routers.jira:Jira bulk prefetch: fetched 1391 tickets so far
INFO:routers.jira:Jira bulk prefetch: 1391 tickets indexed, 2223 words
INFO:routers.scheduler:Scheduler: Jira prefetch complete. 1391 ticket(s) fetched. 15/477 device(s) have open tickets.
INFO:apscheduler.executors.default:Job "job_opmanager_alerts (trigger: interval[0:05:00], next run at: 2026-05-12 17:48:32 CDT)" executed successfully
INFO:httpx:HTTP Request: GET https://graph.microsoft.com/v1.0/groups?$select=id%2cdisplayName%2cgroupTypes%2csecurityEnabled%2cmailEnabled%2cmembershipRule%2ccreatedDateTime&$top=999&$skiptoken=RFNwdAIAACpHcm91cF83OWRjZWQ1MS1iYjQ0LTRmYWMtOTlkOC00OTUzZjMzOTZlZDUqR3JvdXBfNzlkY2VkNTEtYmI0NC00ZmFjLTk5ZDgtNDk1M2YzMzk2ZWQ1ACpHcm91cF84NzE4Y2MzYy04ZmQzLTRjZGYtOWNiZi0wM2ExY2FmYjcyYWEqR3JvdXBfODcxOGNjM2MtOGZkMy00Y2RmLTljYmYtMDNhMWNhZmI3MmFhAAAAAAAAAAAAAAA "HTTP/1.1 200 OK"
INFO:httpx:HTTP Request: GET https://graph.microsoft.com/v1.0/groups?$select=id%2cdisplayName%2cgroupTypes%2csecurityEnabled%2cmailEnabled%2cmembershipRule%2ccreatedDateTime&$top=999&$skiptoken=RFNwdAIAACpHcm91cF84NzFkYmJjOS1iZTUzLTRhNWQtOTNiOS1jNmFjY2FlZDJhODEqR3JvdXBfODcxZGJiYzktYmU1My00YTVkLTkzYjktYzZhY2NhZWQyYTgxACpHcm91cF85NTA0NTUwOS1kMThmLTQ2ZTgtYmJkMy1kYjhjOWFhZDA3ZTcqR3JvdXBfOTUwNDU1MDktZDE4Zi00NmU4LWJiZDMtZGI4YzlhYWQwN2U3AAAAAAAAAAAAAAA "HTTP/1.1 200 OK"
INFO:httpx:HTTP Request: GET https://graph.microsoft.com/v1.0/groups?$select=id%2cdisplayName%2cgroupTypes%2csecurityEnabled%2cmailEnabled%2cmembershipRule%2ccreatedDateTime&$top=999&$skiptoken=RFNwdAIAACpHcm91cF85NTA4YWE4Zi1mODE4LTQ3NzAtOTBkMS1kNjkxYzM1ZTkxMmMqR3JvdXBfOTUwOGFhOGYtZjgxOC00NzcwLTkwZDEtZDY5MWMzNWU5MTJjACpHcm91cF9hMjNmYjdjZC01NTUxLTRiMDItYTUyYy1mMzc0NjZhNzlkNTUqR3JvdXBfYTIzZmI3Y2QtNTU1MS00YjAyLWE1MmMtZjM3NDY2YTc5ZDU1AAAAAAAAAAAAAAA "HTTP/1.1 200 OK"
INFO:httpx:HTTP Request: GET https://graph.microsoft.com/v1.0/groups?$select=id%2cdisplayName%2cgroupTypes%2csecurityEnabled%2cmailEnabled%2cmembershipRule%2ccreatedDateTime&$top=999&$skiptoken=RFNwdAIAACpHcm91cF9hMjNmZTVjMy0xOGUzLTRjMzktYjhjMi03Y2EyMmQ5ZmE0NzIqR3JvdXBfYTIzZmU1YzMtMThlMy00YzM5LWI4YzItN2NhMjJkOWZhNDcyACpHcm91cF9hZjQyZWI5Zi05YTUwLTRlMjYtYmQxOS01NzUxMTM5ZDdkMWUqR3JvdXBfYWY0MmViOWYtOWE1MC00ZTI2LWJkMTktNTc1MTEzOWQ3ZDFlAAAAAAAAAAAAAAA "HTTP/1.1 200 OK"
INFO:httpx:HTTP Request: GET https://graph.microsoft.com/v1.0/groups?$select=id%2cdisplayName%2cgroupTypes%2csecurityEnabled%2cmailEnabled%2cmembershipRule%2ccreatedDateTime&$top=999&$skiptoken=RFNwdAIAACpHcm91cF9hZjQ1M2NkNy0yMWQ3LTRhOWUtYjY1Mi1hMGZlODgyODYyYWUqR3JvdXBfYWY0NTNjZDctMjFkNy00YTllLWI2NTItYTBmZTg4Mjg2MmFlACpHcm91cF9iY2NlYjE3OC00MTY0LTQ5MGEtODJlZi05OGFhYTVjNzQxNTQqR3JvdXBfYmNjZWIxNzgtNDE2NC00OTBhLTgyZWYtOThhYWE1Yzc0MTU0AAAAAAAAAAAAAAA "HTTP/1.1 200 OK"
INFO:httpx:HTTP Request: GET https://graph.microsoft.com/v1.0/groups?$select=id%2cdisplayName%2cgroupTypes%2csecurityEnabled%2cmailEnabled%2cmembershipRule%2ccreatedDateTime&$top=999&$skiptoken=RFNwdAIAACpHcm91cF9iY2QyY2E5OC0yZjk4LTRiYWEtYmZkMy1iZGFiNWViMGU3YzAqR3JvdXBfYmNkMmNhOTgtMmY5OC00YmFhLWJmZDMtYmRhYjVlYjBlN2MwACpHcm91cF9jYTY2MjlmMS1lMGJhLTQwNGYtODM4Mi04MTBiZDJiNTE3MmYqR3JvdXBfY2E2NjI5ZjEtZTBiYS00MDRmLTgzODItODEwYmQyYjUxNzJmAAAAAAAAAAAAAAA "HTTP/1.1 200 OK"
INFO:httpx:HTTP Request: GET https://graph.microsoft.com/v1.0/groups?$select=id%2cdisplayName%2cgroupTypes%2csecurityEnabled%2cmailEnabled%2cmembershipRule%2ccreatedDateTime&$top=999&$skiptoken=RFNwdAIAACpHcm91cF9jYTY3MDFiNy0xODg4LTQ0MzMtYTZhOC0zMWZjNDg2OTk4ODMqR3JvdXBfY2E2NzAxYjctMTg4OC00NDMzLWE2YTgtMzFmYzQ4Njk5ODgzACpHcm91cF9kN2JjZWIwZC00MDJmLTRiOWUtODdhZS01YjE2YWQ3MDE4ODgqR3JvdXBfZDdiY2ViMGQtNDAyZi00YjllLTg3YWUtNWIxNmFkNzAxODg4AAAAAAAAAAAAAAA "HTTP/1.1 200 OK"
INFO:httpx:HTTP Request: GET https://graph.microsoft.com/v1.0/groups?$select=id%2cdisplayName%2cgroupTypes%2csecurityEnabled%2cmailEnabled%2cmembershipRule%2ccreatedDateTime&$top=999&$skiptoken=RFNwdAIAACpHcm91cF9kN2JkMmQzOC03N2I2LTQ5M2YtYjZmMS01ZmY0OTcyMjE4MzcqR3JvdXBfZDdiZDJkMzgtNzdiNi00OTNmLWI2ZjEtNWZmNDk3MjIxODM3ACpHcm91cF9lNGIwMjM0Ni03NmNlLTQ1MTctYjU0NS04YWIxNzkwNjljNGYqR3JvdXBfZTRiMDIzNDYtNzZjZS00NTE3LWI1NDUtOGFiMTc5MDY5YzRmAAAAAAAAAAAAAAA "HTTP/1.1 200 OK"
INFO:httpx:HTTP Request: GET https://graph.microsoft.com/v1.0/groups?$select=id%2cdisplayName%2cgroupTypes%2csecurityEnabled%2cmailEnabled%2cmembershipRule%2ccreatedDateTime&$top=999&$skiptoken=RFNwdAIAACpHcm91cF9lNGJkNDk1MS05MjQzLTQ3MzUtODU4OC0yODFkM2Q4YzZmYzUqR3JvdXBfZTRiZDQ5NTEtOTI0My00NzM1LTg1ODgtMjgxZDNkOGM2ZmM1ACpHcm91cF9mMjI3OGJkZC0zYjlmLTRmMDYtOWM5Ny0yZDQ3M2JlYTE3NjcqR3JvdXBfZjIyNzhiZGQtM2I5Zi00ZjA2LTljOTctMmQ0NzNiZWExNzY3AAAAAAAAAAAAAAA "HTTP/1.1 200 OK"
INFO:httpx:HTTP Request: GET https://graph.microsoft.com/v1.0/groups?$select=id%2cdisplayName%2cgroupTypes%2csecurityEnabled%2cmailEnabled%2cmembershipRule%2ccreatedDateTime&$top=999&$skiptoken=RFNwdAIAACpHcm91cF9mMjJlNGVjMy01NGY1LTRhYzgtOTIyMS1lNjNkNDlhYWE3MTEqR3JvdXBfZjIyZTRlYzMtNTRmNS00YWM4LTkyMjEtZTYzZDQ5YWFhNzExACpHcm91cF9mZjgxZmJhNS1lN2M2LTQ1OWQtOGI0ZS1kNGNlOTBjNzFiMjAqR3JvdXBfZmY4MWZiYTUtZTdjNi00NTlkLThiNGUtZDRjZTkwYzcxYjIwAAAAAAAAAAAAAAA "HTTP/1.1 200 OK"
INFO:httpx:HTTP Request: GET https://graph.microsoft.com/v1.0/applications?%24select=id%2CdisplayName%2CappId%2CcreatedDateTime%2CpasswordCredentials%2CkeyCredentials%2CsignInAudience&%24top=999 "HTTP/1.1 200 OK"
INFO:httpx:HTTP Request: GET https://graph.microsoft.com/v1.0/reports/getMailboxUsageDetail(period='D30') "HTTP/1.1 302 Found"
INFO:httpx:HTTP Request: GET https://reportsncu.office.com/data/v1.0/download?token=eyJhbGciOiJSUzI1NiIsImtpZCI6IkY5QjU0NEU5N0Y1OERGOUM2RUNBQTVERTYyOEQ5RDgwNEE1M0YzRUEiLCJ0eXAiOiJKV1QifQ.eyJ0aWQiOiJjMGQ5YTE1OS0xOGFiLTRjMzEtYTVhNS1mNGQwYjgwNWRlN2QiLCJlbnQiOiJnZXRNYWlsYm94VXNhZ2VEZXRhaWwiLCJhcHAiOiI4NmNkOWVjZi00YTE3LTQ1NGYtYjY5ZC04N2JjNDQ4NGUyZjEiLCJjaWQiOiI4ODNCMTUxODQ1MjQ0Q0UwQTU1NDJBMzAyRDg2NEJDQiIsImd2ZXIiOiJWMSIsImFnZyI6Ik0zMCIsImRhdGUiOiIiLCJ0dmVyIjoiVjEuMCIsInJlcSI6InJlcG9ydHNuY3Uub2ZmaWNlLmNvbSIsInBvciI6IjQ0MyIsIm5iZiI6MTc3ODYyNTg3NywiZXhwIjoxNzc4NjI1OTk3LCJpYXQiOjE3Nzg2MjU4NzcsImlzcyI6IjUwN2JjOWRhLWM0ZTItNDBjYi05NmE3LWFjOTBkZjkyNjg1YyIsImF1ZCI6InJlcG9ydHNuY3Uub2ZmaWNlLmNvbSJ9.bJGrX3xn-A5efYZ78tVY8YNFrHB55FMDgYq3Z5NJa3AJjAYch4maXSlL2gQwb8HqL_avwSzmzMWKnYrS2d7sNIQLM1QA4MBUEfBTgI3M6y076PbEzA32jLPKP5z0cD3-5Rg2GM03n_Ur3XI26_3vGEGcgerb6EKGd-co6kwSp97W1WeQ3kTm-QDADLLNhBdZoiNAz3kiywVeQ1A1nWkDQq5TdR-Z_3vmCoPRbpZbRVfgdsUOJHX--CF2J5OjE6Bpiz64mrS-P81rlvi_c6KG1E7Fajbc47hWz_i6GVM7bOtyhrvWx08M6qB9D-1ovIbrVYPmcg8l5CoU0qgk9Mzo9Q "HTTP/1.1 200 OK"
INFO:httpx:HTTP Request: GET https://graph.microsoft.com/v1.0/identityProtection/riskyUsers?%24filter=riskState+ne+%27dismissed%27+and+riskState+ne+%27remediated%27&%24top=50 "HTTP/1.1 200 OK"
INFO:httpx:HTTP Request: GET https://graph.microsoft.com/v1.0/identityProtection/riskyUsers?$filter=riskState+ne+%27dismissed%27+and+riskState+ne+%27remediated%27&$top=50&$skiptoken=b25dc8c5ddc9e4d4c2f78c895532ca1bd44c633c3e9c36a5ae32f57cb754b2c5_50 "HTTP/1.1 200 OK"
INFO:httpx:HTTP Request: GET https://graph.microsoft.com/v1.0/identityProtection/riskyUsers?$filter=riskState+ne+%27dismissed%27+and+riskState+ne+%27remediated%27&$top=50&$skiptoken=f5466fe606d6eb2096da31b7df87800030c335d9a82cea5481b5b206b00b4731_100 "HTTP/1.1 200 OK"
INFO:httpx:HTTP Request: GET https://graph.microsoft.com/v1.0/identityProtection/riskyUsers?$filter=riskState+ne+%27dismissed%27+and+riskState+ne+%27remediated%27&$top=50&$skiptoken=daa1d6e638699b8393543c18a5d95e780ca78bd1cdfbe41819f2210709a52758_150 "HTTP/1.1 200 OK"
INFO:httpx:HTTP Request: GET https://graph.microsoft.com/v1.0/identityProtection/riskyUsers?$filter=riskState+ne+%27dismissed%27+and+riskState+ne+%27remediated%27&$top=50&$skiptoken=48532368cca2ab6305a08d455509bc825823bab84df6b82b56d5a1ddd2c55075_200 "HTTP/1.1 200 OK"
INFO:httpx:HTTP Request: GET https://graph.microsoft.com/v1.0/identityProtection/riskyUsers?$filter=riskState+ne+%27dismissed%27+and+riskState+ne+%27remediated%27&$top=50&$skiptoken=2a1a546cff2d8583644ec352c9dbe77aa7fbf4cd1101928b105352ce99274d17_250 "HTTP/1.1 200 OK"
INFO:httpx:HTTP Request: GET https://graph.microsoft.com/v1.0/identityProtection/riskyUsers?$filter=riskState+ne+%27dismissed%27+and+riskState+ne+%27remediated%27&$top=50&$skiptoken=ceb80fceed721448bb58ab6fa889d94f1e9a9482a372a7539d2b152e21e7d366_300 "HTTP/1.1 200 OK"
INFO:httpx:HTTP Request: GET https://graph.microsoft.com/v1.0/identityProtection/riskyUsers?$filter=riskState+ne+%27dismissed%27+and+riskState+ne+%27remediated%27&$top=50&$skiptoken=45716480b8864a27b9fa459957513bd47942abb343e15d0aa83a518805e08496_350 "HTTP/1.1 200 OK"
INFO:httpx:HTTP Request: GET https://graph.microsoft.com/v1.0/identityProtection/riskyUsers?$filter=riskState+ne+%27dismissed%27+and+riskState+ne+%27remediated%27&$top=50&$skiptoken=0d5d45bf756d05ccd6d144202344a53c5bf1e9839b8cf47e97c67d2fbf8c6287_400 "HTTP/1.1 200 OK"
INFO:httpx:HTTP Request: GET https://graph.microsoft.com/v1.0/identityProtection/riskyUsers?$filter=riskState+ne+%27dismissed%27+and+riskState+ne+%27remediated%27&$top=50&$skiptoken=a3d6ada2ad8a8d670d75e5520c3d3887064bc0391d484fbc962920535de8269d_450 "HTTP/1.1 200 OK"
INFO:httpx:HTTP Request: GET https://graph.microsoft.com/v1.0/identityProtection/riskyUsers?$filter=riskState+ne+%27dismissed%27+and+riskState+ne+%27remediated%27&$top=50&$skiptoken=f23abe2431fa771fd3a0c207c861ec578f384174d38ec1487578300db014c2cd_500 "HTTP/1.1 200 OK"
INFO:httpx:HTTP Request: GET https://graph.microsoft.com/v1.0/identityProtection/riskyUsers?$filter=riskState+ne+%27dismissed%27+and+riskState+ne+%27remediated%27&$top=50&$skiptoken=d04a3430e0b0ef32dd6fdcab0874146bfddea7c36ffcc38186564f6e1d509928_550 "HTTP/1.1 200 OK"
INFO:httpx:HTTP Request: GET https://graph.microsoft.com/v1.0/identity/conditionalAccess/policies "HTTP/1.1 200 OK"
INFO:routers.entra:Entra refresh complete: {'licenses': 38, 'users': 12608, 'groups': 19023, 'apps': 356, 'mailbox': 5041, 'risky': 584, 'ca_policies': 25}
INFO:routers.scheduler:Scheduler: Entra refresh complete: {'licenses': 38, 'users': 12608, 'groups': 19023, 'apps': 356, 'mailbox': 5041, 'risky': 584, 'ca_policies': 25}
INFO:apscheduler.executors.default:Job "job_entra_refresh (trigger: interval[1:00:00], next run at: 2026-05-12 18:43:32 CDT)" executed successfully
INFO:apscheduler.executors.default:Running job "job_opmanager_alerts (trigger: interval[0:05:00], next run at: 2026-05-12 17:53:32 CDT)" (scheduled at 2026-05-12 17:48:32.794473-05:00)
INFO:routers.scheduler:Scheduler: Refreshing OpManager alerts...
INFO:routers.scheduler:Scheduler: OpManager alerts updated. Count: 8823
INFO:routers.jira:Jira bulk prefetch: fetched 100 tickets so far
INFO:routers.jira:Jira bulk prefetch: fetched 200 tickets so far
INFO:routers.jira:Jira bulk prefetch: fetched 300 tickets so far
INFO:routers.jira:Jira bulk prefetch: fetched 400 tickets so far
INFO:routers.jira:Jira bulk prefetch: fetched 500 tickets so far
INFO:routers.jira:Jira bulk prefetch: fetched 600 tickets so far
INFO:routers.jira:Jira bulk prefetch: fetched 700 tickets so far
INFO:routers.jira:Jira bulk prefetch: fetched 800 tickets so far
INFO:routers.jira:Jira bulk prefetch: fetched 900 tickets so far
INFO:routers.jira:Jira bulk prefetch: fetched 1000 tickets so far
INFO:routers.jira:Jira bulk prefetch: fetched 1100 tickets so far
INFO:routers.jira:Jira bulk prefetch: fetched 1200 tickets so far
INFO:routers.jira:Jira bulk prefetch: fetched 1300 tickets so far
INFO:routers.jira:Jira bulk prefetch: fetched 1391 tickets so far
INFO:routers.jira:Jira bulk prefetch: 1391 tickets indexed, 2223 words
INFO:routers.scheduler:Scheduler: Jira prefetch complete. 1391 ticket(s) fetched. 15/477 device(s) have open tickets.
INFO:apscheduler.executors.default:Job "job_opmanager_alerts (trigger: interval[0:05:00], next run at: 2026-05-12 17:53:32 CDT)" executed successfully
INFO:apscheduler.executors.default:Running job "job_opmanager_alerts (trigger: interval[0:05:00], next run at: 2026-05-12 17:58:32 CDT)" (scheduled at 2026-05-12 17:53:32.794473-05:00)
INFO:routers.scheduler:Scheduler: Refreshing OpManager alerts...
INFO:routers.scheduler:Scheduler: OpManager alerts updated. Count: 8823
INFO:routers.jira:Jira bulk prefetch: fetched 100 tickets so far
INFO:routers.jira:Jira bulk prefetch: fetched 200 tickets so far
INFO:routers.jira:Jira bulk prefetch: fetched 300 tickets so far
INFO:routers.jira:Jira bulk prefetch: fetched 400 tickets so far
INFO:routers.jira:Jira bulk prefetch: fetched 500 tickets so far
INFO:routers.jira:Jira bulk prefetch: fetched 600 tickets so far
INFO:routers.jira:Jira bulk prefetch: fetched 700 tickets so far
INFO:routers.jira:Jira bulk prefetch: fetched 800 tickets so far
INFO:routers.jira:Jira bulk prefetch: fetched 900 tickets so far
INFO:routers.jira:Jira bulk prefetch: fetched 1000 tickets so far
INFO:routers.jira:Jira bulk prefetch: fetched 1100 tickets so far
INFO:routers.jira:Jira bulk prefetch: fetched 1200 tickets so far
INFO:routers.jira:Jira bulk prefetch: fetched 1300 tickets so far
INFO:routers.jira:Jira bulk prefetch: fetched 1391 tickets so far
INFO:routers.jira:Jira bulk prefetch: 1391 tickets indexed, 2223 words
INFO:routers.scheduler:Scheduler: Jira prefetch complete. 1391 ticket(s) fetched. 14/475 device(s) have open tickets.
INFO:apscheduler.executors.default:Job "job_opmanager_alerts (trigger: interval[0:05:00], next run at: 2026-05-12 17:58:32 CDT)" executed successfully
INFO:apscheduler.executors.default:Running job "job_opmanager_alerts (trigger: interval[0:05:00], next run at: 2026-05-12 18:03:32 CDT)" (scheduled at 2026-05-12 17:58:32.794473-05:00)
INFO:apscheduler.executors.default:Running job "job_opmanager_devices (trigger: interval[0:15:00], next run at: 2026-05-12 18:13:32 CDT)" (scheduled at 2026-05-12 17:58:32.794516-05:00)
INFO:apscheduler.executors.default:Running job "job_citrix_power_unknown_check (trigger: interval[0:15:00], next run at: 2026-05-12 18:13:32 CDT)" (scheduled at 2026-05-12 17:58:32.795007-05:00)
INFO:apscheduler.executors.default:Running job "job_meraki_refresh (trigger: interval[0:15:00], next run at: 2026-05-12 18:13:32 CDT)" (scheduled at 2026-05-12 17:58:32.795181-05:00)
INFO:apscheduler.executors.default:Running job "job_findings (trigger: interval[0:15:00], next run at: 2026-05-12 18:13:32 CDT)" (scheduled at 2026-05-12 17:58:32.795375-05:00)
INFO:routers.scheduler:Scheduler: Refreshing OpManager alerts...
INFO:routers.scheduler:Scheduler: Refreshing OpManager devices...
INFO:routers.scheduler:Scheduler: Checking Citrix machine power states for unknowns...
INFO:routers.scheduler:Scheduler: Refreshing Meraki data...
INFO:routers.meraki:Meraki refresh: starting...
INFO:routers.scheduler:Scheduler: Power check complete. New unknowns: 0, Recovered: 0, Notified teams: none
INFO:apscheduler.executors.default:Job "job_citrix_power_unknown_check (trigger: interval[0:15:00], next run at: 2026-05-12 18:13:32 CDT)" executed successfully
INFO:routers.findings:findings: refreshed — 36 total
INFO:routers.scheduler:Scheduler: findings refreshed — 36 findings
INFO:apscheduler.executors.default:Job "job_findings (trigger: interval[0:15:00], next run at: 2026-05-12 18:13:32 CDT)" executed successfully
INFO:routers.meraki:Meraki: fetched 11 networks across 2 orgs.
INFO:routers.meraki:Meraki: fetched 215 devices.
INFO:routers.meraki:Meraki: fetched uplinks for 19 appliances.
INFO:routers.scheduler:Scheduler: OpManager devices updated.
INFO:apscheduler.executors.default:Job "job_opmanager_devices (trigger: interval[0:15:00], next run at: 2026-05-12 18:13:32 CDT)" executed successfully
INFO:routers.meraki:Meraki: fetched 918 clients.
INFO:routers.meraki:Meraki refresh complete. 11 networks, 215 devices, 19 uplink appliances, 918 recent clients.
INFO:apscheduler.executors.default:Job "job_meraki_refresh (trigger: interval[0:15:00], next run at: 2026-05-12 18:13:32 CDT)" executed successfully
INFO:routers.scheduler:Scheduler: OpManager alerts updated. Count: 8823
INFO:routers.jira:Jira bulk prefetch: fetched 100 tickets so far
INFO:routers.jira:Jira bulk prefetch: fetched 200 tickets so far
INFO:routers.jira:Jira bulk prefetch: fetched 300 tickets so far
INFO:routers.jira:Jira bulk prefetch: fetched 400 tickets so far
INFO:routers.jira:Jira bulk prefetch: fetched 500 tickets so far
INFO:routers.jira:Jira bulk prefetch: fetched 600 tickets so far
INFO:routers.jira:Jira bulk prefetch: fetched 700 tickets so far
INFO:routers.jira:Jira bulk prefetch: fetched 800 tickets so far
INFO:routers.jira:Jira bulk prefetch: fetched 900 tickets so far
INFO:routers.jira:Jira bulk prefetch: fetched 1000 tickets so far
INFO:routers.jira:Jira bulk prefetch: fetched 1100 tickets so far
INFO:routers.jira:Jira bulk prefetch: fetched 1200 tickets so far
INFO:routers.jira:Jira bulk prefetch: fetched 1300 tickets so far
INFO:routers.jira:Jira bulk prefetch: fetched 1391 tickets so far
INFO:routers.jira:Jira bulk prefetch: 1391 tickets indexed, 2223 words
INFO:routers.scheduler:Scheduler: Jira prefetch complete. 1391 ticket(s) fetched. 14/475 device(s) have open tickets.
INFO:apscheduler.executors.default:Job "job_opmanager_alerts (trigger: interval[0:05:00], next run at: 2026-05-12 18:03:32 CDT)" executed successfully
INFO:apscheduler.executors.default:Running job "job_opmanager_alerts (trigger: interval[0:05:00], next run at: 2026-05-12 18:08:32 CDT)" (scheduled at 2026-05-12 18:03:32.794473-05:00)
INFO:routers.scheduler:Scheduler: Refreshing OpManager alerts...
INFO:routers.scheduler:Scheduler: OpManager alerts updated. Count: 8823
INFO:routers.jira:Jira bulk prefetch: fetched 100 tickets so far
INFO:routers.jira:Jira bulk prefetch: fetched 200 tickets so far
INFO:routers.jira:Jira bulk prefetch: fetched 300 tickets so far
INFO:routers.jira:Jira bulk prefetch: fetched 400 tickets so far
INFO:routers.jira:Jira bulk prefetch: fetched 500 tickets so far
INFO:routers.jira:Jira bulk prefetch: fetched 600 tickets so far
INFO:routers.jira:Jira bulk prefetch: fetched 700 tickets so far
INFO:routers.jira:Jira bulk prefetch: fetched 800 tickets so far
INFO:routers.jira:Jira bulk prefetch: fetched 900 tickets so far
INFO:routers.jira:Jira bulk prefetch: fetched 1000 tickets so far
INFO:routers.jira:Jira bulk prefetch: fetched 1100 tickets so far
INFO:routers.jira:Jira bulk prefetch: fetched 1200 tickets so far
INFO:routers.jira:Jira bulk prefetch: fetched 1300 tickets so far
INFO:routers.jira:Jira bulk prefetch: fetched 1392 tickets so far
INFO:routers.jira:Jira bulk prefetch: 1392 tickets indexed, 2225 words
INFO:routers.scheduler:Scheduler: Jira prefetch complete. 1392 ticket(s) fetched. 14/475 device(s) have open tickets.
INFO:apscheduler.executors.default:Job "job_opmanager_alerts (trigger: interval[0:05:00], next run at: 2026-05-12 18:08:32 CDT)" executed successfully
INFO:apscheduler.executors.default:Running job "job_opmanager_alerts (trigger: interval[0:05:00], next run at: 2026-05-12 18:13:32 CDT)" (scheduled at 2026-05-12 18:08:32.794473-05:00)
INFO:routers.scheduler:Scheduler: Refreshing OpManager alerts...
INFO:routers.scheduler:Scheduler: OpManager alerts updated. Count: 8823
INFO:routers.jira:Jira bulk prefetch: fetched 100 tickets so far
INFO:routers.jira:Jira bulk prefetch: fetched 200 tickets so far
INFO:routers.jira:Jira bulk prefetch: fetched 300 tickets so far
INFO:routers.jira:Jira bulk prefetch: fetched 400 tickets so far
INFO:routers.jira:Jira bulk prefetch: fetched 500 tickets so far
INFO:routers.jira:Jira bulk prefetch: fetched 600 tickets so far
INFO:routers.jira:Jira bulk prefetch: fetched 700 tickets so far
INFO:routers.jira:Jira bulk prefetch: fetched 800 tickets so far
INFO:routers.jira:Jira bulk prefetch: fetched 900 tickets so far
INFO:routers.jira:Jira bulk prefetch: fetched 1000 tickets so far
INFO:routers.jira:Jira bulk prefetch: fetched 1100 tickets so far
INFO:routers.jira:Jira bulk prefetch: fetched 1200 tickets so far
INFO:routers.jira:Jira bulk prefetch: fetched 1300 tickets so far
INFO:routers.jira:Jira bulk prefetch: fetched 1392 tickets so far
INFO:routers.jira:Jira bulk prefetch: 1392 tickets indexed, 2225 words
INFO:routers.scheduler:Scheduler: Jira prefetch complete. 1392 ticket(s) fetched. 14/474 device(s) have open tickets.
INFO:apscheduler.executors.default:Job "job_opmanager_alerts (trigger: interval[0:05:00], next run at: 2026-05-12 18:13:32 CDT)" executed successfully
INFO:apscheduler.executors.default:Running job "job_basic_vms (trigger: interval[0:30:00], next run at: 2026-05-12 18:43:32 CDT)" (scheduled at 2026-05-12 18:13:32.794019-05:00)
INFO:apscheduler.executors.default:Running job "job_basic_hosts (trigger: interval[0:30:00], next run at: 2026-05-12 18:43:32 CDT)" (scheduled at 2026-05-12 18:13:32.794166-05:00)
INFO:apscheduler.executors.default:Running job "job_opmanager_alerts (trigger: interval[0:05:00], next run at: 2026-05-12 18:18:32 CDT)" (scheduled at 2026-05-12 18:13:32.794473-05:00)
INFO:apscheduler.executors.default:Running job "job_opmanager_devices (trigger: interval[0:15:00], next run at: 2026-05-12 18:28:32 CDT)" (scheduled at 2026-05-12 18:13:32.794516-05:00)
INFO:apscheduler.executors.default:Running job "job_jira_prefetch (trigger: interval[0:30:00], next run at: 2026-05-12 18:43:32 CDT)" (scheduled at 2026-05-12 18:13:32.794562-05:00)
INFO:apscheduler.executors.default:Running job "job_citrix_power_unknown_check (trigger: interval[0:15:00], next run at: 2026-05-12 18:28:32 CDT)" (scheduled at 2026-05-12 18:13:32.795007-05:00)
INFO:apscheduler.executors.default:Running job "job_meraki_refresh (trigger: interval[0:15:00], next run at: 2026-05-12 18:28:32 CDT)" (scheduled at 2026-05-12 18:13:32.795181-05:00)
INFO:apscheduler.executors.default:Running job "job_findings (trigger: interval[0:15:00], next run at: 2026-05-12 18:28:32 CDT)" (scheduled at 2026-05-12 18:13:32.795375-05:00)
INFO:routers.scheduler:Scheduler: Refreshing basic VM list...
INFO:routers.scheduler:Scheduler: Refreshing basic host list...
INFO:routers.scheduler:Scheduler: Refreshing OpManager alerts...
INFO:routers.scheduler:Scheduler: Refreshing OpManager devices...
INFO:routers.scheduler:Scheduler: Checking Citrix machine power states for unknowns...
INFO:routers.scheduler:Scheduler: Refreshing Meraki data...
INFO:routers.meraki:Meraki refresh: starting...
INFO:routers.scheduler:Scheduler: Power check complete. New unknowns: 0, Recovered: 0, Notified teams: none
INFO:apscheduler.executors.default:Job "job_citrix_power_unknown_check (trigger: interval[0:15:00], next run at: 2026-05-12 18:28:32 CDT)" executed successfully
INFO:routers.findings:findings: refreshed — 36 total
INFO:routers.scheduler:Scheduler: findings refreshed — 36 findings
INFO:apscheduler.executors.default:Job "job_findings (trigger: interval[0:15:00], next run at: 2026-05-12 18:28:32 CDT)" executed successfully
INFO:routers.jira:Jira bulk prefetch: fetched 100 tickets so far
INFO:routers.meraki:Meraki: fetched 11 networks across 2 orgs.
INFO:routers.jira:Jira bulk prefetch: fetched 200 tickets so far
INFO:routers.jira:Jira bulk prefetch: fetched 300 tickets so far
INFO:routers.jira:Jira bulk prefetch: fetched 400 tickets so far
INFO:routers.meraki:Meraki: fetched 215 devices.
INFO:routers.jira:Jira bulk prefetch: fetched 500 tickets so far
INFO:routers.jira:Jira bulk prefetch: fetched 600 tickets so far
INFO:routers.meraki:Meraki: fetched uplinks for 19 appliances.
INFO:routers.jira:Jira bulk prefetch: fetched 700 tickets so far
INFO:routers.jira:Jira bulk prefetch: fetched 800 tickets so far
INFO:routers.jira:Jira bulk prefetch: fetched 900 tickets so far
INFO:routers.jira:Jira bulk prefetch: fetched 1000 tickets so far
INFO:routers.jira:Jira bulk prefetch: fetched 1100 tickets so far
INFO:routers.jira:Jira bulk prefetch: fetched 1200 tickets so far
INFO:routers.jira:Jira bulk prefetch: fetched 1300 tickets so far
INFO:routers.jira:Jira bulk prefetch: fetched 1392 tickets so far
INFO:routers.jira:Jira bulk prefetch: 1392 tickets indexed, 2225 words
INFO:routers.scheduler:Scheduler: Jira prefetch complete. 1392 ticket(s) fetched. 14/474 device(s) have open tickets.
INFO:apscheduler.executors.default:Job "job_jira_prefetch (trigger: interval[0:30:00], next run at: 2026-05-12 18:43:32 CDT)" executed successfully
INFO:routers.scheduler:Scheduler: OpManager devices updated.
INFO:apscheduler.executors.default:Job "job_opmanager_devices (trigger: interval[0:15:00], next run at: 2026-05-12 18:28:32 CDT)" executed successfully
INFO:routers.meraki:Meraki: fetched 749 clients.
INFO:routers.meraki:Meraki refresh complete. 11 networks, 215 devices, 19 uplink appliances, 749 recent clients.
INFO:apscheduler.executors.default:Job "job_meraki_refresh (trigger: interval[0:15:00], next run at: 2026-05-12 18:28:32 CDT)" executed successfully
INFO:routers.scheduler:Scheduler: OpManager alerts updated. Count: 8874
INFO:routers.scheduler:Scheduler: Basic VM list updated.
INFO:apscheduler.executors.default:Job "job_basic_vms (trigger: interval[0:30:00], next run at: 2026-05-12 18:43:32 CDT)" executed successfully
INFO:routers.scheduler:Scheduler: Basic host list updated.
INFO:apscheduler.executors.default:Job "job_basic_hosts (trigger: interval[0:30:00], next run at: 2026-05-12 18:43:32 CDT)" executed successfully
INFO:routers.jira:Jira bulk prefetch: fetched 100 tickets so far
INFO:routers.jira:Jira bulk prefetch: fetched 200 tickets so far
INFO:routers.jira:Jira bulk prefetch: fetched 300 tickets so far
INFO:routers.jira:Jira bulk prefetch: fetched 400 tickets so far
INFO:routers.jira:Jira bulk prefetch: fetched 500 tickets so far
INFO:routers.jira:Jira bulk prefetch: fetched 600 tickets so far
INFO:routers.jira:Jira bulk prefetch: fetched 700 tickets so far
INFO:routers.jira:Jira bulk prefetch: fetched 800 tickets so far
INFO:routers.jira:Jira bulk prefetch: fetched 900 tickets so far
INFO:routers.jira:Jira bulk prefetch: fetched 1000 tickets so far
INFO:routers.jira:Jira bulk prefetch: fetched 1100 tickets so far
INFO:routers.jira:Jira bulk prefetch: fetched 1200 tickets so far
INFO:routers.jira:Jira bulk prefetch: fetched 1300 tickets so far
INFO:routers.jira:Jira bulk prefetch: fetched 1392 tickets so far
INFO:routers.jira:Jira bulk prefetch: 1392 tickets indexed, 2225 words
INFO:routers.scheduler:Scheduler: Jira prefetch complete. 1392 ticket(s) fetched. 14/477 device(s) have open tickets.
INFO:apscheduler.executors.default:Job "job_opmanager_alerts (trigger: interval[0:05:00], next run at: 2026-05-12 18:18:32 CDT)" executed successfully
INFO:apscheduler.executors.default:Running job "job_opmanager_alerts (trigger: interval[0:05:00], next run at: 2026-05-12 18:23:32 CDT)" (scheduled at 2026-05-12 18:18:32.794473-05:00)
INFO:routers.scheduler:Scheduler: Refreshing OpManager alerts...
INFO:routers.scheduler:Scheduler: OpManager alerts updated. Count: 8874
INFO:routers.jira:Jira bulk prefetch: fetched 100 tickets so far
INFO:routers.jira:Jira bulk prefetch: fetched 200 tickets so far
INFO:routers.jira:Jira bulk prefetch: fetched 300 tickets so far
INFO:routers.jira:Jira bulk prefetch: fetched 400 tickets so far
INFO:routers.jira:Jira bulk prefetch: fetched 500 tickets so far
INFO:routers.jira:Jira bulk prefetch: fetched 600 tickets so far
INFO:routers.jira:Jira bulk prefetch: fetched 700 tickets so far
INFO:routers.jira:Jira bulk prefetch: fetched 800 tickets so far
INFO:routers.jira:Jira bulk prefetch: fetched 900 tickets so far
INFO:routers.jira:Jira bulk prefetch: fetched 1000 tickets so far
INFO:routers.jira:Jira bulk prefetch: fetched 1100 tickets so far
INFO:routers.jira:Jira bulk prefetch: fetched 1200 tickets so far
INFO:routers.jira:Jira bulk prefetch: fetched 1300 tickets so far
INFO:routers.jira:Jira bulk prefetch: fetched 1392 tickets so far
INFO:routers.jira:Jira bulk prefetch: 1392 tickets indexed, 2225 words
INFO:routers.scheduler:Scheduler: Jira prefetch complete. 1392 ticket(s) fetched. 14/477 device(s) have open tickets.
INFO:apscheduler.executors.default:Job "job_opmanager_alerts (trigger: interval[0:05:00], next run at: 2026-05-12 18:23:32 CDT)" executed successfully
INFO:apscheduler.executors.default:Running job "job_opmanager_alerts (trigger: interval[0:05:00], next run at: 2026-05-12 18:28:32 CDT)" (scheduled at 2026-05-12 18:23:32.794473-05:00)
INFO:routers.scheduler:Scheduler: Refreshing OpManager alerts...
INFO:routers.scheduler:Scheduler: OpManager alerts updated. Count: 8874
INFO:routers.jira:Jira bulk prefetch: fetched 100 tickets so far
INFO:routers.jira:Jira bulk prefetch: fetched 200 tickets so far
INFO:routers.jira:Jira bulk prefetch: fetched 300 tickets so far
INFO:routers.jira:Jira bulk prefetch: fetched 400 tickets so far
INFO:routers.jira:Jira bulk prefetch: fetched 500 tickets so far
INFO:routers.jira:Jira bulk prefetch: fetched 600 tickets so far
INFO:routers.jira:Jira bulk prefetch: fetched 700 tickets so far
INFO:routers.jira:Jira bulk prefetch: fetched 800 tickets so far
INFO:routers.jira:Jira bulk prefetch: fetched 900 tickets so far
INFO:routers.jira:Jira bulk prefetch: fetched 1000 tickets so far
INFO:routers.jira:Jira bulk prefetch: fetched 1100 tickets so far
INFO:routers.jira:Jira bulk prefetch: fetched 1200 tickets so far
INFO:routers.jira:Jira bulk prefetch: fetched 1300 tickets so far
INFO:routers.jira:Jira bulk prefetch: fetched 1392 tickets so far
INFO:routers.jira:Jira bulk prefetch: 1392 tickets indexed, 2225 words
INFO:routers.scheduler:Scheduler: Jira prefetch complete. 1392 ticket(s) fetched. 14/476 device(s) have open tickets.
INFO:apscheduler.executors.default:Job "job_opmanager_alerts (trigger: interval[0:05:00], next run at: 2026-05-12 18:28:32 CDT)" executed successfully
INFO:apscheduler.executors.default:Running job "job_opmanager_alerts (trigger: interval[0:05:00], next run at: 2026-05-12 18:33:32 CDT)" (scheduled at 2026-05-12 18:28:32.794473-05:00)
INFO:apscheduler.executors.default:Running job "job_opmanager_devices (trigger: interval[0:15:00], next run at: 2026-05-12 18:43:32 CDT)" (scheduled at 2026-05-12 18:28:32.794516-05:00)
INFO:apscheduler.executors.default:Running job "job_citrix_power_unknown_check (trigger: interval[0:15:00], next run at: 2026-05-12 18:43:32 CDT)" (scheduled at 2026-05-12 18:28:32.795007-05:00)
INFO:apscheduler.executors.default:Running job "job_meraki_refresh (trigger: interval[0:15:00], next run at: 2026-05-12 18:43:32 CDT)" (scheduled at 2026-05-12 18:28:32.795181-05:00)
INFO:apscheduler.executors.default:Running job "job_findings (trigger: interval[0:15:00], next run at: 2026-05-12 18:43:32 CDT)" (scheduled at 2026-05-12 18:28:32.795375-05:00)
INFO:routers.scheduler:Scheduler: Refreshing OpManager alerts...
INFO:routers.scheduler:Scheduler: Refreshing OpManager devices...
INFO:routers.scheduler:Scheduler: Checking Citrix machine power states for unknowns...
INFO:routers.scheduler:Scheduler: Refreshing Meraki data...
INFO:routers.scheduler:Scheduler: Power check complete. New unknowns: 0, Recovered: 0, Notified teams: none
INFO:apscheduler.executors.default:Job "job_citrix_power_unknown_check (trigger: interval[0:15:00], next run at: 2026-05-12 18:43:32 CDT)" executed successfully
INFO:routers.meraki:Meraki refresh: starting...
INFO:routers.findings:findings: refreshed — 36 total
INFO:routers.scheduler:Scheduler: findings refreshed — 36 findings
INFO:apscheduler.executors.default:Job "job_findings (trigger: interval[0:15:00], next run at: 2026-05-12 18:43:32 CDT)" executed successfully
INFO:routers.meraki:Meraki: fetched 11 networks across 2 orgs.
INFO:routers.meraki:Meraki: fetched 215 devices.
INFO:routers.meraki:Meraki: fetched uplinks for 19 appliances.
INFO:routers.meraki:Meraki: fetched 678 clients.
INFO:routers.meraki:Meraki refresh complete. 11 networks, 215 devices, 19 uplink appliances, 678 recent clients.
INFO:apscheduler.executors.default:Job "job_meraki_refresh (trigger: interval[0:15:00], next run at: 2026-05-12 18:43:32 CDT)" executed successfully
ERROR:routers.scheduler:Scheduler: OpManager devices error: database is locked
INFO:apscheduler.executors.default:Job "job_opmanager_devices (trigger: interval[0:15:00], next run at: 2026-05-12 18:43:32 CDT)" executed successfully
INFO:routers.scheduler:Scheduler: OpManager alerts updated. Count: 8874
INFO:routers.jira:Jira bulk prefetch: fetched 100 tickets so far
INFO:routers.jira:Jira bulk prefetch: fetched 200 tickets so far
INFO:routers.jira:Jira bulk prefetch: fetched 300 tickets so far
INFO:routers.jira:Jira bulk prefetch: fetched 400 tickets so far
INFO:routers.jira:Jira bulk prefetch: fetched 500 tickets so far
INFO:routers.jira:Jira bulk prefetch: fetched 600 tickets so far
INFO:routers.jira:Jira bulk prefetch: fetched 700 tickets so far
INFO:routers.jira:Jira bulk prefetch: fetched 800 tickets so far
INFO:routers.jira:Jira bulk prefetch: fetched 900 tickets so far
INFO:routers.jira:Jira bulk prefetch: fetched 1000 tickets so far
INFO:routers.jira:Jira bulk prefetch: fetched 1100 tickets so far
INFO:routers.jira:Jira bulk prefetch: fetched 1200 tickets so far
INFO:routers.jira:Jira bulk prefetch: fetched 1300 tickets so far
INFO:routers.jira:Jira bulk prefetch: fetched 1392 tickets so far
INFO:routers.jira:Jira bulk prefetch: 1392 tickets indexed, 2225 words
INFO:routers.scheduler:Scheduler: Jira prefetch complete. 1392 ticket(s) fetched. 14/474 device(s) have open tickets.
INFO:apscheduler.executors.default:Job "job_opmanager_alerts (trigger: interval[0:05:00], next run at: 2026-05-12 18:33:32 CDT)" executed successfully
INFO:apscheduler.executors.default:Running job "job_opmanager_alerts (trigger: interval[0:05:00], next run at: 2026-05-12 18:38:32 CDT)" (scheduled at 2026-05-12 18:33:32.794473-05:00)
INFO:routers.scheduler:Scheduler: Refreshing OpManager alerts...
INFO:routers.scheduler:Scheduler: OpManager alerts updated. Count: 8874
INFO:routers.jira:Jira bulk prefetch: fetched 100 tickets so far
INFO:routers.jira:Jira bulk prefetch: fetched 200 tickets so far
INFO:routers.jira:Jira bulk prefetch: fetched 300 tickets so far
INFO:routers.jira:Jira bulk prefetch: fetched 400 tickets so far
INFO:routers.jira:Jira bulk prefetch: fetched 500 tickets so far
INFO:routers.jira:Jira bulk prefetch: fetched 600 tickets so far
INFO:routers.jira:Jira bulk prefetch: fetched 700 tickets so far
INFO:routers.jira:Jira bulk prefetch: fetched 800 tickets so far
INFO:routers.jira:Jira bulk prefetch: fetched 900 tickets so far
INFO:routers.jira:Jira bulk prefetch: fetched 1000 tickets so far
INFO:routers.jira:Jira bulk prefetch: fetched 1100 tickets so far
INFO:routers.jira:Jira bulk prefetch: fetched 1200 tickets so far
INFO:routers.jira:Jira bulk prefetch: fetched 1300 tickets so far
INFO:routers.jira:Jira bulk prefetch: fetched 1392 tickets so far
INFO:routers.jira:Jira bulk prefetch: 1392 tickets indexed, 2225 words
INFO:routers.scheduler:Scheduler: Jira prefetch complete. 1392 ticket(s) fetched. 14/472 device(s) have open tickets.
INFO:apscheduler.executors.default:Job "job_opmanager_alerts (trigger: interval[0:05:00], next run at: 2026-05-12 18:38:32 CDT)" executed successfully
INFO:apscheduler.executors.default:Running job "job_opmanager_alerts (trigger: interval[0:05:00], next run at: 2026-05-12 18:43:32 CDT)" (scheduled at 2026-05-12 18:38:32.794473-05:00)
INFO:routers.scheduler:Scheduler: Refreshing OpManager alerts...
INFO:routers.scheduler:Scheduler: OpManager alerts updated. Count: 8874
INFO:routers.jira:Jira bulk prefetch: fetched 100 tickets so far
INFO:routers.jira:Jira bulk prefetch: fetched 200 tickets so far
INFO:routers.jira:Jira bulk prefetch: fetched 300 tickets so far
INFO:routers.jira:Jira bulk prefetch: fetched 400 tickets so far
INFO:routers.jira:Jira bulk prefetch: fetched 500 tickets so far
INFO:routers.jira:Jira bulk prefetch: fetched 600 tickets so far
INFO:routers.jira:Jira bulk prefetch: fetched 700 tickets so far
INFO:routers.jira:Jira bulk prefetch: fetched 800 tickets so far
INFO:routers.jira:Jira bulk prefetch: fetched 900 tickets so far
INFO:routers.jira:Jira bulk prefetch: fetched 1000 tickets so far
INFO:routers.jira:Jira bulk prefetch: fetched 1100 tickets so far
INFO:routers.jira:Jira bulk prefetch: fetched 1200 tickets so far
INFO:routers.jira:Jira bulk prefetch: fetched 1300 tickets so far
INFO:routers.jira:Jira bulk prefetch: fetched 1392 tickets so far
INFO:routers.jira:Jira bulk prefetch: 1392 tickets indexed, 2225 words
INFO:routers.scheduler:Scheduler: Jira prefetch complete. 1392 ticket(s) fetched. 14/473 device(s) have open tickets.
INFO:apscheduler.executors.default:Job "job_opmanager_alerts (trigger: interval[0:05:00], next run at: 2026-05-12 18:43:32 CDT)" executed successfully
INFO:apscheduler.executors.default:Running job "job_basic_vms (trigger: interval[0:30:00], next run at: 2026-05-12 19:13:32 CDT)" (scheduled at 2026-05-12 18:43:32.794019-05:00)
INFO:apscheduler.executors.default:Running job "job_basic_hosts (trigger: interval[0:30:00], next run at: 2026-05-12 19:13:32 CDT)" (scheduled at 2026-05-12 18:43:32.794166-05:00)
INFO:apscheduler.executors.default:Running job "job_detailed_vms (trigger: interval[2:00:00], next run at: 2026-05-12 20:43:32 CDT)" (scheduled at 2026-05-12 18:43:32.794243-05:00)
INFO:apscheduler.executors.default:Running job "job_disk_snapshots (trigger: interval[2:00:00], next run at: 2026-05-12 20:43:32 CDT)" (scheduled at 2026-05-12 18:43:32.794306-05:00)
INFO:apscheduler.executors.default:Running job "job_detailed_hosts (trigger: interval[2:00:00], next run at: 2026-05-12 20:43:32 CDT)" (scheduled at 2026-05-12 18:43:32.794428-05:00)
INFO:apscheduler.executors.default:Running job "job_opmanager_alerts (trigger: interval[0:05:00], next run at: 2026-05-12 18:48:32 CDT)" (scheduled at 2026-05-12 18:43:32.794473-05:00)
INFO:apscheduler.executors.default:Running job "job_opmanager_devices (trigger: interval[0:15:00], next run at: 2026-05-12 18:58:32 CDT)" (scheduled at 2026-05-12 18:43:32.794516-05:00)
INFO:apscheduler.executors.default:Running job "job_jira_prefetch (trigger: interval[0:30:00], next run at: 2026-05-12 19:13:32 CDT)" (scheduled at 2026-05-12 18:43:32.794562-05:00)
INFO:apscheduler.executors.default:Running job "job_ad_reports (trigger: interval[6:00:00], next run at: 2026-05-13 00:43:32 CDT)" (scheduled at 2026-05-12 18:43:32.794683-05:00)
INFO:apscheduler.executors.default:Running job "job_citrix_summary (trigger: interval[1:00:00], next run at: 2026-05-12 19:43:32 CDT)" (scheduled at 2026-05-12 18:43:32.794960-05:00)
INFO:routers.scheduler:Scheduler: Refreshing basic VM list...
INFO:routers.scheduler:Scheduler: Refreshing basic host list...
INFO:routers.scheduler:Scheduler: Refreshing detailed VM data...
INFO:routers.scheduler:Scheduler: Refreshing disk snapshots...
INFO:routers.scheduler:Scheduler: Refreshing detailed host data...
INFO:routers.scheduler:Scheduler: Refreshing OpManager alerts...
INFO:routers.scheduler:Scheduler: Refreshing OpManager devices...
INFO:routers.scheduler:Scheduler: Refreshing AD detail reports...
INFO:routers.scheduler:Scheduler: Refreshing Citrix summary...
INFO:routers.jira:Jira bulk prefetch: fetched 100 tickets so far
INFO:routers.jira:Jira bulk prefetch: fetched 200 tickets so far
INFO:routers.jira:Jira bulk prefetch: fetched 300 tickets so far
INFO:routers.jira:Jira bulk prefetch: fetched 400 tickets so far
INFO:routers.jira:Jira bulk prefetch: fetched 500 tickets so far
INFO:routers.scheduler:Scheduler: OpManager devices updated.
INFO:routers.jira:Jira bulk prefetch: fetched 600 tickets so far
INFO:apscheduler.executors.default:Job "job_opmanager_devices (trigger: interval[0:15:00], next run at: 2026-05-12 18:58:32 CDT)" executed successfully
WARNING:apscheduler.executors.default:Run time of job "job_citrix_power_unknown_check (trigger: interval[0:15:00], next run at: 2026-05-12 18:58:32 CDT)" was missed by 0:00:05.944232
WARNING:apscheduler.executors.default:Run time of job "job_lansweeper_summary (trigger: interval[6:00:00], next run at: 2026-05-13 00:43:32 CDT)" was missed by 0:00:05.946850
WARNING:apscheduler.executors.default:Run time of job "job_lansweeper_patch (trigger: interval[6:00:00], next run at: 2026-05-13 00:43:32 CDT)" was missed by 0:00:05.961573
WARNING:apscheduler.executors.default:Run time of job "job_lansweeper_assets (trigger: interval[6:00:00], next run at: 2026-05-13 00:43:32 CDT)" was missed by 0:00:05.977287
WARNING:apscheduler.executors.default:Run time of job "job_meraki_refresh (trigger: interval[0:15:00], next run at: 2026-05-12 18:58:32 CDT)" was missed by 0:00:05.995915
WARNING:apscheduler.executors.default:Run time of job "job_findings (trigger: interval[0:15:00], next run at: 2026-05-12 18:58:32 CDT)" was missed by 0:00:06.019540
WARNING:apscheduler.executors.default:Run time of job "job_entra_refresh (trigger: interval[1:00:00], next run at: 2026-05-12 19:43:32 CDT)" was missed by 0:00:06.020050
INFO:routers.jira:Jira bulk prefetch: fetched 700 tickets so far
INFO:routers.jira:Jira bulk prefetch: fetched 800 tickets so far
INFO:routers.jira:Jira bulk prefetch: fetched 900 tickets so far
INFO:routers.jira:Jira bulk prefetch: fetched 1000 tickets so far
INFO:routers.jira:Jira bulk prefetch: fetched 1100 tickets so far
INFO:routers.jira:Jira bulk prefetch: fetched 1200 tickets so far
INFO:routers.jira:Jira bulk prefetch: fetched 1300 tickets so far
INFO:routers.jira:Jira bulk prefetch: fetched 1392 tickets so far
INFO:routers.jira:Jira bulk prefetch: 1392 tickets indexed, 2225 words
INFO:routers.scheduler:Scheduler: Jira prefetch complete. 1392 ticket(s) fetched. 14/474 device(s) have open tickets.
INFO:apscheduler.executors.default:Job "job_jira_prefetch (trigger: interval[0:30:00], next run at: 2026-05-12 19:13:32 CDT)" executed successfully
ERROR:routers.scheduler:Scheduler: Host list error: database is locked
INFO:apscheduler.executors.default:Job "job_basic_hosts (trigger: interval[0:30:00], next run at: 2026-05-12 19:13:32 CDT)" executed successfully
ERROR:routers.scheduler:Scheduler: VM list error: database is locked
INFO:apscheduler.executors.default:Job "job_basic_vms (trigger: interval[0:30:00], next run at: 2026-05-12 19:13:32 CDT)" executed successfully
ERROR:routers.scheduler:Scheduler: AD reports error: database is locked
INFO:apscheduler.executors.default:Job "job_ad_reports (trigger: interval[6:00:00], next run at: 2026-05-13 00:43:32 CDT)" executed successfully
ERROR:routers.scheduler:Scheduler: Citrix job failed: database is locked
INFO:apscheduler.executors.default:Job "job_citrix_summary (trigger: interval[1:00:00], next run at: 2026-05-12 19:43:32 CDT)" executed successfully
INFO:routers.scheduler:Scheduler: OpManager alerts updated. Count: 8874
INFO:routers.jira:Jira bulk prefetch: fetched 100 tickets so far
INFO:routers.jira:Jira bulk prefetch: fetched 200 tickets so far
INFO:routers.jira:Jira bulk prefetch: fetched 300 tickets so far
INFO:routers.jira:Jira bulk prefetch: fetched 400 tickets so far
INFO:routers.jira:Jira bulk prefetch: fetched 500 tickets so far
INFO:routers.jira:Jira bulk prefetch: fetched 600 tickets so far
INFO:routers.jira:Jira bulk prefetch: fetched 700 tickets so far
INFO:routers.jira:Jira bulk prefetch: fetched 800 tickets so far
INFO:routers.jira:Jira bulk prefetch: fetched 900 tickets so far
INFO:routers.jira:Jira bulk prefetch: fetched 1000 tickets so far
INFO:routers.jira:Jira bulk prefetch: fetched 1100 tickets so far
INFO:routers.jira:Jira bulk prefetch: fetched 1200 tickets so far
INFO:routers.jira:Jira bulk prefetch: fetched 1300 tickets so far
INFO:routers.jira:Jira bulk prefetch: fetched 1392 tickets so far
INFO:routers.jira:Jira bulk prefetch: 1392 tickets indexed, 2225 words
INFO:routers.scheduler:Scheduler: Jira prefetch complete. 1392 ticket(s) fetched. 14/474 device(s) have open tickets.
INFO:apscheduler.executors.default:Job "job_opmanager_alerts (trigger: interval[0:05:00], next run at: 2026-05-12 18:48:32 CDT)" executed successfully
INFO:apscheduler.executors.default:Running job "job_opmanager_alerts (trigger: interval[0:05:00], next run at: 2026-05-12 18:53:32 CDT)" (scheduled at 2026-05-12 18:48:32.794473-05:00)
INFO:routers.scheduler:Scheduler: Refreshing OpManager alerts...
INFO:routers.scheduler:Scheduler: OpManager alerts updated. Count: 8874
INFO:routers.jira:Jira bulk prefetch: fetched 100 tickets so far
INFO:routers.jira:Jira bulk prefetch: fetched 200 tickets so far
INFO:routers.jira:Jira bulk prefetch: fetched 300 tickets so far
INFO:routers.jira:Jira bulk prefetch: fetched 400 tickets so far
INFO:routers.jira:Jira bulk prefetch: fetched 500 tickets so far
INFO:routers.jira:Jira bulk prefetch: fetched 600 tickets so far
INFO:routers.jira:Jira bulk prefetch: fetched 700 tickets so far
INFO:routers.jira:Jira bulk prefetch: fetched 800 tickets so far
INFO:routers.jira:Jira bulk prefetch: fetched 900 tickets so far
INFO:routers.jira:Jira bulk prefetch: fetched 1000 tickets so far
INFO:routers.jira:Jira bulk prefetch: fetched 1100 tickets so far
INFO:routers.jira:Jira bulk prefetch: fetched 1200 tickets so far
INFO:routers.jira:Jira bulk prefetch: fetched 1300 tickets so far
INFO:routers.jira:Jira bulk prefetch: fetched 1392 tickets so far
INFO:routers.jira:Jira bulk prefetch: 1392 tickets indexed, 2225 words
INFO:routers.scheduler:Scheduler: Jira prefetch complete. 1392 ticket(s) fetched. 15/476 device(s) have open tickets.
INFO:apscheduler.executors.default:Job "job_opmanager_alerts (trigger: interval[0:05:00], next run at: 2026-05-12 18:53:32 CDT)" executed successfully
INFO:apscheduler.executors.default:Running job "job_opmanager_alerts (trigger: interval[0:05:00], next run at: 2026-05-12 18:58:32 CDT)" (scheduled at 2026-05-12 18:53:32.794473-05:00)
INFO:routers.scheduler:Scheduler: Refreshing OpManager alerts...
ERROR:routers.scheduler:Scheduler: Detailed host error: database is locked
INFO:apscheduler.executors.default:Job "job_detailed_hosts (trigger: interval[2:00:00], next run at: 2026-05-12 20:43:32 CDT)" executed successfully
INFO:routers.scheduler:Scheduler: OpManager alerts updated. Count: 8875
INFO:routers.scheduler:Scheduler: Disk snapshots updated.
INFO:apscheduler.executors.default:Job "job_disk_snapshots (trigger: interval[2:00:00], next run at: 2026-05-12 20:43:32 CDT)" executed successfully
INFO:routers.jira:Jira bulk prefetch: fetched 100 tickets so far
INFO:routers.jira:Jira bulk prefetch: fetched 200 tickets so far
INFO:routers.jira:Jira bulk prefetch: fetched 300 tickets so far
INFO:routers.jira:Jira bulk prefetch: fetched 400 tickets so far
INFO:routers.jira:Jira bulk prefetch: fetched 500 tickets so far
INFO:routers.jira:Jira bulk prefetch: fetched 600 tickets so far
INFO:routers.jira:Jira bulk prefetch: fetched 700 tickets so far
INFO:routers.jira:Jira bulk prefetch: fetched 800 tickets so far
INFO:routers.jira:Jira bulk prefetch: fetched 900 tickets so far
INFO:routers.jira:Jira bulk prefetch: fetched 1000 tickets so far
INFO:routers.jira:Jira bulk prefetch: fetched 1100 tickets so far
INFO:routers.jira:Jira bulk prefetch: fetched 1200 tickets so far
INFO:routers.jira:Jira bulk prefetch: fetched 1300 tickets so far
INFO:routers.jira:Jira bulk prefetch: fetched 1392 tickets so far
INFO:routers.jira:Jira bulk prefetch: 1392 tickets indexed, 2225 words
INFO:routers.scheduler:Scheduler: Jira prefetch complete. 1392 ticket(s) fetched. 15/476 device(s) have open tickets.
INFO:apscheduler.executors.default:Job "job_opmanager_alerts (trigger: interval[0:05:00], next run at: 2026-05-12 18:58:32 CDT)" executed successfully
INFO:apscheduler.executors.default:Running job "job_opmanager_alerts (trigger: interval[0:05:00], next run at: 2026-05-12 19:03:32 CDT)" (scheduled at 2026-05-12 18:58:32.794473-05:00)
INFO:routers.scheduler:Scheduler: Refreshing OpManager alerts...
INFO:apscheduler.executors.default:Running job "job_citrix_power_unknown_check (trigger: interval[0:15:00], next run at: 2026-05-12 19:13:32 CDT)" (scheduled at 2026-05-12 18:58:32.795007-05:00)
INFO:apscheduler.executors.default:Running job "job_findings (trigger: interval[0:15:00], next run at: 2026-05-12 19:13:32 CDT)" (scheduled at 2026-05-12 18:58:32.795375-05:00)
INFO:apscheduler.executors.default:Running job "job_meraki_refresh (trigger: interval[0:15:00], next run at: 2026-05-12 19:13:32 CDT)" (scheduled at 2026-05-12 18:58:32.795181-05:00)
INFO:apscheduler.executors.default:Running job "job_opmanager_devices (trigger: interval[0:15:00], next run at: 2026-05-12 19:13:32 CDT)" (scheduled at 2026-05-12 18:58:32.794516-05:00)
INFO:routers.scheduler:Scheduler: Checking Citrix machine power states for unknowns...
INFO:routers.scheduler:Scheduler: Refreshing Meraki data...
INFO:routers.scheduler:Scheduler: Refreshing OpManager devices...
INFO:routers.scheduler:Scheduler: Power check complete. New unknowns: 0, Recovered: 0, Notified teams: none
INFO:routers.meraki:Meraki refresh: starting...
INFO:apscheduler.executors.default:Job "job_citrix_power_unknown_check (trigger: interval[0:15:00], next run at: 2026-05-12 19:13:32 CDT)" executed successfully
INFO:routers.findings:findings: refreshed — 36 total
INFO:routers.scheduler:Scheduler: findings refreshed — 36 findings
INFO:apscheduler.executors.default:Job "job_findings (trigger: interval[0:15:00], next run at: 2026-05-12 19:13:32 CDT)" executed successfully
INFO:routers.meraki:Meraki: fetched 11 networks across 2 orgs.
INFO:routers.meraki:Meraki: fetched 215 devices.
INFO:routers.meraki:Meraki: fetched uplinks for 19 appliances.
INFO:routers.meraki:Meraki: fetched 649 clients.
INFO:routers.meraki:Meraki refresh complete. 11 networks, 215 devices, 19 uplink appliances, 649 recent clients.
INFO:apscheduler.executors.default:Job "job_meraki_refresh (trigger: interval[0:15:00], next run at: 2026-05-12 19:13:32 CDT)" executed successfully
ERROR:routers.scheduler:Scheduler: OpManager devices error: database is locked
INFO:apscheduler.executors.default:Job "job_opmanager_devices (trigger: interval[0:15:00], next run at: 2026-05-12 19:13:32 CDT)" executed successfully
INFO:routers.scheduler:Scheduler: OpManager alerts updated. Count: 8875
INFO:routers.jira:Jira bulk prefetch: fetched 100 tickets so far
INFO:routers.jira:Jira bulk prefetch: fetched 200 tickets so far
INFO:routers.jira:Jira bulk prefetch: fetched 300 tickets so far
INFO:routers.jira:Jira bulk prefetch: fetched 400 tickets so far
INFO:routers.jira:Jira bulk prefetch: fetched 500 tickets so far
INFO:routers.jira:Jira bulk prefetch: fetched 600 tickets so far
INFO:routers.jira:Jira bulk prefetch: fetched 700 tickets so far
INFO:routers.jira:Jira bulk prefetch: fetched 800 tickets so far
INFO:routers.jira:Jira bulk prefetch: fetched 900 tickets so far
INFO:routers.jira:Jira bulk prefetch: fetched 1000 tickets so far
INFO:routers.jira:Jira bulk prefetch: fetched 1100 tickets so far
INFO:routers.jira:Jira bulk prefetch: fetched 1200 tickets so far
INFO:routers.jira:Jira bulk prefetch: fetched 1300 tickets so far
INFO:routers.jira:Jira bulk prefetch: fetched 1392 tickets so far
INFO:routers.jira:Jira bulk prefetch: 1392 tickets indexed, 2225 words
INFO:routers.scheduler:Scheduler: Jira prefetch complete. 1392 ticket(s) fetched. 15/477 device(s) have open tickets.
INFO:apscheduler.executors.default:Job "job_opmanager_alerts (trigger: interval[0:05:00], next run at: 2026-05-12 19:03:32 CDT)" executed successfully
INFO:apscheduler.executors.default:Running job "job_opmanager_alerts (trigger: interval[0:05:00], next run at: 2026-05-12 19:08:32 CDT)" (scheduled at 2026-05-12 19:03:32.794473-05:00)
INFO:routers.scheduler:Scheduler: Refreshing OpManager alerts...
INFO:routers.scheduler:Scheduler: OpManager alerts updated. Count: 8875
INFO:routers.jira:Jira bulk prefetch: fetched 100 tickets so far
INFO:routers.jira:Jira bulk prefetch: fetched 200 tickets so far
INFO:routers.jira:Jira bulk prefetch: fetched 300 tickets so far
INFO:routers.jira:Jira bulk prefetch: fetched 400 tickets so far
INFO:routers.jira:Jira bulk prefetch: fetched 500 tickets so far
INFO:routers.jira:Jira bulk prefetch: fetched 600 tickets so far
INFO:routers.jira:Jira bulk prefetch: fetched 700 tickets so far
INFO:routers.jira:Jira bulk prefetch: fetched 800 tickets so far
INFO:routers.jira:Jira bulk prefetch: fetched 900 tickets so far
INFO:routers.jira:Jira bulk prefetch: fetched 1000 tickets so far
INFO:routers.jira:Jira bulk prefetch: fetched 1100 tickets so far
INFO:routers.jira:Jira bulk prefetch: fetched 1200 tickets so far
INFO:routers.jira:Jira bulk prefetch: fetched 1300 tickets so far
INFO:routers.jira:Jira bulk prefetch: fetched 1392 tickets so far
INFO:routers.jira:Jira bulk prefetch: 1392 tickets indexed, 2225 words
INFO:routers.scheduler:Scheduler: Jira prefetch complete. 1392 ticket(s) fetched. 14/476 device(s) have open tickets.
INFO:apscheduler.executors.default:Job "job_opmanager_alerts (trigger: interval[0:05:00], next run at: 2026-05-12 19:08:32 CDT)" executed successfully
INFO:apscheduler.executors.default:Running job "job_opmanager_alerts (trigger: interval[0:05:00], next run at: 2026-05-12 19:13:32 CDT)" (scheduled at 2026-05-12 19:08:32.794473-05:00)
INFO:routers.scheduler:Scheduler: Refreshing OpManager alerts...
INFO:routers.scheduler:Scheduler: OpManager alerts updated. Count: 8875
INFO:routers.jira:Jira bulk prefetch: fetched 100 tickets so far
INFO:routers.jira:Jira bulk prefetch: fetched 200 tickets so far
INFO:routers.jira:Jira bulk prefetch: fetched 300 tickets so far
INFO:routers.jira:Jira bulk prefetch: fetched 400 tickets so far
INFO:routers.jira:Jira bulk prefetch: fetched 500 tickets so far
INFO:routers.jira:Jira bulk prefetch: fetched 600 tickets so far
INFO:routers.jira:Jira bulk prefetch: fetched 700 tickets so far
INFO:routers.jira:Jira bulk prefetch: fetched 800 tickets so far
INFO:routers.jira:Jira bulk prefetch: fetched 900 tickets so far
INFO:routers.jira:Jira bulk prefetch: fetched 1000 tickets so far
INFO:routers.jira:Jira bulk prefetch: fetched 1100 tickets so far
INFO:routers.jira:Jira bulk prefetch: fetched 1200 tickets so far
INFO:routers.jira:Jira bulk prefetch: fetched 1300 tickets so far
INFO:routers.jira:Jira bulk prefetch: fetched 1392 tickets so far
INFO:routers.jira:Jira bulk prefetch: 1392 tickets indexed, 2225 words
INFO:routers.scheduler:Scheduler: Jira prefetch complete. 1392 ticket(s) fetched. 14/476 device(s) have open tickets.
INFO:apscheduler.executors.default:Job "job_opmanager_alerts (trigger: interval[0:05:00], next run at: 2026-05-12 19:13:32 CDT)" executed successfully
INFO:routers.scheduler:Scheduler: Detailed VM data updated.
INFO:apscheduler.executors.default:Job "job_detailed_vms (trigger: interval[2:00:00], next run at: 2026-05-12 20:43:32 CDT)" executed successfully
INFO:apscheduler.executors.default:Running job "job_basic_vms (trigger: interval[0:30:00], next run at: 2026-05-12 19:43:32 CDT)" (scheduled at 2026-05-12 19:13:32.794019-05:00)
INFO:apscheduler.executors.default:Running job "job_basic_hosts (trigger: interval[0:30:00], next run at: 2026-05-12 19:43:32 CDT)" (scheduled at 2026-05-12 19:13:32.794166-05:00)
INFO:apscheduler.executors.default:Running job "job_opmanager_alerts (trigger: interval[0:05:00], next run at: 2026-05-12 19:18:32 CDT)" (scheduled at 2026-05-12 19:13:32.794473-05:00)
INFO:apscheduler.executors.default:Running job "job_opmanager_devices (trigger: interval[0:15:00], next run at: 2026-05-12 19:28:32 CDT)" (scheduled at 2026-05-12 19:13:32.794516-05:00)
INFO:apscheduler.executors.default:Running job "job_jira_prefetch (trigger: interval[0:30:00], next run at: 2026-05-12 19:43:32 CDT)" (scheduled at 2026-05-12 19:13:32.794562-05:00)
INFO:apscheduler.executors.default:Running job "job_citrix_power_unknown_check (trigger: interval[0:15:00], next run at: 2026-05-12 19:28:32 CDT)" (scheduled at 2026-05-12 19:13:32.795007-05:00)
INFO:apscheduler.executors.default:Running job "job_meraki_refresh (trigger: interval[0:15:00], next run at: 2026-05-12 19:28:32 CDT)" (scheduled at 2026-05-12 19:13:32.795181-05:00)
INFO:apscheduler.executors.default:Running job "job_findings (trigger: interval[0:15:00], next run at: 2026-05-12 19:28:32 CDT)" (scheduled at 2026-05-12 19:13:32.795375-05:00)
INFO:routers.scheduler:Scheduler: Refreshing basic VM list...
INFO:routers.scheduler:Scheduler: Refreshing basic host list...
INFO:routers.scheduler:Scheduler: Refreshing OpManager alerts...
INFO:routers.scheduler:Scheduler: Refreshing OpManager devices...
INFO:routers.scheduler:Scheduler: Checking Citrix machine power states for unknowns...
INFO:routers.scheduler:Scheduler: Refreshing Meraki data...
INFO:routers.meraki:Meraki refresh: starting...
INFO:routers.scheduler:Scheduler: Power check complete. New unknowns: 0, Recovered: 0, Notified teams: none
INFO:apscheduler.executors.default:Job "job_citrix_power_unknown_check (trigger: interval[0:15:00], next run at: 2026-05-12 19:28:32 CDT)" executed successfully
INFO:routers.findings:findings: refreshed — 36 total
INFO:routers.scheduler:Scheduler: findings refreshed — 36 findings
INFO:apscheduler.executors.default:Job "job_findings (trigger: interval[0:15:00], next run at: 2026-05-12 19:28:32 CDT)" executed successfully
INFO:routers.jira:Jira bulk prefetch: fetched 100 tickets so far
INFO:routers.jira:Jira bulk prefetch: fetched 200 tickets so far
INFO:routers.meraki:Meraki: fetched 11 networks across 2 orgs.
INFO:routers.jira:Jira bulk prefetch: fetched 300 tickets so far
INFO:routers.jira:Jira bulk prefetch: fetched 400 tickets so far
INFO:routers.jira:Jira bulk prefetch: fetched 500 tickets so far
INFO:routers.meraki:Meraki: fetched 215 devices.
INFO:routers.jira:Jira bulk prefetch: fetched 600 tickets so far
INFO:routers.jira:Jira bulk prefetch: fetched 700 tickets so far
INFO:routers.meraki:Meraki: fetched uplinks for 19 appliances.
INFO:routers.jira:Jira bulk prefetch: fetched 800 tickets so far
INFO:routers.jira:Jira bulk prefetch: fetched 900 tickets so far
INFO:routers.jira:Jira bulk prefetch: fetched 1000 tickets so far
INFO:routers.jira:Jira bulk prefetch: fetched 1100 tickets so far
INFO:routers.jira:Jira bulk prefetch: fetched 1200 tickets so far
INFO:routers.jira:Jira bulk prefetch: fetched 1300 tickets so far
INFO:routers.jira:Jira bulk prefetch: fetched 1392 tickets so far
INFO:routers.jira:Jira bulk prefetch: 1392 tickets indexed, 2225 words
INFO:routers.scheduler:Scheduler: Jira prefetch complete. 1392 ticket(s) fetched. 14/475 device(s) have open tickets.
INFO:apscheduler.executors.default:Job "job_jira_prefetch (trigger: interval[0:30:00], next run at: 2026-05-12 19:43:32 CDT)" executed successfully
INFO:routers.meraki:Meraki: fetched 637 clients.
INFO:routers.meraki:Meraki refresh complete. 11 networks, 215 devices, 19 uplink appliances, 637 recent clients.
INFO:apscheduler.executors.default:Job "job_meraki_refresh (trigger: interval[0:15:00], next run at: 2026-05-12 19:28:32 CDT)" executed successfully
ERROR:routers.scheduler:Scheduler: OpManager devices error: database is locked
INFO:apscheduler.executors.default:Job "job_opmanager_devices (trigger: interval[0:15:00], next run at: 2026-05-12 19:28:32 CDT)" executed successfully
INFO:routers.scheduler:Scheduler: OpManager alerts updated. Count: 8875
INFO:routers.scheduler:Scheduler: Basic VM list updated.
INFO:apscheduler.executors.default:Job "job_basic_vms (trigger: interval[0:30:00], next run at: 2026-05-12 19:43:32 CDT)" executed successfully
INFO:routers.scheduler:Scheduler: Basic host list updated.
INFO:apscheduler.executors.default:Job "job_basic_hosts (trigger: interval[0:30:00], next run at: 2026-05-12 19:43:32 CDT)" executed successfully
INFO:routers.jira:Jira bulk prefetch: fetched 100 tickets so far
INFO:routers.jira:Jira bulk prefetch: fetched 200 tickets so far
INFO:routers.jira:Jira bulk prefetch: fetched 300 tickets so far
INFO:routers.jira:Jira bulk prefetch: fetched 400 tickets so far
INFO:routers.jira:Jira bulk prefetch: fetched 500 tickets so far
INFO:routers.jira:Jira bulk prefetch: fetched 600 tickets so far
INFO:routers.jira:Jira bulk prefetch: fetched 700 tickets so far
INFO:routers.jira:Jira bulk prefetch: fetched 800 tickets so far
INFO:routers.jira:Jira bulk prefetch: fetched 900 tickets so far
INFO:routers.jira:Jira bulk prefetch: fetched 1000 tickets so far
INFO:routers.jira:Jira bulk prefetch: fetched 1100 tickets so far
INFO:routers.jira:Jira bulk prefetch: fetched 1200 tickets so far
INFO:routers.jira:Jira bulk prefetch: fetched 1300 tickets so far
INFO:routers.jira:Jira bulk prefetch: fetched 1392 tickets so far
INFO:routers.jira:Jira bulk prefetch: 1392 tickets indexed, 2225 words
INFO:routers.scheduler:Scheduler: Jira prefetch complete. 1392 ticket(s) fetched. 14/475 device(s) have open tickets.
INFO:apscheduler.executors.default:Job "job_opmanager_alerts (trigger: interval[0:05:00], next run at: 2026-05-12 19:18:32 CDT)" executed successfully
INFO:apscheduler.executors.default:Running job "job_opmanager_alerts (trigger: interval[0:05:00], next run at: 2026-05-12 19:23:32 CDT)" (scheduled at 2026-05-12 19:18:32.794473-05:00)
INFO:routers.scheduler:Scheduler: Refreshing OpManager alerts...
INFO:routers.scheduler:Scheduler: OpManager alerts updated. Count: 8875
INFO:routers.jira:Jira bulk prefetch: fetched 100 tickets so far
INFO:routers.jira:Jira bulk prefetch: fetched 200 tickets so far
INFO:routers.jira:Jira bulk prefetch: fetched 300 tickets so far
INFO:routers.jira:Jira bulk prefetch: fetched 400 tickets so far
INFO:routers.jira:Jira bulk prefetch: fetched 500 tickets so far
INFO:routers.jira:Jira bulk prefetch: fetched 600 tickets so far
INFO:routers.jira:Jira bulk prefetch: fetched 700 tickets so far
INFO:routers.jira:Jira bulk prefetch: fetched 800 tickets so far
INFO:routers.jira:Jira bulk prefetch: fetched 900 tickets so far
INFO:routers.jira:Jira bulk prefetch: fetched 1000 tickets so far
INFO:routers.jira:Jira bulk prefetch: fetched 1100 tickets so far
INFO:routers.jira:Jira bulk prefetch: fetched 1200 tickets so far
INFO:routers.jira:Jira bulk prefetch: fetched 1300 tickets so far
INFO:routers.jira:Jira bulk prefetch: fetched 1392 tickets so far
INFO:routers.jira:Jira bulk prefetch: 1392 tickets indexed, 2225 words
INFO:routers.scheduler:Scheduler: Jira prefetch complete. 1392 ticket(s) fetched. 14/475 device(s) have open tickets.
INFO:apscheduler.executors.default:Job "job_opmanager_alerts (trigger: interval[0:05:00], next run at: 2026-05-12 19:23:32 CDT)" executed successfully
INFO:apscheduler.executors.default:Running job "job_opmanager_alerts (trigger: interval[0:05:00], next run at: 2026-05-12 19:28:32 CDT)" (scheduled at 2026-05-12 19:23:32.794473-05:00)
INFO:routers.scheduler:Scheduler: Refreshing OpManager alerts...
INFO:routers.scheduler:Scheduler: OpManager alerts updated. Count: 8875
INFO:routers.jira:Jira bulk prefetch: fetched 100 tickets so far
INFO:routers.jira:Jira bulk prefetch: fetched 200 tickets so far
INFO:routers.jira:Jira bulk prefetch: fetched 300 tickets so far
INFO:routers.jira:Jira bulk prefetch: fetched 400 tickets so far
INFO:routers.jira:Jira bulk prefetch: fetched 500 tickets so far
INFO:routers.jira:Jira bulk prefetch: fetched 600 tickets so far
INFO:routers.jira:Jira bulk prefetch: fetched 700 tickets so far
INFO:routers.jira:Jira bulk prefetch: fetched 800 tickets so far
INFO:routers.jira:Jira bulk prefetch: fetched 900 tickets so far
INFO:routers.jira:Jira bulk prefetch: fetched 1000 tickets so far
INFO:routers.jira:Jira bulk prefetch: fetched 1100 tickets so far
INFO:routers.jira:Jira bulk prefetch: fetched 1200 tickets so far
INFO:routers.jira:Jira bulk prefetch: fetched 1300 tickets so far
INFO:routers.jira:Jira bulk prefetch: fetched 1392 tickets so far
INFO:routers.jira:Jira bulk prefetch: 1392 tickets indexed, 2225 words
INFO:routers.scheduler:Scheduler: Jira prefetch complete. 1392 ticket(s) fetched. 14/475 device(s) have open tickets.
INFO:apscheduler.executors.default:Job "job_opmanager_alerts (trigger: interval[0:05:00], next run at: 2026-05-12 19:28:32 CDT)" executed successfully
INFO:apscheduler.executors.default:Running job "job_opmanager_alerts (trigger: interval[0:05:00], next run at: 2026-05-12 19:33:32 CDT)" (scheduled at 2026-05-12 19:28:32.794473-05:00)
INFO:routers.scheduler:Scheduler: Refreshing OpManager alerts...
INFO:apscheduler.executors.default:Running job "job_citrix_power_unknown_check (trigger: interval[0:15:00], next run at: 2026-05-12 19:43:32 CDT)" (scheduled at 2026-05-12 19:28:32.795007-05:00)
INFO:apscheduler.executors.default:Running job "job_meraki_refresh (trigger: interval[0:15:00], next run at: 2026-05-12 19:43:32 CDT)" (scheduled at 2026-05-12 19:28:32.795181-05:00)
INFO:apscheduler.executors.default:Running job "job_findings (trigger: interval[0:15:00], next run at: 2026-05-12 19:43:32 CDT)" (scheduled at 2026-05-12 19:28:32.795375-05:00)
INFO:apscheduler.executors.default:Running job "job_opmanager_devices (trigger: interval[0:15:00], next run at: 2026-05-12 19:43:32 CDT)" (scheduled at 2026-05-12 19:28:32.794516-05:00)
INFO:routers.scheduler:Scheduler: Checking Citrix machine power states for unknowns...
INFO:routers.scheduler:Scheduler: Refreshing Meraki data...
INFO:routers.scheduler:Scheduler: Refreshing OpManager devices...
INFO:routers.scheduler:Scheduler: Power check complete. New unknowns: 0, Recovered: 0, Notified teams: none
INFO:routers.meraki:Meraki refresh: starting...
INFO:apscheduler.executors.default:Job "job_citrix_power_unknown_check (trigger: interval[0:15:00], next run at: 2026-05-12 19:43:32 CDT)" executed successfully
INFO:routers.findings:findings: refreshed — 36 total
INFO:routers.scheduler:Scheduler: findings refreshed — 36 findings
INFO:apscheduler.executors.default:Job "job_findings (trigger: interval[0:15:00], next run at: 2026-05-12 19:43:32 CDT)" executed successfully
INFO:routers.meraki:Meraki: fetched 11 networks across 2 orgs.
INFO:routers.meraki:Meraki: fetched 215 devices.
INFO:routers.meraki:Meraki: fetched uplinks for 19 appliances.
INFO:routers.meraki:Meraki: fetched 642 clients.
INFO:routers.meraki:Meraki refresh complete. 11 networks, 215 devices, 19 uplink appliances, 642 recent clients.
INFO:apscheduler.executors.default:Job "job_meraki_refresh (trigger: interval[0:15:00], next run at: 2026-05-12 19:43:32 CDT)" executed successfully
ERROR:routers.scheduler:Scheduler: OpManager devices error: database is locked
INFO:apscheduler.executors.default:Job "job_opmanager_devices (trigger: interval[0:15:00], next run at: 2026-05-12 19:43:32 CDT)" executed successfully
INFO:routers.scheduler:Scheduler: OpManager alerts updated. Count: 8875
INFO:routers.jira:Jira bulk prefetch: fetched 100 tickets so far
INFO:routers.jira:Jira bulk prefetch: fetched 200 tickets so far
INFO:routers.jira:Jira bulk prefetch: fetched 300 tickets so far
INFO:routers.jira:Jira bulk prefetch: fetched 400 tickets so far
INFO:routers.jira:Jira bulk prefetch: fetched 500 tickets so far
INFO:routers.jira:Jira bulk prefetch: fetched 600 tickets so far
INFO:routers.jira:Jira bulk prefetch: fetched 700 tickets so far
INFO:routers.jira:Jira bulk prefetch: fetched 800 tickets so far
INFO:routers.jira:Jira bulk prefetch: fetched 900 tickets so far
INFO:routers.jira:Jira bulk prefetch: fetched 1000 tickets so far
INFO:routers.jira:Jira bulk prefetch: fetched 1100 tickets so far
INFO:routers.jira:Jira bulk prefetch: fetched 1200 tickets so far
INFO:routers.jira:Jira bulk prefetch: fetched 1300 tickets so far
INFO:routers.jira:Jira bulk prefetch: fetched 1392 tickets so far
INFO:routers.jira:Jira bulk prefetch: 1392 tickets indexed, 2225 words
INFO:routers.scheduler:Scheduler: Jira prefetch complete. 1392 ticket(s) fetched. 14/476 device(s) have open tickets.
INFO:apscheduler.executors.default:Job "job_opmanager_alerts (trigger: interval[0:05:00], next run at: 2026-05-12 19:33:32 CDT)" executed successfully
INFO:apscheduler.executors.default:Running job "job_opmanager_alerts (trigger: interval[0:05:00], next run at: 2026-05-12 19:38:32 CDT)" (scheduled at 2026-05-12 19:33:32.794473-05:00)
INFO:routers.scheduler:Scheduler: Refreshing OpManager alerts...
INFO:routers.scheduler:Scheduler: OpManager alerts updated. Count: 8875
INFO:routers.jira:Jira bulk prefetch: fetched 100 tickets so far
INFO:routers.jira:Jira bulk prefetch: fetched 200 tickets so far
INFO:routers.jira:Jira bulk prefetch: fetched 300 tickets so far
INFO:routers.jira:Jira bulk prefetch: fetched 400 tickets so far
INFO:routers.jira:Jira bulk prefetch: fetched 500 tickets so far
INFO:routers.jira:Jira bulk prefetch: fetched 600 tickets so far
INFO:routers.jira:Jira bulk prefetch: fetched 700 tickets so far
INFO:routers.jira:Jira bulk prefetch: fetched 800 tickets so far
INFO:routers.jira:Jira bulk prefetch: fetched 900 tickets so far
INFO:routers.jira:Jira bulk prefetch: fetched 1000 tickets so far
INFO:routers.jira:Jira bulk prefetch: fetched 1100 tickets so far
INFO:routers.jira:Jira bulk prefetch: fetched 1200 tickets so far
INFO:routers.jira:Jira bulk prefetch: fetched 1300 tickets so far
INFO:routers.jira:Jira bulk prefetch: fetched 1392 tickets so far
INFO:routers.jira:Jira bulk prefetch: 1392 tickets indexed, 2225 words
INFO:routers.scheduler:Scheduler: Jira prefetch complete. 1392 ticket(s) fetched. 14/476 device(s) have open tickets.
INFO:apscheduler.executors.default:Job "job_opmanager_alerts (trigger: interval[0:05:00], next run at: 2026-05-12 19:38:32 CDT)" executed successfully
INFO:apscheduler.executors.default:Running job "job_opmanager_alerts (trigger: interval[0:05:00], next run at: 2026-05-12 19:43:32 CDT)" (scheduled at 2026-05-12 19:38:32.794473-05:00)
INFO:routers.scheduler:Scheduler: Refreshing OpManager alerts...
INFO:routers.scheduler:Scheduler: OpManager alerts updated. Count: 8875
INFO:routers.jira:Jira bulk prefetch: fetched 100 tickets so far
INFO:routers.jira:Jira bulk prefetch: fetched 200 tickets so far
INFO:routers.jira:Jira bulk prefetch: fetched 300 tickets so far
INFO:routers.jira:Jira bulk prefetch: fetched 400 tickets so far
INFO:routers.jira:Jira bulk prefetch: fetched 500 tickets so far
INFO:routers.jira:Jira bulk prefetch: fetched 600 tickets so far
INFO:routers.jira:Jira bulk prefetch: fetched 700 tickets so far
INFO:routers.jira:Jira bulk prefetch: fetched 800 tickets so far
INFO:routers.jira:Jira bulk prefetch: fetched 900 tickets so far
INFO:routers.jira:Jira bulk prefetch: fetched 1000 tickets so far
INFO:routers.jira:Jira bulk prefetch: fetched 1100 tickets so far
INFO:routers.jira:Jira bulk prefetch: fetched 1200 tickets so far
INFO:routers.jira:Jira bulk prefetch: fetched 1300 tickets so far
INFO:routers.jira:Jira bulk prefetch: fetched 1392 tickets so far
INFO:routers.jira:Jira bulk prefetch: 1392 tickets indexed, 2225 words
INFO:routers.scheduler:Scheduler: Jira prefetch complete. 1392 ticket(s) fetched. 14/476 device(s) have open tickets.
INFO:apscheduler.executors.default:Job "job_opmanager_alerts (trigger: interval[0:05:00], next run at: 2026-05-12 19:43:32 CDT)" executed successfully
INFO:apscheduler.executors.default:Running job "job_basic_vms (trigger: interval[0:30:00], next run at: 2026-05-12 20:13:32 CDT)" (scheduled at 2026-05-12 19:43:32.794019-05:00)
INFO:apscheduler.executors.default:Running job "job_basic_hosts (trigger: interval[0:30:00], next run at: 2026-05-12 20:13:32 CDT)" (scheduled at 2026-05-12 19:43:32.794166-05:00)
INFO:apscheduler.executors.default:Running job "job_opmanager_alerts (trigger: interval[0:05:00], next run at: 2026-05-12 19:48:32 CDT)" (scheduled at 2026-05-12 19:43:32.794473-05:00)
INFO:apscheduler.executors.default:Running job "job_opmanager_devices (trigger: interval[0:15:00], next run at: 2026-05-12 19:58:32 CDT)" (scheduled at 2026-05-12 19:43:32.794516-05:00)
INFO:apscheduler.executors.default:Running job "job_jira_prefetch (trigger: interval[0:30:00], next run at: 2026-05-12 20:13:32 CDT)" (scheduled at 2026-05-12 19:43:32.794562-05:00)
INFO:apscheduler.executors.default:Running job "job_citrix_summary (trigger: interval[1:00:00], next run at: 2026-05-12 20:43:32 CDT)" (scheduled at 2026-05-12 19:43:32.794960-05:00)
INFO:apscheduler.executors.default:Running job "job_citrix_power_unknown_check (trigger: interval[0:15:00], next run at: 2026-05-12 19:58:32 CDT)" (scheduled at 2026-05-12 19:43:32.795007-05:00)
INFO:apscheduler.executors.default:Running job "job_meraki_refresh (trigger: interval[0:15:00], next run at: 2026-05-12 19:58:32 CDT)" (scheduled at 2026-05-12 19:43:32.795181-05:00)
INFO:apscheduler.executors.default:Running job "job_findings (trigger: interval[0:15:00], next run at: 2026-05-12 19:58:32 CDT)" (scheduled at 2026-05-12 19:43:32.795375-05:00)
INFO:apscheduler.executors.default:Running job "job_entra_refresh (trigger: interval[1:00:00], next run at: 2026-05-12 20:43:32 CDT)" (scheduled at 2026-05-12 19:43:32.795425-05:00)
INFO:routers.scheduler:Scheduler: Refreshing basic VM list...
INFO:routers.scheduler:Scheduler: Refreshing basic host list...
INFO:routers.scheduler:Scheduler: Refreshing OpManager alerts...
INFO:routers.scheduler:Scheduler: Refreshing OpManager devices...
INFO:routers.scheduler:Scheduler: Refreshing Citrix summary...
INFO:routers.scheduler:Scheduler: Checking Citrix machine power states for unknowns...
INFO:routers.scheduler:Scheduler: Refreshing Meraki data...
INFO:routers.scheduler:Scheduler: Refreshing Entra / M365 data...
INFO:routers.scheduler:Scheduler: Power check complete. New unknowns: 0, Recovered: 0, Notified teams: none
INFO:routers.meraki:Meraki refresh: starting...
INFO:apscheduler.executors.default:Job "job_citrix_power_unknown_check (trigger: interval[0:15:00], next run at: 2026-05-12 19:58:32 CDT)" executed successfully
INFO:routers.findings:findings: refreshed — 36 total
INFO:routers.scheduler:Scheduler: findings refreshed — 36 findings
INFO:apscheduler.executors.default:Job "job_findings (trigger: interval[0:15:00], next run at: 2026-05-12 19:58:32 CDT)" executed successfully
INFO:routers.jira:Jira bulk prefetch: fetched 100 tickets so far
INFO:httpx:HTTP Request: POST https://login.microsoftonline.com/c0d9a159-18ab-4c31-a5a5-f4d0b805de7d/oauth2/v2.0/token "HTTP/1.1 200 OK"
INFO:httpx:HTTP Request: GET https://graph.microsoft.com/v1.0/subscribedSkus "HTTP/1.1 200 OK"
INFO:routers.jira:Jira bulk prefetch: fetched 200 tickets so far
INFO:routers.meraki:Meraki: fetched 11 networks across 2 orgs.
INFO:routers.jira:Jira bulk prefetch: fetched 300 tickets so far
INFO:routers.jira:Jira bulk prefetch: fetched 400 tickets so far
INFO:routers.jira:Jira bulk prefetch: fetched 500 tickets so far
INFO:httpx:HTTP Request: GET https://graph.microsoft.com/v1.0/users?%24select=id%2CdisplayName%2CuserPrincipalName%2CaccountEnabled%2CuserType%2CsignInActivity%2CassignedLicenses%2CcreatedDateTime%2Cmail&%24top=999&%24count=true "HTTP/1.1 200 OK"
INFO:routers.meraki:Meraki: fetched 215 devices.
INFO:routers.jira:Jira bulk prefetch: fetched 600 tickets so far
INFO:routers.jira:Jira bulk prefetch: fetched 700 tickets so far
INFO:routers.meraki:Meraki: fetched uplinks for 19 appliances.
INFO:routers.jira:Jira bulk prefetch: fetched 800 tickets so far
INFO:routers.jira:Jira bulk prefetch: fetched 900 tickets so far
INFO:httpx:HTTP Request: GET https://graph.microsoft.com/v1.0/users?$select=id%2cdisplayName%2cuserPrincipalName%2caccountEnabled%2cuserType%2csignInActivity%2cassignedLicenses%2ccreatedDateTime%2cmail&$top=999&$count=true&$skiptoken=m~AQAoOzE0NTM2ZjY3NmUwODRlMGI5OWNmYjUxZTFmNWY5MDkzOzswOzA7Ow "HTTP/1.1 200 OK"
INFO:routers.jira:Jira bulk prefetch: fetched 1000 tickets so far
INFO:routers.jira:Jira bulk prefetch: fetched 1100 tickets so far
INFO:routers.jira:Jira bulk prefetch: fetched 1200 tickets so far
INFO:httpx:HTTP Request: GET https://graph.microsoft.com/v1.0/users?$select=id%2cdisplayName%2cuserPrincipalName%2caccountEnabled%2cuserType%2csignInActivity%2cassignedLicenses%2ccreatedDateTime%2cmail&$top=999&$count=true&$skiptoken=m~AQAoOzI4NTc0ZjI0MGY2YTRmYjU5ZGJmNzVmNzRiZTQ3NDJlOzswOzA7Ow "HTTP/1.1 200 OK"
INFO:routers.jira:Jira bulk prefetch: fetched 1300 tickets so far
INFO:routers.jira:Jira bulk prefetch: fetched 1392 tickets so far
INFO:routers.jira:Jira bulk prefetch: 1392 tickets indexed, 2225 words
INFO:routers.scheduler:Scheduler: Jira prefetch complete. 1392 ticket(s) fetched. 14/476 device(s) have open tickets.
INFO:apscheduler.executors.default:Job "job_jira_prefetch (trigger: interval[0:30:00], next run at: 2026-05-12 20:13:32 CDT)" executed successfully
INFO:httpx:HTTP Request: GET https://graph.microsoft.com/v1.0/users?$select=id%2cdisplayName%2cuserPrincipalName%2caccountEnabled%2cuserType%2csignInActivity%2cassignedLicenses%2ccreatedDateTime%2cmail&$top=999&$count=true&$skiptoken=m~AQAoOzNiZTU2M2U2MjgxYjQzOTg5OTI1ZWE3OGI2ZGFlNWYwOzswOzA7Ow "HTTP/1.1 200 OK"
INFO:httpx:HTTP Request: GET https://graph.microsoft.com/v1.0/users?$select=id%2cdisplayName%2cuserPrincipalName%2caccountEnabled%2cuserType%2csignInActivity%2cassignedLicenses%2ccreatedDateTime%2cmail&$top=999&$count=true&$skiptoken=m~AQAoOzUxNGRhZmRhZTNhYTQ0NjY5MTFkZjEzMjIwMzI3NTI0OzswOzA7Ow "HTTP/1.1 200 OK"
INFO:routers.meraki:Meraki: fetched 638 clients.
INFO:routers.meraki:Meraki refresh complete. 11 networks, 215 devices, 19 uplink appliances, 638 recent clients.
INFO:apscheduler.executors.default:Job "job_meraki_refresh (trigger: interval[0:15:00], next run at: 2026-05-12 19:58:32 CDT)" executed successfully
INFO:httpx:HTTP Request: GET https://graph.microsoft.com/v1.0/users?$select=id%2cdisplayName%2cuserPrincipalName%2caccountEnabled%2cuserType%2csignInActivity%2cassignedLicenses%2ccreatedDateTime%2cmail&$top=999&$count=true&$skiptoken=m~AQAoOzY1N2E3MzRhZTM5NDQ0OTBiNzczNWExZjM5NGEzMjk4OzswOzA7Ow "HTTP/1.1 200 OK"
INFO:httpx:HTTP Request: GET https://graph.microsoft.com/v1.0/users?$select=id%2cdisplayName%2cuserPrincipalName%2caccountEnabled%2cuserType%2csignInActivity%2cassignedLicenses%2ccreatedDateTime%2cmail&$top=999&$count=true&$skiptoken=m~AQAoOzdhMjJmY2MwYjEzNzQ2NzZhZDI0OTJhNTQxOWNmYjgyOzswOzA7Ow "HTTP/1.1 200 OK"
INFO:httpx:HTTP Request: GET https://graph.microsoft.com/v1.0/users?$select=id%2cdisplayName%2cuserPrincipalName%2caccountEnabled%2cuserType%2csignInActivity%2cassignedLicenses%2ccreatedDateTime%2cmail&$top=999&$count=true&$skiptoken=m~AQAoOzhlMGVjM2JmNTUxMTRmNGY5ZGQ0Y2Y3ZDRhYWU0ZjFiOzswOzA7Ow "HTTP/1.1 200 OK"
INFO:httpx:HTTP Request: GET https://graph.microsoft.com/v1.0/users?$select=id%2cdisplayName%2cuserPrincipalName%2caccountEnabled%2cuserType%2csignInActivity%2cassignedLicenses%2ccreatedDateTime%2cmail&$top=999&$count=true&$skiptoken=m~AQAoO2ExNTRlMmU2NjAyMTQ1YTFhODM0NmIzM2E1NjBkZjBiOzswOzA7Ow "HTTP/1.1 200 OK"
INFO:httpx:HTTP Request: GET https://graph.microsoft.com/v1.0/users?$select=id%2cdisplayName%2cuserPrincipalName%2caccountEnabled%2cuserType%2csignInActivity%2cassignedLicenses%2ccreatedDateTime%2cmail&$top=999&$count=true&$skiptoken=m~AQAoO2I2NjdiOTA3NjhmZTQ3NDQ5ZDdjZDEwYzNkN2EzYjgyOzswOzA7Ow "HTTP/1.1 200 OK"
INFO:httpx:HTTP Request: GET https://graph.microsoft.com/v1.0/users?$select=id%2cdisplayName%2cuserPrincipalName%2caccountEnabled%2cuserType%2csignInActivity%2cassignedLicenses%2ccreatedDateTime%2cmail&$top=999&$count=true&$skiptoken=m~AQAoO2NhOTFiNWE2NGRiMjQ3NmRhYzZkYjNkYzc2MTZjNjQwOzswOzA7Ow "HTTP/1.1 200 OK"
INFO:httpx:HTTP Request: GET https://graph.microsoft.com/v1.0/users?$select=id%2cdisplayName%2cuserPrincipalName%2caccountEnabled%2cuserType%2csignInActivity%2cassignedLicenses%2ccreatedDateTime%2cmail&$top=999&$count=true&$skiptoken=m~AQAoO2RlZGQzNGI5YTA5ZDQ2YzdiZTFlNDU1NzliOTVmZTQ2OzswOzA7Ow "HTTP/1.1 200 OK"
INFO:httpx:HTTP Request: GET https://graph.microsoft.com/v1.0/users?$select=id%2cdisplayName%2cuserPrincipalName%2caccountEnabled%2cuserType%2csignInActivity%2cassignedLicenses%2ccreatedDateTime%2cmail&$top=999&$count=true&$skiptoken=m~AQAoO2YyZjVkNGYwYTVmNTQ4MTJiMGI5MGU4NzE4YjAzNTM5OzswOzA7Ow "HTTP/1.1 200 OK"
ERROR:routers.scheduler:Scheduler: OpManager devices error: database is locked
INFO:apscheduler.executors.default:Job "job_opmanager_devices (trigger: interval[0:15:00], next run at: 2026-05-12 19:58:32 CDT)" executed successfully
INFO:routers.scheduler:Scheduler: OpManager alerts updated. Count: 8875
INFO:routers.scheduler:Scheduler: Basic VM list updated.
INFO:apscheduler.executors.default:Job "job_basic_vms (trigger: interval[0:30:00], next run at: 2026-05-12 20:13:32 CDT)" executed successfully
INFO:routers.scheduler:Scheduler: Basic host list updated.
INFO:apscheduler.executors.default:Job "job_basic_hosts (trigger: interval[0:30:00], next run at: 2026-05-12 20:13:32 CDT)" executed successfully
INFO:routers.scheduler:Scheduler: Citrix updated. Machines: 687, Sessions: 268
INFO:apscheduler.executors.default:Job "job_citrix_summary (trigger: interval[1:00:00], next run at: 2026-05-12 20:43:32 CDT)" executed successfully
INFO:httpx:HTTP Request: GET https://graph.microsoft.com/v1.0/groups?%24select=id%2CdisplayName%2CgroupTypes%2CsecurityEnabled%2CmailEnabled%2CmembershipRule%2CcreatedDateTime&%24top=999 "HTTP/1.1 200 OK"
INFO:routers.jira:Jira bulk prefetch: fetched 100 tickets so far
INFO:routers.jira:Jira bulk prefetch: fetched 200 tickets so far
INFO:routers.jira:Jira bulk prefetch: fetched 300 tickets so far
INFO:httpx:HTTP Request: GET https://graph.microsoft.com/v1.0/groups?$select=id%2cdisplayName%2cgroupTypes%2csecurityEnabled%2cmailEnabled%2cmembershipRule%2ccreatedDateTime&$top=999&$skiptoken=RFNwdAIAAQAAACpHcm91cF8wZTMwNDVhMy0xOTIxLTQ0MTctOWMxNC1kZjRiMTFiYzVjNGQqR3JvdXBfMGUzMDQ1YTMtMTkyMS00NDE3LTljMTQtZGY0YjExYmM1YzRkAAAAAAAAAAAAAAA "HTTP/1.1 200 OK"
INFO:routers.jira:Jira bulk prefetch: fetched 400 tickets so far
INFO:httpx:HTTP Request: GET https://graph.microsoft.com/v1.0/groups?$select=id%2cdisplayName%2cgroupTypes%2csecurityEnabled%2cmailEnabled%2cmembershipRule%2ccreatedDateTime&$top=999&$skiptoken=RFNwdAIAACpHcm91cF8wZTMwNWQyOS1hMmUzLTQ3NTktODQ1NS0yOGE3ZmQxN2E0ZjIqR3JvdXBfMGUzMDVkMjktYTJlMy00NzU5LTg0NTUtMjhhN2ZkMTdhNGYyACpHcm91cF8xYzYzMzc5NS03MWNlLTRjOWQtYmI0OC0xMTJhYzI5ZmZkZDQqR3JvdXBfMWM2MzM3OTUtNzFjZS00YzlkLWJiNDgtMTEyYWMyOWZmZGQ0AAAAAAAAAAAAAAA "HTTP/1.1 200 OK"
INFO:routers.jira:Jira bulk prefetch: fetched 500 tickets so far
INFO:routers.jira:Jira bulk prefetch: fetched 600 tickets so far
INFO:httpx:HTTP Request: GET https://graph.microsoft.com/v1.0/groups?$select=id%2cdisplayName%2cgroupTypes%2csecurityEnabled%2cmailEnabled%2cmembershipRule%2ccreatedDateTime&$top=999&$skiptoken=RFNwdAIAACpHcm91cF8xYzY4NjEzNC1iY2Y4LTRhNDItOTJkNC1iZGI0ZGE5YTIxZGIqR3JvdXBfMWM2ODYxMzQtYmNmOC00YTQyLTkyZDQtYmRiNGRhOWEyMWRiACpHcm91cF8yOWJiOWNjMC00Y2Q1LTQ5YjMtYjAwZi00NjgyNzZiNzRmNDEqR3JvdXBfMjliYjljYzAtNGNkNS00OWIzLWIwMGYtNDY4Mjc2Yjc0ZjQxAAAAAAAAAAAAAAA "HTTP/1.1 200 OK"
INFO:routers.jira:Jira bulk prefetch: fetched 700 tickets so far
INFO:httpx:HTTP Request: GET https://graph.microsoft.com/v1.0/groups?$select=id%2cdisplayName%2cgroupTypes%2csecurityEnabled%2cmailEnabled%2cmembershipRule%2ccreatedDateTime&$top=999&$skiptoken=RFNwdAIAACpHcm91cF8yOWMwYTJiMi0yZTE0LTQ2OWEtYjE5Mi00MGJjYzVmYmNjYTUqR3JvdXBfMjljMGEyYjItMmUxNC00NjlhLWIxOTItNDBiY2M1ZmJjY2E1ACpHcm91cF8zNzExMWVhMC0xMjYwLTRjNjUtOWFjMS0yYWY2Mzk3NTY4ZDUqR3JvdXBfMzcxMTFlYTAtMTI2MC00YzY1LTlhYzEtMmFmNjM5NzU2OGQ1AAAAAAAAAAAAAAA "HTTP/1.1 200 OK"
INFO:routers.jira:Jira bulk prefetch: fetched 800 tickets so far
INFO:routers.jira:Jira bulk prefetch: fetched 900 tickets so far
INFO:httpx:HTTP Request: GET https://graph.microsoft.com/v1.0/groups?$select=id%2cdisplayName%2cgroupTypes%2csecurityEnabled%2cmailEnabled%2cmembershipRule%2ccreatedDateTime&$top=999&$skiptoken=RFNwdAIAACpHcm91cF8zNzFjZTkyZS1hZGI1LTQwMDUtOWNkOS1jZDQzZGU0ZjA3ODQqR3JvdXBfMzcxY2U5MmUtYWRiNS00MDA1LTljZDktY2Q0M2RlNGYwNzg0ACpHcm91cF80NDhiOTJjMi01NDQ2LTQ5MDItODRiZi1iMzdlOGJjOGVlZmMqR3JvdXBfNDQ4YjkyYzItNTQ0Ni00OTAyLTg0YmYtYjM3ZThiYzhlZWZjAAAAAAAAAAAAAAA "HTTP/1.1 200 OK"
INFO:routers.jira:Jira bulk prefetch: fetched 1000 tickets so far
INFO:httpx:HTTP Request: GET https://graph.microsoft.com/v1.0/groups?$select=id%2cdisplayName%2cgroupTypes%2csecurityEnabled%2cmailEnabled%2cmembershipRule%2ccreatedDateTime&$top=999&$skiptoken=RFNwdAIAACpHcm91cF80NDhkZjQ2Yi1lOTEzLTRkNGUtYTBkMC02Mzg2OTFiYmNlNGYqR3JvdXBfNDQ4ZGY0NmItZTkxMy00ZDRlLWEwZDAtNjM4NjkxYmJjZTRmACpHcm91cF81MWE1Y2FmNS1lMTkyLTQ4MTEtYmJiYS1iYmIzYjY2M2E5NDIqR3JvdXBfNTFhNWNhZjUtZTE5Mi00ODExLWJiYmEtYmJiM2I2NjNhOTQyAAAAAAAAAAAAAAA "HTTP/1.1 200 OK"
INFO:routers.jira:Jira bulk prefetch: fetched 1100 tickets so far
INFO:httpx:HTTP Request: GET https://graph.microsoft.com/v1.0/groups?$select=id%2cdisplayName%2cgroupTypes%2csecurityEnabled%2cmailEnabled%2cmembershipRule%2ccreatedDateTime&$top=999&$skiptoken=RFNwdAIAACpHcm91cF81MWE3YjQ4ZS02NmZiLTQ5YTEtYjQ1ZS1kMzZiZmRjOWI5OGUqR3JvdXBfNTFhN2I0OGUtNjZmYi00OWExLWI0NWUtZDM2YmZkYzliOThlACpHcm91cF81ZTY1MDBmMC1iNjJhLTRkNDMtOThjYS0wODk0YzIwNGY2ZWIqR3JvdXBfNWU2NTAwZjAtYjYyYS00ZDQzLTk4Y2EtMDg5NGMyMDRmNmViAAAAAAAAAAAAAAA "HTTP/1.1 200 OK"
INFO:routers.jira:Jira bulk prefetch: fetched 1200 tickets so far
INFO:routers.jira:Jira bulk prefetch: fetched 1300 tickets so far
INFO:httpx:HTTP Request: GET https://graph.microsoft.com/v1.0/groups?$select=id%2cdisplayName%2cgroupTypes%2csecurityEnabled%2cmailEnabled%2cmembershipRule%2ccreatedDateTime&$top=999&$skiptoken=RFNwdAIAACpHcm91cF81ZTY3N2M4Zi04N2I1LTQwMDktODJjZC04NDAyMWRlNTBjNTIqR3JvdXBfNWU2NzdjOGYtODdiNS00MDA5LTgyY2QtODQwMjFkZTUwYzUyACpHcm91cF82YzhjOGIxOS0wNTUyLTRhZGMtYWExMi0yN2U2NmViYjRjZjUqR3JvdXBfNmM4YzhiMTktMDU1Mi00YWRjLWFhMTItMjdlNjZlYmI0Y2Y1AAAAAAAAAAAAAAA "HTTP/1.1 200 OK"
INFO:routers.jira:Jira bulk prefetch: fetched 1392 tickets so far
INFO:routers.jira:Jira bulk prefetch: 1392 tickets indexed, 2225 words
INFO:routers.scheduler:Scheduler: Jira prefetch complete. 1392 ticket(s) fetched. 14/475 device(s) have open tickets.
INFO:apscheduler.executors.default:Job "job_opmanager_alerts (trigger: interval[0:05:00], next run at: 2026-05-12 19:48:32 CDT)" executed successfully
INFO:httpx:HTTP Request: GET https://graph.microsoft.com/v1.0/groups?$select=id%2cdisplayName%2cgroupTypes%2csecurityEnabled%2cmailEnabled%2cmembershipRule%2ccreatedDateTime&$top=999&$skiptoken=RFNwdAIAACpHcm91cF82YzhlMDAwNC05NDlkLTRhOWMtOTRhYy00MzU1MGNjZTdmZDAqR3JvdXBfNmM4ZTAwMDQtOTQ5ZC00YTljLTk0YWMtNDM1NTBjY2U3ZmQwACpHcm91cF83OWRiYjQ0Zi05YTgxLTQwOWEtOWFhMS03Yjk0ZmZmOGI4OWYqR3JvdXBfNzlkYmI0NGYtOWE4MS00MDlhLTlhYTEtN2I5NGZmZjhiODlmAAAAAAAAAAAAAAA "HTTP/1.1 200 OK"
INFO:httpx:HTTP Request: GET https://graph.microsoft.com/v1.0/groups?$select=id%2cdisplayName%2cgroupTypes%2csecurityEnabled%2cmailEnabled%2cmembershipRule%2ccreatedDateTime&$top=999&$skiptoken=RFNwdAIAACpHcm91cF83OWRjZWQ1MS1iYjQ0LTRmYWMtOTlkOC00OTUzZjMzOTZlZDUqR3JvdXBfNzlkY2VkNTEtYmI0NC00ZmFjLTk5ZDgtNDk1M2YzMzk2ZWQ1ACpHcm91cF84NzE4Y2MzYy04ZmQzLTRjZGYtOWNiZi0wM2ExY2FmYjcyYWEqR3JvdXBfODcxOGNjM2MtOGZkMy00Y2RmLTljYmYtMDNhMWNhZmI3MmFhAAAAAAAAAAAAAAA "HTTP/1.1 200 OK"
INFO:httpx:HTTP Request: GET https://graph.microsoft.com/v1.0/groups?$select=id%2cdisplayName%2cgroupTypes%2csecurityEnabled%2cmailEnabled%2cmembershipRule%2ccreatedDateTime&$top=999&$skiptoken=RFNwdAIAACpHcm91cF84NzFkYmJjOS1iZTUzLTRhNWQtOTNiOS1jNmFjY2FlZDJhODEqR3JvdXBfODcxZGJiYzktYmU1My00YTVkLTkzYjktYzZhY2NhZWQyYTgxACpHcm91cF85NTA0NTUwOS1kMThmLTQ2ZTgtYmJkMy1kYjhjOWFhZDA3ZTcqR3JvdXBfOTUwNDU1MDktZDE4Zi00NmU4LWJiZDMtZGI4YzlhYWQwN2U3AAAAAAAAAAAAAAA "HTTP/1.1 200 OK"
INFO:httpx:HTTP Request: GET https://graph.microsoft.com/v1.0/groups?$select=id%2cdisplayName%2cgroupTypes%2csecurityEnabled%2cmailEnabled%2cmembershipRule%2ccreatedDateTime&$top=999&$skiptoken=RFNwdAIAACpHcm91cF85NTA4YWE4Zi1mODE4LTQ3NzAtOTBkMS1kNjkxYzM1ZTkxMmMqR3JvdXBfOTUwOGFhOGYtZjgxOC00NzcwLTkwZDEtZDY5MWMzNWU5MTJjACpHcm91cF9hMjNmYjdjZC01NTUxLTRiMDItYTUyYy1mMzc0NjZhNzlkNTUqR3JvdXBfYTIzZmI3Y2QtNTU1MS00YjAyLWE1MmMtZjM3NDY2YTc5ZDU1AAAAAAAAAAAAAAA "HTTP/1.1 200 OK"
INFO:httpx:HTTP Request: GET https://graph.microsoft.com/v1.0/groups?$select=id%2cdisplayName%2cgroupTypes%2csecurityEnabled%2cmailEnabled%2cmembershipRule%2ccreatedDateTime&$top=999&$skiptoken=RFNwdAIAACpHcm91cF9hMjNmZTVjMy0xOGUzLTRjMzktYjhjMi03Y2EyMmQ5ZmE0NzIqR3JvdXBfYTIzZmU1YzMtMThlMy00YzM5LWI4YzItN2NhMjJkOWZhNDcyACpHcm91cF9hZjQyZWI5Zi05YTUwLTRlMjYtYmQxOS01NzUxMTM5ZDdkMWUqR3JvdXBfYWY0MmViOWYtOWE1MC00ZTI2LWJkMTktNTc1MTEzOWQ3ZDFlAAAAAAAAAAAAAAA "HTTP/1.1 200 OK"
INFO:httpx:HTTP Request: GET https://graph.microsoft.com/v1.0/groups?$select=id%2cdisplayName%2cgroupTypes%2csecurityEnabled%2cmailEnabled%2cmembershipRule%2ccreatedDateTime&$top=999&$skiptoken=RFNwdAIAACpHcm91cF9hZjQ1M2NkNy0yMWQ3LTRhOWUtYjY1Mi1hMGZlODgyODYyYWUqR3JvdXBfYWY0NTNjZDctMjFkNy00YTllLWI2NTItYTBmZTg4Mjg2MmFlACpHcm91cF9iY2NlYjE3OC00MTY0LTQ5MGEtODJlZi05OGFhYTVjNzQxNTQqR3JvdXBfYmNjZWIxNzgtNDE2NC00OTBhLTgyZWYtOThhYWE1Yzc0MTU0AAAAAAAAAAAAAAA "HTTP/1.1 200 OK"
INFO:httpx:HTTP Request: GET https://graph.microsoft.com/v1.0/groups?$select=id%2cdisplayName%2cgroupTypes%2csecurityEnabled%2cmailEnabled%2cmembershipRule%2ccreatedDateTime&$top=999&$skiptoken=RFNwdAIAACpHcm91cF9iY2QyY2E5OC0yZjk4LTRiYWEtYmZkMy1iZGFiNWViMGU3YzAqR3JvdXBfYmNkMmNhOTgtMmY5OC00YmFhLWJmZDMtYmRhYjVlYjBlN2MwACpHcm91cF9jYTY2MjlmMS1lMGJhLTQwNGYtODM4Mi04MTBiZDJiNTE3MmYqR3JvdXBfY2E2NjI5ZjEtZTBiYS00MDRmLTgzODItODEwYmQyYjUxNzJmAAAAAAAAAAAAAAA "HTTP/1.1 200 OK"
INFO:httpx:HTTP Request: GET https://graph.microsoft.com/v1.0/groups?$select=id%2cdisplayName%2cgroupTypes%2csecurityEnabled%2cmailEnabled%2cmembershipRule%2ccreatedDateTime&$top=999&$skiptoken=RFNwdAIAACpHcm91cF9jYTY3MDFiNy0xODg4LTQ0MzMtYTZhOC0zMWZjNDg2OTk4ODMqR3JvdXBfY2E2NzAxYjctMTg4OC00NDMzLWE2YTgtMzFmYzQ4Njk5ODgzACpHcm91cF9kN2JjZWIwZC00MDJmLTRiOWUtODdhZS01YjE2YWQ3MDE4ODgqR3JvdXBfZDdiY2ViMGQtNDAyZi00YjllLTg3YWUtNWIxNmFkNzAxODg4AAAAAAAAAAAAAAA "HTTP/1.1 200 OK"
INFO:httpx:HTTP Request: GET https://graph.microsoft.com/v1.0/groups?$select=id%2cdisplayName%2cgroupTypes%2csecurityEnabled%2cmailEnabled%2cmembershipRule%2ccreatedDateTime&$top=999&$skiptoken=RFNwdAIAACpHcm91cF9kN2JkMmQzOC03N2I2LTQ5M2YtYjZmMS01ZmY0OTcyMjE4MzcqR3JvdXBfZDdiZDJkMzgtNzdiNi00OTNmLWI2ZjEtNWZmNDk3MjIxODM3ACpHcm91cF9lNGIwMjM0Ni03NmNlLTQ1MTctYjU0NS04YWIxNzkwNjljNGYqR3JvdXBfZTRiMDIzNDYtNzZjZS00NTE3LWI1NDUtOGFiMTc5MDY5YzRmAAAAAAAAAAAAAAA "HTTP/1.1 200 OK"
INFO:httpx:HTTP Request: GET https://graph.microsoft.com/v1.0/groups?$select=id%2cdisplayName%2cgroupTypes%2csecurityEnabled%2cmailEnabled%2cmembershipRule%2ccreatedDateTime&$top=999&$skiptoken=RFNwdAIAACpHcm91cF9lNGJkNDk1MS05MjQzLTQ3MzUtODU4OC0yODFkM2Q4YzZmYzUqR3JvdXBfZTRiZDQ5NTEtOTI0My00NzM1LTg1ODgtMjgxZDNkOGM2ZmM1ACpHcm91cF9mMjI3OGJkZC0zYjlmLTRmMDYtOWM5Ny0yZDQ3M2JlYTE3NjcqR3JvdXBfZjIyNzhiZGQtM2I5Zi00ZjA2LTljOTctMmQ0NzNiZWExNzY3AAAAAAAAAAAAAAA "HTTP/1.1 200 OK"
INFO:httpx:HTTP Request: GET https://graph.microsoft.com/v1.0/groups?$select=id%2cdisplayName%2cgroupTypes%2csecurityEnabled%2cmailEnabled%2cmembershipRule%2ccreatedDateTime&$top=999&$skiptoken=RFNwdAIAACpHcm91cF9mMjJlNGVjMy01NGY1LTRhYzgtOTIyMS1lNjNkNDlhYWE3MTEqR3JvdXBfZjIyZTRlYzMtNTRmNS00YWM4LTkyMjEtZTYzZDQ5YWFhNzExACpHcm91cF9mZjgxZmJhNS1lN2M2LTQ1OWQtOGI0ZS1kNGNlOTBjNzFiMjAqR3JvdXBfZmY4MWZiYTUtZTdjNi00NTlkLThiNGUtZDRjZTkwYzcxYjIwAAAAAAAAAAAAAAA "HTTP/1.1 200 OK"
INFO:httpx:HTTP Request: GET https://graph.microsoft.com/v1.0/applications?%24select=id%2CdisplayName%2CappId%2CcreatedDateTime%2CpasswordCredentials%2CkeyCredentials%2CsignInAudience&%24top=999 "HTTP/1.1 200 OK"
INFO:httpx:HTTP Request: GET https://graph.microsoft.com/v1.0/reports/getMailboxUsageDetail(period='D30') "HTTP/1.1 302 Found"
INFO:httpx:HTTP Request: GET https://reportsncu.office.com/data/v1.0/download?token=eyJhbGciOiJSUzI1NiIsImtpZCI6IkY5QjU0NEU5N0Y1OERGOUM2RUNBQTVERTYyOEQ5RDgwNEE1M0YzRUEiLCJ0eXAiOiJKV1QifQ.eyJ0aWQiOiJjMGQ5YTE1OS0xOGFiLTRjMzEtYTVhNS1mNGQwYjgwNWRlN2QiLCJlbnQiOiJnZXRNYWlsYm94VXNhZ2VEZXRhaWwiLCJhcHAiOiI4NmNkOWVjZi00YTE3LTQ1NGYtYjY5ZC04N2JjNDQ4NGUyZjEiLCJjaWQiOiJGN0JBQTUzQjQ1QzA0RkJFOTY1MjgwNjMyNDlEQkZFNiIsImd2ZXIiOiJWMSIsImFnZyI6Ik0zMCIsImRhdGUiOiIiLCJ0dmVyIjoiVjEuMCIsInJlcSI6InJlcG9ydHNuY3Uub2ZmaWNlLmNvbSIsInBvciI6IjQ0MyIsIm5iZiI6MTc3ODYzMzA4MCwiZXhwIjoxNzc4NjMzMjAwLCJpYXQiOjE3Nzg2MzMwODAsImlzcyI6IjUwN2JjOWRhLWM0ZTItNDBjYi05NmE3LWFjOTBkZjkyNjg1YyIsImF1ZCI6InJlcG9ydHNuY3Uub2ZmaWNlLmNvbSJ9.tMeDz3vZhzVXfQStg4iZyyp6jwrbla_tTcQ60FvdNDT3EZavl4Ne9NlpVk8MOz4ELvGLRckhk3__w8s0JRlJxKB4Wn_wuCLoKNtY7mkLgEwPa9VdRtsPltFPNW7Yr-CoWyXWR_DyVOhtgCaFA636bji6Jg-txKPFIDGV9ts3tOmwCBR9vdLZluo69vKmlhHHYvfEp4qMkyXupZkxYzIJOiBTeb2RhRuJsvYlUYHs4kB_TV28mdcXPiRLUfb6-7SWjGAPrnPfQBBWQ95-7gIE5HtgYCMWnspkZpRdlXkEe80QiLJKU10MyeQpyCnmpxz-M1k37f6VzI5Ce1V2QcAzbw "HTTP/1.1 200 OK"
INFO:httpx:HTTP Request: GET https://graph.microsoft.com/v1.0/identityProtection/riskyUsers?%24filter=riskState+ne+%27dismissed%27+and+riskState+ne+%27remediated%27&%24top=50 "HTTP/1.1 200 OK"
INFO:httpx:HTTP Request: GET https://graph.microsoft.com/v1.0/identityProtection/riskyUsers?$filter=riskState+ne+%27dismissed%27+and+riskState+ne+%27remediated%27&$top=50&$skiptoken=b25dc8c5ddc9e4d4c2f78c895532ca1bd44c633c3e9c36a5ae32f57cb754b2c5_50 "HTTP/1.1 200 OK"
INFO:httpx:HTTP Request: GET https://graph.microsoft.com/v1.0/identityProtection/riskyUsers?$filter=riskState+ne+%27dismissed%27+and+riskState+ne+%27remediated%27&$top=50&$skiptoken=f5466fe606d6eb2096da31b7df87800030c335d9a82cea5481b5b206b00b4731_100 "HTTP/1.1 200 OK"
INFO:httpx:HTTP Request: GET https://graph.microsoft.com/v1.0/identityProtection/riskyUsers?$filter=riskState+ne+%27dismissed%27+and+riskState+ne+%27remediated%27&$top=50&$skiptoken=daa1d6e638699b8393543c18a5d95e780ca78bd1cdfbe41819f2210709a52758_150 "HTTP/1.1 200 OK"
INFO:httpx:HTTP Request: GET https://graph.microsoft.com/v1.0/identityProtection/riskyUsers?$filter=riskState+ne+%27dismissed%27+and+riskState+ne+%27remediated%27&$top=50&$skiptoken=48532368cca2ab6305a08d455509bc825823bab84df6b82b56d5a1ddd2c55075_200 "HTTP/1.1 200 OK"
INFO:httpx:HTTP Request: GET https://graph.microsoft.com/v1.0/identityProtection/riskyUsers?$filter=riskState+ne+%27dismissed%27+and+riskState+ne+%27remediated%27&$top=50&$skiptoken=2a1a546cff2d8583644ec352c9dbe77aa7fbf4cd1101928b105352ce99274d17_250 "HTTP/1.1 200 OK"
INFO:httpx:HTTP Request: GET https://graph.microsoft.com/v1.0/identityProtection/riskyUsers?$filter=riskState+ne+%27dismissed%27+and+riskState+ne+%27remediated%27&$top=50&$skiptoken=ceb80fceed721448bb58ab6fa889d94f1e9a9482a372a7539d2b152e21e7d366_300 "HTTP/1.1 200 OK"
INFO:httpx:HTTP Request: GET https://graph.microsoft.com/v1.0/identityProtection/riskyUsers?$filter=riskState+ne+%27dismissed%27+and+riskState+ne+%27remediated%27&$top=50&$skiptoken=45716480b8864a27b9fa459957513bd47942abb343e15d0aa83a518805e08496_350 "HTTP/1.1 200 OK"
INFO:httpx:HTTP Request: GET https://graph.microsoft.com/v1.0/identityProtection/riskyUsers?$filter=riskState+ne+%27dismissed%27+and+riskState+ne+%27remediated%27&$top=50&$skiptoken=0d5d45bf756d05ccd6d144202344a53c5bf1e9839b8cf47e97c67d2fbf8c6287_400 "HTTP/1.1 200 OK"
INFO:httpx:HTTP Request: GET https://graph.microsoft.com/v1.0/identityProtection/riskyUsers?$filter=riskState+ne+%27dismissed%27+and+riskState+ne+%27remediated%27&$top=50&$skiptoken=a3d6ada2ad8a8d670d75e5520c3d3887064bc0391d484fbc962920535de8269d_450 "HTTP/1.1 200 OK"
INFO:httpx:HTTP Request: GET https://graph.microsoft.com/v1.0/identityProtection/riskyUsers?$filter=riskState+ne+%27dismissed%27+and+riskState+ne+%27remediated%27&$top=50&$skiptoken=f23abe2431fa771fd3a0c207c861ec578f384174d38ec1487578300db014c2cd_500 "HTTP/1.1 200 OK"
INFO:httpx:HTTP Request: GET https://graph.microsoft.com/v1.0/identityProtection/riskyUsers?$filter=riskState+ne+%27dismissed%27+and+riskState+ne+%27remediated%27&$top=50&$skiptoken=d04a3430e0b0ef32dd6fdcab0874146bfddea7c36ffcc38186564f6e1d509928_550 "HTTP/1.1 200 OK"
INFO:httpx:HTTP Request: GET https://graph.microsoft.com/v1.0/identity/conditionalAccess/policies "HTTP/1.1 200 OK"
INFO:routers.entra:Entra refresh complete: {'licenses': 38, 'users': 12608, 'groups': 19023, 'apps': 356, 'mailbox': 5041, 'risky': 584, 'ca_policies': 25}
INFO:routers.scheduler:Scheduler: Entra refresh complete: {'licenses': 38, 'users': 12608, 'groups': 19023, 'apps': 356, 'mailbox': 5041, 'risky': 584, 'ca_policies': 25}
INFO:apscheduler.executors.default:Job "job_entra_refresh (trigger: interval[1:00:00], next run at: 2026-05-12 20:43:32 CDT)" executed successfully
INFO:apscheduler.executors.default:Running job "job_opmanager_alerts (trigger: interval[0:05:00], next run at: 2026-05-12 19:53:32 CDT)" (scheduled at 2026-05-12 19:48:32.794473-05:00)
INFO:routers.scheduler:Scheduler: Refreshing OpManager alerts...
INFO:routers.scheduler:Scheduler: OpManager alerts updated. Count: 8875
INFO:routers.jira:Jira bulk prefetch: fetched 100 tickets so far
INFO:routers.jira:Jira bulk prefetch: fetched 200 tickets so far
INFO:routers.jira:Jira bulk prefetch: fetched 300 tickets so far
INFO:routers.jira:Jira bulk prefetch: fetched 400 tickets so far
INFO:routers.jira:Jira bulk prefetch: fetched 500 tickets so far
INFO:routers.jira:Jira bulk prefetch: fetched 600 tickets so far
INFO:routers.jira:Jira bulk prefetch: fetched 700 tickets so far
INFO:routers.jira:Jira bulk prefetch: fetched 800 tickets so far
INFO:routers.jira:Jira bulk prefetch: fetched 900 tickets so far
INFO:routers.jira:Jira bulk prefetch: fetched 1000 tickets so far
INFO:routers.jira:Jira bulk prefetch: fetched 1100 tickets so far
INFO:routers.jira:Jira bulk prefetch: fetched 1200 tickets so far
INFO:routers.jira:Jira bulk prefetch: fetched 1300 tickets so far
INFO:routers.jira:Jira bulk prefetch: fetched 1392 tickets so far
INFO:routers.jira:Jira bulk prefetch: 1392 tickets indexed, 2225 words
INFO:routers.scheduler:Scheduler: Jira prefetch complete. 1392 ticket(s) fetched. 14/475 device(s) have open tickets.
INFO:apscheduler.executors.default:Job "job_opmanager_alerts (trigger: interval[0:05:00], next run at: 2026-05-12 19:53:32 CDT)" executed successfully
INFO:apscheduler.executors.default:Running job "job_opmanager_alerts (trigger: interval[0:05:00], next run at: 2026-05-12 19:58:32 CDT)" (scheduled at 2026-05-12 19:53:32.794473-05:00)
INFO:routers.scheduler:Scheduler: Refreshing OpManager alerts...
INFO:routers.scheduler:Scheduler: OpManager alerts updated. Count: 8877
INFO:routers.jira:Jira bulk prefetch: fetched 100 tickets so far
INFO:routers.jira:Jira bulk prefetch: fetched 200 tickets so far
INFO:routers.jira:Jira bulk prefetch: fetched 300 tickets so far
INFO:routers.jira:Jira bulk prefetch: fetched 400 tickets so far
INFO:routers.jira:Jira bulk prefetch: fetched 500 tickets so far
INFO:routers.jira:Jira bulk prefetch: fetched 600 tickets so far
INFO:routers.jira:Jira bulk prefetch: fetched 700 tickets so far
INFO:routers.jira:Jira bulk prefetch: fetched 800 tickets so far
INFO:routers.jira:Jira bulk prefetch: fetched 900 tickets so far
INFO:routers.jira:Jira bulk prefetch: fetched 1000 tickets so far
INFO:routers.jira:Jira bulk prefetch: fetched 1100 tickets so far
INFO:routers.jira:Jira bulk prefetch: fetched 1200 tickets so far
INFO:routers.jira:Jira bulk prefetch: fetched 1300 tickets so far
INFO:routers.jira:Jira bulk prefetch: fetched 1392 tickets so far
INFO:routers.jira:Jira bulk prefetch: 1392 tickets indexed, 2225 words
INFO:routers.scheduler:Scheduler: Jira prefetch complete. 1392 ticket(s) fetched. 13/473 device(s) have open tickets.
INFO:apscheduler.executors.default:Job "job_opmanager_alerts (trigger: interval[0:05:00], next run at: 2026-05-12 19:58:32 CDT)" executed successfully
